experiment,date,day_index,slot,timestamp,replicate,treatment,ph,ec,tds,water_temp,humidity,air_temp,co2,air_temp_day_mean,air_temp_day_min,air_temp_day_max,humidity_day_mean,co2_day_mean,hours_logged,ph_prev,ph_delta,ph_roll3,ec_prev,ec_delta,ec_roll3,water_temp_prev,water_temp_delta,water_temp_roll3,lux_meter,label,label_next
EXP.1,2024-03-19,10,10:00,2024-03-19 10:00:00,R1T2,T2,5.2,1.87,0.935,25.4,54.42,26.66,437.08,18.850416666666664,12.59,28.13,59.45541666666667,459.2029166666667,24.0,5.2,0.0,5.166666666666667,1.91,-0.039999999999999813,1.89,24.7,0.6999999999999993,25.0,75050.0,pH_Low,pH_Low
EXP.1,2024-03-22,13,14:00,2024-03-22 14:00:00,R1T1,T1,5.8,1.87,0.935,24.7,49.81,23.95,406.99,18.142083333333336,10.66,25.6,57.46875,456.0833333333333,24.0,5.8,0.0,5.8,1.86,0.010000000000000009,1.8666666666666665,25.1,-0.40000000000000213,23.8,,Humidity_Low,Humidity_Low
EXP.2,2024-05-08,26,14:00,2024-05-08 14:00:00,R3T1,T1,6.3,1.89,0.945,18.9,51.53,21.89,427.53,19.66208333333333,15.98,25.36,55.39083333333334,451.8008333333333,24.0,6.5,-0.20000000000000018,6.233333333333333,2.31,-0.42000000000000015,2.1666666666666665,18.3,0.5999999999999979,18.933333333333334,3772.0,Normal,Normal
EXP.1,2024-03-14,5,10:00,2024-03-14 10:00:00,R2T2,T2,5.9,2.0,1.0,22.9,54.44,22.36,425.7,19.02125,13.28,25.03,59.577916666666674,449.6683333333333,24.0,5.9,0.0,5.9,2.01,-0.009999999999999787,2.013333333333333,25.4,-2.5,23.566666666666663,,Normal,Normal
EXP.1,2024-03-20,11,14:00,2024-03-20 14:00:00,R3T2,T2,5.8,1.75,0.875,26.7,51.07,22.97,424.04,18.465833333333332,10.63,26.32,57.98916666666667,471.80041666666665,24.0,5.4,0.39999999999999947,5.633333333333334,1.84,-0.09000000000000008,1.7833333333333334,26.1,0.5999999999999979,26.7,,WaterTemp_High,Normal
EXP.1,2024-03-15,6,10:00,2024-03-15 10:00:00,R1T1,T1,5.8,1.94,0.97,24.3,47.81,26.82,407.63,19.426666666666666,11.81,29.17,54.786249999999995,447.69416666666666,24.0,6.0,-0.20000000000000018,5.933333333333334,1.93,0.010000000000000009,1.93,26.0,-1.6999999999999993,25.633333333333336,,Humidity_Low,Normal
EXP.1,2024-03-20,11,10:00,2024-03-20 10:00:00,R1T1,T1,5.4,1.9,0.95,22.2,51.46,22.97,436.88,18.465833333333332,10.63,26.32,57.98916666666667,471.80041666666665,24.0,5.6,-0.1999999999999993,5.533333333333332,1.89,0.010000000000000009,1.89,25.1,-2.900000000000002,23.3,36200.0,pH_Low,Normal
EXP.3,2024-05-23,3,10:00,2024-05-23 10:00:00,R2T2,T2,7.6,1.76,0.88,22.5,58.77,27.08,448.88,25.587500000000002,23.22,30.39,61.07333333333333,448.56375,24.0,7.7,-0.10000000000000053,7.633333333333333,2.5,-0.74,2.2533333333333334,21.2,1.3000000000000007,22.3,1664.0,pH_High,pH_High
EXP.1,2024-03-20,11,10:00,2024-03-20 10:00:00,R2T2,T2,5.4,1.99,0.995,22.1,51.46,22.97,436.88,18.465833333333332,10.63,26.32,57.98916666666667,471.80041666666665,24.0,5.7,-0.2999999999999998,5.633333333333333,1.94,0.050000000000000044,1.9633333333333332,23.0,-0.8999999999999986,22.633333333333336,36200.0,pH_Low,Normal
EXP.1,2024-03-22,13,14:00,2024-03-22 14:00:00,R3T1,T1,5.8,1.87,0.935,24.7,49.81,23.95,406.99,18.142083333333336,10.66,25.6,57.46875,456.0833333333333,24.0,5.9,-0.10000000000000053,5.866666666666667,1.86,0.010000000000000009,1.8733333333333333,23.9,0.8000000000000007,24.13333333333333,,Humidity_Low,Humidity_Low
EXP.3,2024-05-23,3,14:00,2024-05-23 14:00:00,R3T1,T1,7.3,2.0,1.0,23.8,54.77,27.05,431.44,25.587500000000002,23.22,30.39,61.07333333333333,448.56375,24.0,7.2,0.09999999999999964,7.2,1.75,0.25,2.0999999999999996,22.5,1.3000000000000007,22.599999999999998,33360.0,pH_High,pH_High
EXP.2,2024-04-26,14,14:00,2024-04-26 14:00:00,R3T2,T2,5.6,2.23,1.115,27.0,55.75,23.24,436.06,22.731739130434786,18.97,27.27,60.44869565217391,453.9904347826087,23.0,5.5,0.09999999999999964,5.533333333333332,2.25,-0.020000000000000018,2.2466666666666666,23.8,3.1999999999999993,26.133333333333336,46260.0,WaterTemp_High,Normal
EXP.1,2024-04-04,26,14:00,2024-04-04 14:00:00,R1T1,T1,6.1,1.76,,28.7,46.64,25.53,419.54,25.20266666666667,17.74,37.27,50.618,444.90333333333336,15.0,6.2,-0.10000000000000053,6.099999999999999,1.63,0.13000000000000012,1.6733333333333331,27.1,1.5999999999999979,26.866666666666664,69530.0,Multiple_Stress,
EXP.1,2024-03-27,18,10:00,2024-03-27 10:00:00,R1T2,T2,6.2,1.77,0.885,25.5,49.17,25.06,441.42,21.109583333333333,16.16,26.28,55.38833333333333,450.795,24.0,5.8,0.40000000000000036,5.8999999999999995,1.81,-0.040000000000000036,1.79,25.2,0.3000000000000007,24.933333333333334,79530.0,Humidity_Low,Multiple_Stress
EXP.2,2024-04-20,8,14:00,2024-04-20 14:00:00,R1T1,T1,6.1,1.79,0.895,28.3,49.29,26.91,418.79,22.569999999999997,16.61,29.55,57.791666666666664,447.3833333333334,24.0,5.9,0.1999999999999993,6.033333333333332,1.79,0.0,1.7933333333333332,22.8,5.5,26.3,,Multiple_Stress,Normal
EXP.2,2024-04-16,4,10:00,2024-04-16 10:00:00,R3T2,T2,6.9,1.8,0.9,25.3,57.77,28.28,485.7,24.50857142857143,19.07,28.57,57.79714285714285,455.0364285714286,14.0,7.1,-0.1999999999999993,6.966666666666666,2.2,-0.40000000000000013,2.0433333333333334,21.2,4.100000000000001,21.900000000000002,7750.0,Normal,Multiple_Stress
EXP.1,2024-03-16,7,14:00,2024-03-16 14:00:00,R3T1,T1,5.9,2.02,1.01,24.1,51.83,25.06,418.29,19.078333333333333,13.63,26.09,57.51125,455.28416666666664,24.0,5.7,0.20000000000000018,5.766666666666667,2.03,-0.009999999999999787,2.02,23.7,0.40000000000000213,24.2,,Normal,pH_Low
EXP.3,2024-06-08,19,14:00,2024-06-08 14:00:00,R3T1,T1,6.1,2.88,1.44,25.0,57.39,30.61,437.68,26.795833333333334,23.75,31.0,63.401250000000005,459.2945833333333,24.0,6.0,0.09999999999999964,6.366666666666667,2.9,-0.020000000000000018,2.4766666666666666,22.6,2.3999999999999986,23.266666666666666,,Multiple_Stress,EC_High
EXP.2,2024-04-23,11,10:00,2024-04-23 10:00:00,R2T1,T1,5.5,1.71,0.855,24.5,47.19,30.0,442.42,24.49625,17.34,34.79,53.95791666666667,456.20625,24.0,5.9,-0.40000000000000036,5.8,1.71,0.0,1.71,25.6,-1.1000000000000014,24.633333333333336,70360.0,Humidity_Low,Multiple_Stress
EXP.3,2024-06-13,24,14:00,2024-06-13 14:00:00,R1T1,T1,7.3,3.16,1.58,25.2,57.17,30.33,437.98,26.022916666666664,22.96,30.33,65.69125,447.28833333333336,24.0,7.2,0.09999999999999964,7.133333333333333,2.87,0.29000000000000004,3.0433333333333334,22.5,2.6999999999999993,23.966666666666665,23550.0,Multiple_Stress,Multiple_Stress
EXP.1,2024-03-15,6,10:00,2024-03-15 10:00:00,R1T1,T1,5.8,1.94,0.97,24.3,47.81,26.82,407.63,19.426666666666666,11.81,29.17,54.786249999999995,447.69416666666666,24.0,6.0,-0.20000000000000018,5.933333333333334,1.93,0.010000000000000009,1.93,26.0,-1.6999999999999993,25.633333333333336,,Humidity_Low,Normal
EXP.2,2024-04-14,2,14:00,2024-04-14 14:00:00,R3T1,T1,7.1,1.95,0.975,20.6,64.2,25.3,,,,,,,,6.8,0.2999999999999998,6.866666666666667,1.9,0.050000000000000044,1.9266666666666665,18.1,2.5,18.900000000000002,12720.0,pH_High,Normal
EXP.1,2024-03-11,2,10:00,2024-03-11 10:00:00,R3T1,T1,5.6,2.02,1.01,18.9,48.4,24.34,425.57,17.557916666666667,9.81,25.72,55.17083333333333,448.75083333333333,24.0,6.9,-1.3000000000000007,6.25,1.56,0.45999999999999996,1.79,22.3,-3.400000000000002,20.6,50330.0,Humidity_Low,Humidity_Low
EXP.2,2024-04-30,18,14:00,2024-04-30 14:00:00,R2T1,T1,6.2,1.64,0.82,26.2,57.39,24.31,440.96,22.271666666666665,18.46,26.36,62.16041666666666,453.81333333333333,24.0,6.2,0.0,6.233333333333334,1.64,0.0,1.66,23.2,3.0,24.866666666666664,37780.0,WaterTemp_High,Normal
EXP.3,2024-06-09,20,10:00,2024-06-09 10:00:00,R2T1,T1,6.3,3.05,1.525,21.9,63.88,27.41,442.02,25.879583333333333,23.42,28.86,65.02166666666666,441.12166666666667,24.0,6.2,0.09999999999999964,6.233333333333333,3.05,0.0,3.05,25.1,-3.200000000000003,23.233333333333334,,EC_High,EC_High
EXP.3,2024-05-23,3,10:00,2024-05-23 10:00:00,R3T1,T1,7.2,1.75,0.875,22.5,58.77,27.08,448.88,25.587500000000002,23.22,30.39,61.07333333333333,448.56375,24.0,7.1,0.10000000000000053,7.266666666666667,2.55,-0.7999999999999998,2.143333333333333,21.5,1.0,22.100000000000005,1664.0,pH_High,pH_High
EXP.3,2024-05-23,3,14:00,2024-05-23 14:00:00,R1T2,T2,7.6,1.79,0.895,24.0,54.77,27.05,431.44,25.587500000000002,23.22,30.39,61.07333333333333,448.56375,24.0,7.6,0.0,7.566666666666666,1.73,0.06000000000000005,2.1066666666666665,22.1,1.8999999999999986,22.46666666666667,33360.0,pH_High,pH_High
EXP.3,2024-05-22,2,10:00,2024-05-22 10:00:00,R2T1,T1,7.2,2.63,1.315,21.7,58.98,26.31,442.47,25.58583333333333,23.05,28.88,60.81166666666667,445.5541666666666,24.0,7.1,0.10000000000000053,7.166666666666667,2.62,0.009999999999999787,2.6233333333333335,22.8,-1.1000000000000014,21.933333333333334,1944.0,Multiple_Stress,Normal
EXP.1,2024-03-12,3,10:00,2024-03-12 10:00:00,R1T2,T2,5.4,1.98,0.99,21.4,50.18,23.12,411.77,17.968125,11.27,25.45,57.156875,432.4475,16.0,5.4,0.0,5.466666666666666,1.94,0.040000000000000036,1.9533333333333331,22.5,-1.1000000000000014,20.833333333333332,60540.0,pH_Low,pH_Low
EXP.1,2024-04-01,23,14:00,2024-04-01 14:00:00,R3T1,T1,6.9,1.29,0.645,26.7,52.18,26.42,410.96,22.912499999999998,17.47,30.8,57.57416666666666,448.78541666666666,24.0,6.6,0.3000000000000007,6.75,1.64,-0.34999999999999987,1.4649999999999999,25.4,1.3000000000000007,26.049999999999997,,WaterTemp_High,Normal
EXP.2,2024-04-22,10,14:00,2024-04-22 14:00:00,R2T1,T1,5.9,1.71,0.855,25.6,46.81,27.06,427.15,22.242083333333337,16.06,27.87,56.00833333333333,462.3645833333333,24.0,6.0,-0.09999999999999964,6.033333333333334,1.71,0.0,1.7166666666666668,23.8,1.8000000000000007,25.066666666666666,79490.0,Humidity_Low,Humidity_Low
EXP.2,2024-04-19,7,14:00,2024-04-19 14:00:00,R2T1,T1,5.9,1.76,0.88,27.6,50.41,26.37,425.01,22.238333333333333,17.55,28.12,58.35375,454.3254166666666,24.0,6.2,-0.2999999999999998,6.266666666666667,1.79,-0.030000000000000027,1.7666666666666666,25.0,2.6000000000000014,26.133333333333336,,WaterTemp_High,Normal
EXP.1,2024-03-11,2,14:00,2024-03-11 14:00:00,R1T2,T2,5.4,1.94,0.97,22.5,48.13,24.63,413.96,17.557916666666667,9.81,25.72,55.17083333333333,448.75083333333333,24.0,5.6,-0.1999999999999993,5.933333333333334,1.94,0.0,1.8166666666666667,18.6,3.8999999999999986,21.266666666666666,61270.0,Multiple_Stress,pH_Low
EXP.1,2024-04-01,23,14:00,2024-04-01 14:00:00,R1T2,T2,6.6,1.51,0.755,27.2,52.18,26.42,410.96,22.912499999999998,17.47,30.8,57.57416666666666,448.78541666666666,24.0,6.4,0.1999999999999993,6.5,1.67,-0.15999999999999992,1.5899999999999999,27.7,-0.5,27.45,,WaterTemp_High,WaterTemp_High
EXP.1,2024-03-20,11,10:00,2024-03-20 10:00:00,R1T1,T1,5.4,1.9,0.95,22.2,51.46,22.97,436.88,18.465833333333332,10.63,26.32,57.98916666666667,471.80041666666665,24.0,5.6,-0.1999999999999993,5.533333333333332,1.89,0.010000000000000009,1.89,25.1,-2.900000000000002,23.3,36200.0,pH_Low,Normal
EXP.3,2024-06-18,29,10:00,2024-06-18 10:00:00,R1T1,T1,7.4,3.32,1.66,22.5,64.8,26.89,454.87,25.60875,23.2,28.48,65.8225,452.4554166666667,24.0,7.3,0.10000000000000053,7.333333333333333,3.41,-0.0900000000000003,3.3466666666666662,23.4,-0.8999999999999986,22.566666666666666,,Multiple_Stress,
EXP.1,2024-03-20,11,10:00,2024-03-20 10:00:00,R1T2,T2,5.0,1.93,0.965,24.1,51.46,22.97,436.88,18.465833333333332,10.63,26.32,57.98916666666667,471.80041666666665,24.0,5.2,-0.20000000000000018,5.133333333333333,1.87,0.05999999999999983,1.9033333333333333,25.4,-1.2999999999999972,24.733333333333334,36200.0,pH_Low,Normal
EXP.3,2024-06-08,19,10:00,2024-06-08 10:00:00,R2T2,T2,7.0,2.72,1.36,22.8,61.53,28.84,461.1,26.795833333333334,23.75,31.0,63.401250000000005,459.2945833333333,24.0,7.5,-0.5,7.333333333333333,1.6,1.12,2.1133333333333333,22.4,0.40000000000000213,21.900000000000002,,EC_High,Multiple_Stress
EXP.1,2024-03-18,9,10:00,2024-03-18 10:00:00,R1T2,T2,5.2,1.91,0.955,24.7,53.95,26.53,426.75,18.576249999999998,13.61,26.53,59.49125,457.72125,24.0,5.1,0.10000000000000053,5.3,1.89,0.020000000000000018,1.9166666666666667,24.9,-0.1999999999999993,24.933333333333334,27600.0,pH_Low,pH_Low
EXP.3,2024-05-23,3,10:00,2024-05-23 10:00:00,R2T1,T1,6.9,2.32,1.16,22.2,58.77,27.08,448.88,25.587500000000002,23.22,30.39,61.07333333333333,448.56375,24.0,7.2,-0.2999999999999998,7.066666666666667,2.63,-0.31000000000000005,2.5233333333333334,21.7,0.5,22.233333333333334,1664.0,Normal,EC_High
EXP.3,2024-05-23,3,14:00,2024-05-23 14:00:00,R1T2,T2,7.6,1.79,0.895,24.0,54.77,27.05,431.44,25.587500000000002,23.22,30.39,61.07333333333333,448.56375,24.0,7.6,0.0,7.566666666666666,1.73,0.06000000000000005,2.1066666666666665,22.1,1.8999999999999986,22.46666666666667,33360.0,pH_High,pH_High
EXP.2,2024-04-14,2,14:00,2024-04-14 14:00:00,R3T1,T1,7.1,1.95,0.975,20.6,64.2,25.3,,,,,,,,6.8,0.2999999999999998,6.866666666666667,1.9,0.050000000000000044,1.9266666666666665,18.1,2.5,18.900000000000002,12720.0,pH_High,Normal
EXP.1,2024-03-28,19,10:00,2024-03-28 10:00:00,R1T2,T2,6.0,1.8,0.9,23.7,51.56,23.93,425.26,21.36791666666667,14.18,27.25,55.85958333333334,470.43625,24.0,6.3,-0.2999999999999998,6.166666666666667,1.76,0.040000000000000036,1.7766666666666666,26.7,-3.0,25.299999999999997,47100.0,Normal,Normal
EXP.3,2024-05-22,2,10:00,2024-05-22 10:00:00,R1T2,T2,7.5,2.8,1.4,21.3,58.98,26.31,442.47,25.58583333333333,23.05,28.88,60.81166666666667,445.5541666666666,24.0,7.4,0.09999999999999964,7.5,2.8,0.0,2.6666666666666665,23.2,-1.8999999999999986,21.933333333333334,1944.0,Multiple_Stress,pH_High
EXP.3,2024-06-17,28,14:00,2024-06-17 14:00:00,R3T1,T1,7.5,3.06,1.53,22.1,56.84,27.5,439.5,25.07375,22.48,27.5,63.709583333333335,456.3416666666667,24.0,7.5,0.0,7.466666666666666,2.99,0.06999999999999984,3.22,21.1,1.0,22.100000000000005,,Multiple_Stress,Multiple_Stress
EXP.3,2024-05-22,2,10:00,2024-05-22 10:00:00,R3T2,T2,7.6,2.8,1.4,22.0,58.98,26.31,442.47,25.58583333333333,23.05,28.88,60.81166666666667,445.5541666666666,24.0,7.5,0.09999999999999964,7.6000000000000005,2.7,0.09999999999999964,2.733333333333333,23.7,-1.6999999999999993,22.46666666666667,1944.0,Multiple_Stress,pH_High
EXP.2,2024-04-24,12,10:00,2024-04-24 10:00:00,R2T1,T1,5.8,1.71,0.855,25.2,43.51,34.4,469.54,26.683333333333334,19.89,34.84,50.62583333333333,442.87125,24.0,5.7,0.09999999999999964,5.666666666666667,1.73,-0.020000000000000018,1.7166666666666666,27.4,-2.1999999999999993,25.7,7254.0,Multiple_Stress,Multiple_Stress
EXP.3,2024-05-23,3,14:00,2024-05-23 14:00:00,R3T1,T1,7.3,2.0,1.0,23.8,54.77,27.05,431.44,25.587500000000002,23.22,30.39,61.07333333333333,448.56375,24.0,7.2,0.09999999999999964,7.2,1.75,0.25,2.0999999999999996,22.5,1.3000000000000007,22.599999999999998,33360.0,pH_High,pH_High
EXP.2,2024-04-26,14,10:00,2024-04-26 10:00:00,R1T1,T1,6.0,1.75,0.875,23.6,60.11,23.95,456.51,22.731739130434786,18.97,27.27,60.44869565217391,453.9904347826087,23.0,6.0,0.0,6.0,1.76,-0.010000000000000009,1.7566666666666668,27.0,-3.3999999999999986,24.866666666666664,20070.0,Normal,WaterTemp_High
EXP.1,2024-03-19,10,10:00,2024-03-19 10:00:00,R1T2,T2,5.2,1.87,0.935,25.4,54.42,26.66,437.08,18.850416666666664,12.59,28.13,59.45541666666667,459.2029166666667,24.0,5.2,0.0,5.166666666666667,1.91,-0.039999999999999813,1.89,24.7,0.6999999999999993,25.0,75050.0,pH_Low,pH_Low
EXP.3,2024-06-17,28,10:00,2024-06-17 10:00:00,R3T2,T2,7.5,3.13,1.565,22.2,61.52,25.28,450.88,25.07375,22.48,27.5,63.709583333333335,456.3416666666667,24.0,7.5,0.0,7.533333333333332,3.15,-0.020000000000000018,3.106666666666667,24.3,-2.1000000000000014,26.400000000000002,,Multiple_Stress,Multiple_Stress
EXP.1,2024-03-12,3,10:00,2024-03-12 10:00:00,R3T1,T1,5.7,2.01,1.005,20.6,50.18,23.12,411.77,17.968125,11.27,25.45,57.156875,432.4475,16.0,5.7,0.0,5.666666666666667,2.01,0.0,2.013333333333333,22.3,-1.6999999999999993,20.6,60540.0,Normal,Normal
EXP.3,2024-06-12,23,14:00,2024-06-12 14:00:00,R1T1,T1,6.9,3.1,1.55,24.2,58.12,28.01,430.31,24.946250000000003,21.88,28.31,65.50083333333333,451.4566666666667,24.0,,,6.85,3.03,0.07000000000000028,3.0500000000000003,23.2,1.0,24.099999999999998,23550.0,EC_High,Multiple_Stress
EXP.1,2024-03-27,18,14:00,2024-03-27 14:00:00,R1T1,T1,6.6,1.8,0.9,26.0,47.77,24.09,418.54,21.109583333333333,16.16,26.28,55.38833333333333,450.795,24.0,6.6,0.0,6.433333333333333,1.77,0.030000000000000027,1.7966666666666669,24.2,1.8000000000000007,26.03333333333333,36530.0,Humidity_Low,Normal
EXP.3,2024-06-13,24,10:00,2024-06-13 10:00:00,R2T2,T2,7.3,2.16,1.08,22.6,64.0,27.83,449.24,26.022916666666664,22.96,30.33,65.69125,447.28833333333336,24.0,,,7.3,3.18,-1.02,2.84,23.2,-0.5999999999999979,23.333333333333332,23290.0,pH_High,Multiple_Stress
EXP.3,2024-06-10,21,14:00,2024-06-10 14:00:00,R3T1,T1,6.4,2.8,1.4,24.2,60.1,28.96,436.92,25.564166666666665,23.01,29.41,66.66666666666667,453.6458333333333,24.0,6.2,0.20000000000000018,6.266666666666667,2.86,-0.06000000000000005,2.83,21.0,3.1999999999999993,22.933333333333337,,EC_High,EC_High
EXP.3,2024-05-23,3,14:00,2024-05-23 14:00:00,R2T1,T1,7.0,2.54,1.27,23.9,54.77,27.05,431.44,25.587500000000002,23.22,30.39,61.07333333333333,448.56375,24.0,6.9,0.09999999999999964,7.033333333333334,2.32,0.2200000000000002,2.4966666666666666,22.2,1.6999999999999993,22.599999999999998,33360.0,EC_High,Normal
EXP.3,2024-05-22,2,10:00,2024-05-22 10:00:00,R3T1,T1,7.1,2.55,1.275,21.5,58.98,26.31,442.47,25.58583333333333,23.05,28.88,60.81166666666667,445.5541666666666,24.0,7.5,-0.40000000000000036,7.3999999999999995,2.13,0.41999999999999993,2.4266666666666663,22.3,-0.8000000000000007,21.7,1944.0,Multiple_Stress,pH_High
EXP.3,2024-05-22,2,10:00,2024-05-22 10:00:00,R3T2,T2,7.6,2.8,1.4,22.0,58.98,26.31,442.47,25.58583333333333,23.05,28.88,60.81166666666667,445.5541666666666,24.0,7.5,0.09999999999999964,7.6000000000000005,2.7,0.09999999999999964,2.733333333333333,23.7,-1.6999999999999993,22.46666666666667,1944.0,Multiple_Stress,pH_High
EXP.3,2024-05-23,3,10:00,2024-05-23 10:00:00,R1T2,T2,7.6,1.73,0.865,22.1,58.77,27.08,448.88,25.587500000000002,23.22,30.39,61.07333333333333,448.56375,24.0,7.5,0.09999999999999964,7.5,2.8,-1.0699999999999998,2.443333333333333,21.3,0.8000000000000007,22.200000000000003,1664.0,pH_High,pH_High
EXP.1,2024-03-20,11,10:00,2024-03-20 10:00:00,R1T2,T2,5.0,1.93,0.965,24.1,51.46,22.97,436.88,18.465833333333332,10.63,26.32,57.98916666666667,471.80041666666665,24.0,5.2,-0.20000000000000018,5.133333333333333,1.87,0.05999999999999983,1.9033333333333333,25.4,-1.2999999999999972,24.733333333333334,36200.0,pH_Low,Normal
EXP.3,2024-06-12,23,10:00,2024-06-12 10:00:00,R1T1,T1,,3.03,1.515,23.2,63.9,26.44,450.86,24.946250000000003,21.88,28.31,65.50083333333333,451.4566666666667,24.0,6.8,,6.850000000000001,3.02,0.009999999999999787,3.0500000000000003,24.9,-1.6999999999999993,23.900000000000002,26830.0,EC_High,EC_High
EXP.3,2024-06-10,21,14:00,2024-06-10 14:00:00,R3T2,T2,7.0,2.91,1.455,24.9,60.1,28.96,436.92,25.564166666666665,23.01,29.41,66.66666666666667,453.6458333333333,24.0,6.8,0.20000000000000018,6.866666666666667,2.91,0.0,2.9133333333333336,21.7,3.1999999999999993,23.46666666666667,,EC_High,Multiple_Stress
EXP.1,2024-03-12,3,14:00,2024-03-12 14:00:00,R2T1,T1,5.8,2.01,1.005,25.7,50.59,22.78,404.6,17.968125,11.27,25.45,57.156875,432.4475,16.0,5.8,0.0,5.8,2.02,-0.010000000000000231,2.016666666666667,21.2,4.5,23.0,45190.0,Normal,Normal
EXP.3,2024-06-08,19,10:00,2024-06-08 10:00:00,R2T2,T2,7.0,2.72,1.36,22.8,61.53,28.84,461.1,26.795833333333334,23.75,31.0,63.401250000000005,459.2945833333333,24.0,7.5,-0.5,7.333333333333333,1.6,1.12,2.1133333333333333,22.4,0.40000000000000213,21.900000000000002,,EC_High,Multiple_Stress
EXP.3,2024-06-08,19,10:00,2024-06-08 10:00:00,R3T2,T2,7.0,2.9,1.45,23.1,61.53,28.84,461.1,26.795833333333334,23.75,31.0,63.401250000000005,459.2945833333333,24.0,7.5,-0.5,7.366666666666667,1.58,1.3199999999999998,2.38,22.9,0.20000000000000284,22.26666666666667,,EC_High,Multiple_Stress
EXP.3,2024-06-13,24,14:00,2024-06-13 14:00:00,R3T2,T2,7.2,2.94,1.47,24.5,57.17,30.33,437.98,26.022916666666664,22.96,30.33,65.69125,447.28833333333336,24.0,7.3,-0.09999999999999964,7.25,3.13,-0.18999999999999995,3.073333333333333,,,24.0,23550.0,Multiple_Stress,Multiple_Stress
EXP.2,2024-04-23,11,10:00,2024-04-23 10:00:00,R2T1,T1,5.5,1.71,0.855,24.5,47.19,30.0,442.42,24.49625,17.34,34.79,53.95791666666667,456.20625,24.0,5.9,-0.40000000000000036,5.8,1.71,0.0,1.71,25.6,-1.1000000000000014,24.633333333333336,70360.0,Humidity_Low,Multiple_Stress
EXP.1,2024-03-18,9,10:00,2024-03-18 10:00:00,R1T2,T2,5.2,1.91,0.955,24.7,53.95,26.53,426.75,18.576249999999998,13.61,26.53,59.49125,457.72125,24.0,5.1,0.10000000000000053,5.3,1.89,0.020000000000000018,1.9166666666666667,24.9,-0.1999999999999993,24.933333333333334,27600.0,pH_Low,pH_Low
EXP.1,2024-03-14,5,10:00,2024-03-14 10:00:00,R2T1,T1,6.0,2.0,1.0,25.1,54.44,22.36,425.7,19.02125,13.28,25.03,59.577916666666674,449.6683333333333,24.0,5.8,0.20000000000000018,5.933333333333334,2.01,-0.009999999999999787,2.0100000000000002,25.4,-0.29999999999999716,24.166666666666668,,Normal,Normal
EXP.2,2024-04-18,6,14:00,2024-04-18 14:00:00,R2T2,T2,6.5,2.27,1.135,25.8,49.91,26.83,421.75,23.874166666666667,19.62,28.26,56.20291666666666,448.48291666666665,24.0,6.5,0.0,6.333333333333333,2.27,0.0,2.15,24.9,0.9000000000000021,25.866666666666664,,Humidity_Low,Normal
EXP.2,2024-04-22,10,14:00,2024-04-22 14:00:00,R1T2,T2,6.1,2.17,1.085,25.7,46.81,27.06,427.15,22.242083333333337,16.06,27.87,56.00833333333333,462.3645833333333,24.0,6.1,0.0,6.066666666666666,2.16,0.009999999999999787,2.1966666666666668,24.2,1.5,25.366666666666664,79490.0,Humidity_Low,Humidity_Low
EXP.1,2024-03-20,11,10:00,2024-03-20 10:00:00,R1T1,T1,5.4,1.9,0.95,22.2,51.46,22.97,436.88,18.465833333333332,10.63,26.32,57.98916666666667,471.80041666666665,24.0,5.6,-0.1999999999999993,5.533333333333332,1.89,0.010000000000000009,1.89,25.1,-2.900000000000002,23.3,36200.0,pH_Low,Normal
EXP.1,2024-03-15,6,10:00,2024-03-15 10:00:00,R2T2,T2,5.9,2.1,1.05,23.4,47.81,26.82,407.63,19.426666666666666,11.81,29.17,54.786249999999995,447.69416666666666,24.0,5.9,0.0,5.9,2.02,0.08000000000000007,2.0399999999999996,25.6,-2.200000000000003,23.96666666666667,,Humidity_Low,Normal
EXP.3,2024-05-21,1,14:00,2024-05-21 14:00:00,R2T2,T2,7.6,2.5,1.25,23.2,53.42,27.65,426.63,25.346666666666668,22.29,27.7,59.06458333333333,450.37083333333334,24.0,7.8,-0.20000000000000018,7.699999999999999,2.8,-0.2999999999999998,2.65,21.3,1.8999999999999986,22.25,,pH_High,pH_High
EXP.1,2024-04-01,23,14:00,2024-04-01 14:00:00,R3T1,T1,6.9,1.29,0.645,26.7,52.18,26.42,410.96,22.912499999999998,17.47,30.8,57.57416666666666,448.78541666666666,24.0,6.6,0.3000000000000007,6.75,1.64,-0.34999999999999987,1.4649999999999999,25.4,1.3000000000000007,26.049999999999997,,WaterTemp_High,Normal
EXP.1,2024-04-04,26,14:00,2024-04-04 14:00:00,R1T1,T1,6.1,1.76,,28.7,46.64,25.53,419.54,25.20266666666667,17.74,37.27,50.618,444.90333333333336,15.0,6.2,-0.10000000000000053,6.099999999999999,1.63,0.13000000000000012,1.6733333333333331,27.1,1.5999999999999979,26.866666666666664,69530.0,Multiple_Stress,
EXP.1,2024-03-11,2,14:00,2024-03-11 14:00:00,R2T2,T2,5.8,2.02,1.01,22.3,48.13,24.63,413.96,17.557916666666667,9.81,25.72,55.17083333333333,448.75083333333333,24.0,5.8,0.0,6.2,2.01,0.010000000000000231,1.8633333333333333,19.7,2.6000000000000014,21.633333333333336,61270.0,Humidity_Low,Normal
EXP.1,2024-03-14,5,10:00,2024-03-14 10:00:00,R1T1,T1,6.0,1.92,0.96,26.6,54.44,22.36,425.7,19.02125,13.28,25.03,59.577916666666674,449.6683333333333,24.0,6.0,0.0,5.966666666666666,2.02,-0.10000000000000009,1.97,22.0,4.600000000000001,23.53333333333333,,WaterTemp_High,Normal
EXP.1,2024-03-15,6,10:00,2024-03-15 10:00:00,R3T2,T2,6.0,1.88,0.94,28.5,47.81,26.82,407.63,19.426666666666666,11.81,29.17,54.786249999999995,447.69416666666666,24.0,6.4,-0.40000000000000036,6.266666666666667,1.82,0.05999999999999983,1.8399999999999999,28.0,0.5,27.566666666666666,,Multiple_Stress,Normal
EXP.1,2024-04-03,25,14:00,2024-04-03 14:00:00,R1T1,T1,6.2,1.63,,27.1,61.7,26.3,,,,,,,,6.0,0.20000000000000018,6.166666666666667,1.63,0.0,1.653333333333333,24.8,2.3000000000000007,26.400000000000002,65870.0,WaterTemp_High,Multiple_Stress
EXP.2,2024-04-14,2,10:00,2024-04-14 10:00:00,R3T1,T1,6.8,1.9,0.95,18.1,59.4,30.0,,,,,,,,6.7,0.09999999999999964,6.75,1.93,-0.030000000000000027,1.915,18.0,0.10000000000000142,18.05,2554.0,Normal,pH_High
EXP.3,2024-05-23,3,14:00,2024-05-23 14:00:00,R1T2,T2,7.6,1.79,0.895,24.0,54.77,27.05,431.44,25.587500000000002,23.22,30.39,61.07333333333333,448.56375,24.0,7.6,0.0,7.566666666666666,1.73,0.06000000000000005,2.1066666666666665,22.1,1.8999999999999986,22.46666666666667,33360.0,pH_High,pH_High
EXP.2,2024-05-08,26,10:00,2024-05-08 10:00:00,R2T1,T1,6.2,1.86,0.93,18.9,54.99,25.36,440.29,19.66208333333333,15.98,25.36,55.39083333333334,451.8008333333333,24.0,5.9,0.2999999999999998,6.366666666666667,1.83,0.030000000000000027,1.8466666666666667,19.5,-0.6000000000000014,18.466666666666665,25600.0,Normal,Normal
EXP.2,2024-04-23,11,14:00,2024-04-23 14:00:00,R2T1,T1,5.7,1.73,0.865,27.4,45.63,29.8,419.25,24.49625,17.34,34.79,53.95791666666667,456.20625,24.0,5.5,0.20000000000000018,5.7,1.71,0.020000000000000018,1.7166666666666666,24.5,2.8999999999999986,25.833333333333332,6212.0,Multiple_Stress,Multiple_Stress
EXP.1,2024-04-03,25,14:00,2024-04-03 14:00:00,R1T1,T1,6.2,1.63,,27.1,61.7,26.3,,,,,,,,6.0,0.20000000000000018,6.166666666666667,1.63,0.0,1.653333333333333,24.8,2.3000000000000007,26.400000000000002,65870.0,WaterTemp_High,Multiple_Stress
EXP.3,2024-06-09,20,14:00,2024-06-09 14:00:00,R3T2,T2,6.8,2.92,1.46,23.8,58.81,27.94,420.01,25.879583333333333,23.42,28.86,65.02166666666666,441.12166666666667,24.0,6.9,-0.10000000000000053,6.933333333333334,2.93,-0.010000000000000231,2.92,22.1,1.6999999999999993,23.833333333333332,,EC_High,EC_High
EXP.2,2024-04-24,12,10:00,2024-04-24 10:00:00,R3T2,T2,5.7,2.24,1.12,26.7,43.51,34.4,469.54,26.683333333333334,19.89,34.84,50.62583333333333,442.87125,24.0,5.6,0.10000000000000053,5.6000000000000005,2.23,0.010000000000000231,2.233333333333334,28.2,-1.5,27.03333333333333,7254.0,Multiple_Stress,Multiple_Stress
EXP.1,2024-03-11,2,10:00,2024-03-11 10:00:00,R1T2,T2,5.6,1.94,0.97,18.6,48.4,24.34,425.57,17.557916666666667,9.81,25.72,55.17083333333333,448.75083333333333,24.0,6.8,-1.2000000000000002,6.199999999999999,1.57,0.3699999999999999,1.755,22.7,-4.099999999999998,20.65,50330.0,Humidity_Low,Multiple_Stress
EXP.2,2024-04-14,2,14:00,2024-04-14 14:00:00,R3T2,T2,7.1,2.2,1.1,21.2,64.2,25.3,,,,,,,,6.9,0.1999999999999993,7.0,2.13,0.07000000000000028,2.143333333333333,19.2,2.0,19.8,12720.0,pH_High,Normal
EXP.1,2024-04-01,23,14:00,2024-04-01 14:00:00,R1T2,T2,6.6,1.51,0.755,27.2,52.18,26.42,410.96,22.912499999999998,17.47,30.8,57.57416666666666,448.78541666666666,24.0,6.4,0.1999999999999993,6.5,1.67,-0.15999999999999992,1.5899999999999999,27.7,-0.5,27.45,,WaterTemp_High,WaterTemp_High
EXP.1,2024-03-16,7,10:00,2024-03-16 10:00:00,R2T1,T1,5.9,2.01,1.005,24.1,55.42,26.09,431.68,19.078333333333333,13.63,26.09,57.51125,455.28416666666664,24.0,5.9,0.0,5.933333333333334,2.03,-0.020000000000000018,2.016666666666666,24.9,-0.7999999999999972,24.599999999999998,22050.0,Normal,Normal
EXP.2,2024-04-27,15,14:00,2024-04-27 14:00:00,R1T2,T2,5.9,2.19,1.095,26.4,56.15,23.47,437.55,22.160416666666666,18.46,26.74,61.01666666666667,458.7083333333333,24.0,5.8,0.10000000000000053,5.8,2.2,-0.010000000000000231,2.1966666666666668,22.2,4.199999999999999,25.099999999999998,29810.0,WaterTemp_High,Normal
EXP.3,2024-06-09,20,10:00,2024-06-09 10:00:00,R2T2,T2,7.0,2.77,1.385,22.0,63.88,27.41,442.02,25.879583333333333,23.42,28.86,65.02166666666666,441.12166666666667,24.0,7.1,-0.09999999999999964,7.033333333333334,2.71,0.06000000000000005,2.733333333333333,25.1,-3.1000000000000014,23.3,,EC_High,Multiple_Stress
EXP.3,2024-06-17,28,14:00,2024-06-17 14:00:00,R1T1,T1,7.3,3.41,1.705,23.4,56.84,27.5,439.5,25.07375,22.48,27.5,63.709583333333335,456.3416666666667,24.0,7.3,0.0,7.233333333333333,3.31,0.10000000000000009,3.3233333333333337,21.8,1.5999999999999979,23.099999999999998,,Multiple_Stress,Multiple_Stress
EXP.1,2024-03-10,1,14:00,2024-03-10 14:00:00,R3T1,T1,6.9,1.56,0.78,22.3,47.64,24.74,410.58,20.493846153846157,13.26,25.27,50.81230769230769,429.5115384615384,13.0,,,6.9,,,1.56,,,22.3,48300.0,Humidity_Low,Humidity_Low
EXP.2,2024-04-19,7,14:00,2024-04-19 14:00:00,R2T2,T2,6.1,2.23,1.115,28.6,50.41,26.37,425.01,22.238333333333333,17.55,28.12,58.35375,454.3254166666666,24.0,6.0,0.09999999999999964,6.2,2.3,-0.06999999999999984,2.2666666666666666,24.9,3.700000000000003,26.433333333333334,,WaterTemp_High,Normal
EXP.1,2024-04-03,25,14:00,2024-04-03 14:00:00,R1T1,T1,6.2,1.63,,27.1,61.7,26.3,,,,,,,,6.0,0.20000000000000018,6.166666666666667,1.63,0.0,1.653333333333333,24.8,2.3000000000000007,26.400000000000002,65870.0,WaterTemp_High,Multiple_Stress
EXP.3,2024-06-12,23,10:00,2024-06-12 10:00:00,R1T2,T2,,2.91,1.455,22.6,63.9,26.44,450.86,24.946250000000003,21.88,28.31,65.50083333333333,451.4566666666667,24.0,7.4,,7.35,3.18,-0.27,3.003333333333334,24.2,-1.5999999999999979,22.96666666666667,26830.0,EC_High,Multiple_Stress
EXP.3,2024-06-10,21,14:00,2024-06-10 14:00:00,R1T1,T1,6.4,2.72,1.36,25.8,60.1,28.96,436.92,25.564166666666665,23.01,29.41,66.66666666666667,453.6458333333333,24.0,6.1,0.3000000000000007,6.199999999999999,2.73,-0.009999999999999787,2.7099999999999995,21.6,4.199999999999999,23.7,,EC_High,EC_High
EXP.1,2024-03-12,3,10:00,2024-03-12 10:00:00,R1T2,T2,5.4,1.98,0.99,21.4,50.18,23.12,411.77,17.968125,11.27,25.45,57.156875,432.4475,16.0,5.4,0.0,5.466666666666666,1.94,0.040000000000000036,1.9533333333333331,22.5,-1.1000000000000014,20.833333333333332,60540.0,pH_Low,pH_Low
EXP.2,2024-05-01,19,10:00,2024-05-01 10:00:00,R3T2,T2,6.8,1.75,0.875,23.2,61.9,23.59,455.0,22.669999999999998,18.46,26.3,63.21434782608696,456.29391304347826,23.0,6.0,0.7999999999999998,6.266666666666666,2.18,-0.43000000000000016,2.036666666666667,26.4,-3.1999999999999993,24.366666666666664,26880.0,Normal,Normal
EXP.1,2024-03-11,2,14:00,2024-03-11 14:00:00,R3T1,T1,5.7,2.01,1.005,22.3,48.13,24.63,413.96,17.557916666666667,9.81,25.72,55.17083333333333,448.75083333333333,24.0,5.6,0.10000000000000053,6.066666666666666,2.02,-0.010000000000000231,1.8633333333333333,18.9,3.400000000000002,21.166666666666668,61270.0,Humidity_Low,Normal
EXP.1,2024-03-23,14,14:00,2024-03-23 14:00:00,R3T2,T2,,,0.0,,48.25,24.7,408.7,18.180799999999998,10.34,25.37,56.098,457.46479999999997,25.0,5.8,,5.8,1.74,,1.735,26.9,,25.950000000000003,,Humidity_Low,WaterTemp_High
EXP.1,2024-03-20,11,10:00,2024-03-20 10:00:00,R2T2,T2,5.4,1.99,0.995,22.1,51.46,22.97,436.88,18.465833333333332,10.63,26.32,57.98916666666667,471.80041666666665,24.0,5.7,-0.2999999999999998,5.633333333333333,1.94,0.050000000000000044,1.9633333333333332,23.0,-0.8999999999999986,22.633333333333336,36200.0,pH_Low,Normal
EXP.1,2024-03-15,6,10:00,2024-03-15 10:00:00,R1T1,T1,5.8,1.94,0.97,24.3,47.81,26.82,407.63,19.426666666666666,11.81,29.17,54.786249999999995,447.69416666666666,24.0,6.0,-0.20000000000000018,5.933333333333334,1.93,0.010000000000000009,1.93,26.0,-1.6999999999999993,25.633333333333336,,Humidity_Low,Normal
EXP.3,2024-06-10,21,14:00,2024-06-10 14:00:00,R2T2,T2,7.1,2.71,1.355,24.5,60.1,28.96,436.92,25.564166666666665,23.01,29.41,66.66666666666667,453.6458333333333,24.0,7.1,0.0,7.1,2.75,-0.040000000000000036,2.736666666666667,20.8,3.6999999999999993,22.766666666666666,,Multiple_Stress,Multiple_Stress
EXP.2,2024-04-19,7,14:00,2024-04-19 14:00:00,R3T1,T1,6.3,1.75,0.875,28.2,50.41,26.37,425.01,22.238333333333333,17.55,28.12,58.35375,454.3254166666666,24.0,6.3,0.0,6.466666666666666,1.75,0.0,1.74,24.3,3.8999999999999986,26.099999999999998,,WaterTemp_High,Normal
EXP.2,2024-04-20,8,10:00,2024-04-20 10:00:00,R2T2,T2,6.5,2.24,1.12,24.0,50.75,27.57,437.49,22.569999999999997,16.61,29.55,57.791666666666664,447.3833333333334,24.0,6.1,0.40000000000000036,6.2,2.23,0.010000000000000231,2.2566666666666664,28.6,-4.600000000000001,25.833333333333332,,Normal,Multiple_Stress
EXP.2,2024-05-09,27,14:00,2024-05-09 14:00:00,R1T1,T1,6.3,1.77,0.885,20.6,51.2,24.49,418.25,21.942083333333333,16.7,25.15,55.362500000000004,438.23333333333335,24.0,6.4,-0.10000000000000053,6.366666666666667,1.79,-0.020000000000000018,1.79,19.0,1.6000000000000014,19.833333333333332,36770.0,Normal,Normal
EXP.1,2024-03-28,19,14:00,2024-03-28 14:00:00,R2T2,T2,,,0.0,,50.84,24.77,426.76,21.36791666666667,14.18,27.25,55.85958333333334,470.43625,24.0,6.1,,6.4,1.8,,1.7899999999999998,23.7,,24.7,,Normal,WaterTemp_High
EXP.2,2024-04-30,18,14:00,2024-04-30 14:00:00,R1T1,T1,6.4,1.74,0.87,26.3,57.39,24.31,440.96,22.271666666666665,18.46,26.36,62.16041666666666,453.81333333333333,24.0,6.4,0.0,6.3,1.74,0.0,1.7333333333333334,23.2,3.1000000000000014,24.833333333333332,37780.0,WaterTemp_High,Normal
EXP.1,2024-03-16,7,10:00,2024-03-16 10:00:00,R3T1,T1,5.7,2.03,1.015,23.7,55.42,26.09,431.68,19.078333333333333,13.63,26.09,57.51125,455.28416666666664,24.0,5.7,0.0,5.766666666666667,2.01,0.020000000000000018,2.0066666666666664,24.8,-1.1000000000000014,24.5,22050.0,Normal,Normal
EXP.3,2024-06-09,20,10:00,2024-06-09 10:00:00,R3T1,T1,6.2,2.85,1.425,21.8,63.88,27.41,442.02,25.879583333333333,23.42,28.86,65.02166666666666,441.12166666666667,24.0,6.1,0.10000000000000053,6.1000000000000005,2.88,-0.029999999999999805,2.8766666666666665,25.0,-3.1999999999999993,23.133333333333336,,EC_High,EC_High
EXP.1,2024-03-27,18,10:00,2024-03-27 10:00:00,R2T2,T2,6.5,1.78,0.89,24.1,49.17,25.06,441.42,21.109583333333333,16.16,26.28,55.38833333333333,450.795,24.0,6.1,0.40000000000000036,6.2,1.82,-0.040000000000000036,1.8099999999999998,24.6,-0.5,23.366666666666664,79530.0,Humidity_Low,Humidity_Low
EXP.3,2024-06-13,24,10:00,2024-06-13 10:00:00,R2T2,T2,7.3,2.16,1.08,22.6,64.0,27.83,449.24,26.022916666666664,22.96,30.33,65.69125,447.28833333333336,24.0,,,7.3,3.18,-1.02,2.84,23.2,-0.5999999999999979,23.333333333333332,23290.0,pH_High,Multiple_Stress
EXP.3,2024-06-10,21,10:00,2024-06-10 10:00:00,R3T1,T1,6.2,2.86,1.43,21.0,66.53,27.37,481.77,25.564166666666665,23.01,29.41,66.66666666666667,453.6458333333333,24.0,6.2,0.0,6.2,2.83,0.029999999999999805,2.846666666666667,23.6,-2.6000000000000014,22.133333333333336,,EC_High,EC_High
EXP.2,2024-05-12,30,10:00,2024-05-12 10:00:00,R2T1,T1,7.0,1.64,0.82,19.4,58.0,23.38,443.59,21.3575,17.48,25.23,59.34791666666666,446.99291666666664,24.0,6.4,0.5999999999999996,6.633333333333333,1.76,-0.1200000000000001,1.7266666666666666,22.9,-3.5,20.266666666666666,33100.0,Normal,Normal
EXP.1,2024-03-20,11,10:00,2024-03-20 10:00:00,R2T2,T2,5.4,1.99,0.995,22.1,51.46,22.97,436.88,18.465833333333332,10.63,26.32,57.98916666666667,471.80041666666665,24.0,5.7,-0.2999999999999998,5.633333333333333,1.94,0.050000000000000044,1.9633333333333332,23.0,-0.8999999999999986,22.633333333333336,36200.0,pH_Low,Normal
EXP.2,2024-05-12,30,14:00,2024-05-12 14:00:00,R1T1,T1,7.1,1.76,0.88,22.5,54.47,24.42,427.85,21.3575,17.48,25.23,59.34791666666666,446.99291666666664,24.0,7.1,0.0,6.8999999999999995,1.75,0.010000000000000009,1.7499999999999998,19.8,2.6999999999999993,21.8,3090.0,pH_High,
EXP.3,2024-06-09,20,14:00,2024-06-09 14:00:00,R1T2,T2,6.7,2.76,1.38,23.3,58.81,27.94,420.01,25.879583333333333,23.42,28.86,65.02166666666666,441.12166666666667,24.0,6.8,-0.09999999999999964,6.733333333333333,2.75,0.009999999999999787,2.7533333333333334,21.9,1.4000000000000021,23.366666666666664,,EC_High,EC_High
EXP.2,2024-05-08,26,14:00,2024-05-08 14:00:00,R1T2,T2,6.4,2.13,1.065,21.9,51.53,21.89,427.53,19.66208333333333,15.98,25.36,55.39083333333334,451.8008333333333,24.0,6.6,-0.1999999999999993,6.3,2.5,-0.3700000000000001,2.356666666666667,18.0,3.8999999999999986,19.666666666666668,3772.0,Normal,Normal
EXP.1,2024-03-22,13,14:00,2024-03-22 14:00:00,R1T1,T1,5.8,1.87,0.935,24.7,49.81,23.95,406.99,18.142083333333336,10.66,25.6,57.46875,456.0833333333333,24.0,5.8,0.0,5.8,1.86,0.010000000000000009,1.8666666666666665,25.1,-0.40000000000000213,23.8,,Humidity_Low,Humidity_Low
EXP.1,2024-03-20,11,10:00,2024-03-20 10:00:00,R3T1,T1,5.3,2.01,1.005,23.6,51.46,22.97,436.88,18.465833333333332,10.63,26.32,57.98916666666667,471.80041666666665,24.0,5.5,-0.20000000000000018,5.433333333333334,1.95,0.05999999999999983,1.9766666666666666,24.3,-0.6999999999999993,23.900000000000002,36200.0,pH_Low,Normal
EXP.3,2024-05-23,3,14:00,2024-05-23 14:00:00,R2T2,T2,7.7,2.2,1.1,24.1,54.77,27.05,431.44,25.587500000000002,23.22,30.39,61.07333333333333,448.56375,24.0,7.6,0.10000000000000053,7.666666666666667,1.76,0.44000000000000017,2.1533333333333333,22.5,1.6000000000000014,22.599999999999998,33360.0,pH_High,pH_High
EXP.3,2024-05-21,1,14:00,2024-05-21 14:00:00,R3T2,T2,7.5,2.7,1.35,23.7,53.42,27.65,426.63,25.346666666666668,22.29,27.7,59.06458333333333,450.37083333333334,24.0,7.7,-0.20000000000000018,7.6,2.7,0.0,2.7,21.7,2.0,22.7,,Multiple_Stress,Multiple_Stress
EXP.3,2024-05-21,1,14:00,2024-05-21 14:00:00,R1T2,T2,7.4,2.8,1.4,23.2,53.42,27.65,426.63,25.346666666666668,22.29,27.7,59.06458333333333,450.37083333333334,24.0,7.6,-0.1999999999999993,7.5,2.4,0.3999999999999999,2.5999999999999996,21.3,1.8999999999999986,22.25,,Multiple_Stress,Multiple_Stress
EXP.1,2024-03-30,21,10:00,2024-03-30 10:00:00,R3T1,T1,6.6,1.67,0.835,25.3,54.83,25.98,436.82,21.84875,17.33,26.97,60.32583333333333,455.5841666666667,24.0,6.6,0.0,6.6,1.78,-0.1100000000000001,1.725,26.2,-0.8999999999999986,25.75,,Normal,WaterTemp_High
EXP.2,2024-05-06,24,14:00,2024-05-06 14:00:00,R1T1,T1,6.5,1.98,0.99,27.6,52.5,25.73,439.29,20.535,16.73,25.73,55.959583333333335,462.6325,24.0,6.8,-0.2999999999999998,6.633333333333333,1.69,0.29000000000000004,1.8866666666666665,18.2,9.400000000000002,22.46666666666667,35770.0,WaterTemp_High,Multiple_Stress
EXP.3,2024-06-08,19,10:00,2024-06-08 10:00:00,R2T1,T1,6.2,3.05,1.525,22.7,61.53,28.84,461.1,26.795833333333334,23.75,31.0,63.401250000000005,459.2945833333333,24.0,6.8,-0.5999999999999996,6.533333333333334,2.02,1.0299999999999998,2.21,22.5,0.1999999999999993,23.03333333333333,,EC_High,Multiple_Stress
EXP.3,2024-05-21,1,14:00,2024-05-21 14:00:00,R1T2,T2,7.4,2.8,1.4,23.2,53.42,27.65,426.63,25.346666666666668,22.29,27.7,59.06458333333333,450.37083333333334,24.0,7.6,-0.1999999999999993,7.5,2.4,0.3999999999999999,2.5999999999999996,21.3,1.8999999999999986,22.25,,Multiple_Stress,Multiple_Stress
EXP.2,2024-04-23,11,10:00,2024-04-23 10:00:00,R1T1,T1,5.7,1.76,0.88,24.3,47.19,30.0,442.42,24.49625,17.34,34.79,53.95791666666667,456.20625,24.0,6.1,-0.39999999999999947,6.0,1.75,0.010000000000000009,1.7566666666666666,25.6,-1.3000000000000007,24.5,70360.0,Humidity_Low,Multiple_Stress
EXP.1,2024-03-30,21,14:00,2024-03-30 14:00:00,R2T1,T1,6.8,1.67,0.835,27.5,53.07,25.79,419.13,21.84875,17.33,26.97,60.32583333333333,455.5841666666667,24.0,6.8,0.0,6.8,1.67,0.0,1.7000000000000002,25.1,2.3999999999999986,26.166666666666668,,WaterTemp_High,Normal
EXP.3,2024-06-08,19,10:00,2024-06-08 10:00:00,R3T1,T1,6.0,2.9,1.45,22.6,61.53,28.84,461.1,26.795833333333334,23.75,31.0,63.401250000000005,459.2945833333333,24.0,7.0,-1.0,6.7,1.65,1.25,2.1766666666666663,22.2,0.40000000000000213,21.733333333333334,,EC_High,Multiple_Stress
EXP.1,2024-03-30,21,14:00,2024-03-30 14:00:00,R2T2,T2,6.6,1.73,0.865,28.7,53.07,25.79,419.13,21.84875,17.33,26.97,60.32583333333333,455.5841666666667,24.0,6.9,-0.3000000000000007,6.733333333333333,1.65,0.08000000000000007,1.7133333333333332,24.3,4.399999999999999,26.433333333333334,,WaterTemp_High,Normal
EXP.1,2024-04-03,25,14:00,2024-04-03 14:00:00,R1T1,T1,6.2,1.63,,27.1,61.7,26.3,,,,,,,,6.0,0.20000000000000018,6.166666666666667,1.63,0.0,1.653333333333333,24.8,2.3000000000000007,26.400000000000002,65870.0,WaterTemp_High,Multiple_Stress
EXP.2,2024-05-12,30,14:00,2024-05-12 14:00:00,R1T1,T1,7.1,1.76,0.88,22.5,54.47,24.42,427.85,21.3575,17.48,25.23,59.34791666666666,446.99291666666664,24.0,7.1,0.0,6.8999999999999995,1.75,0.010000000000000009,1.7499999999999998,19.8,2.6999999999999993,21.8,3090.0,pH_High,
EXP.3,2024-05-21,1,10:00,2024-05-21 10:00:00,R2T2,T2,7.8,2.8,1.4,21.3,56.85,27.24,457.03,25.346666666666668,22.29,27.7,59.06458333333333,450.37083333333334,24.0,,,7.8,,,2.8,,,21.3,,Multiple_Stress,pH_High
EXP.2,2024-04-28,16,10:00,2024-04-28 10:00:00,R2T2,T2,5.9,2.3,1.15,26.4,60.98,24.4,462.26,22.252499999999998,18.61,27.42,61.467083333333335,463.61291666666665,24.0,5.9,0.0,5.9,2.3,0.0,2.3,26.5,-0.10000000000000142,25.066666666666666,25030.0,WaterTemp_High,WaterTemp_High
EXP.1,2024-03-20,11,10:00,2024-03-20 10:00:00,R1T2,T2,5.0,1.93,0.965,24.1,51.46,22.97,436.88,18.465833333333332,10.63,26.32,57.98916666666667,471.80041666666665,24.0,5.2,-0.20000000000000018,5.133333333333333,1.87,0.05999999999999983,1.9033333333333333,25.4,-1.2999999999999972,24.733333333333334,36200.0,pH_Low,Normal
EXP.2,2024-04-26,14,10:00,2024-04-26 10:00:00,R1T2,T2,5.6,2.2,1.1,23.7,60.11,23.95,456.51,22.731739130434786,18.97,27.27,60.44869565217391,453.9904347826087,23.0,5.6,0.0,5.666666666666667,2.2,0.0,2.0500000000000003,27.5,-3.8000000000000007,25.133333333333336,20070.0,Normal,WaterTemp_High
EXP.3,2024-05-23,3,10:00,2024-05-23 10:00:00,R3T2,T2,7.7,1.75,0.875,22.8,58.77,27.08,448.88,25.587500000000002,23.22,30.39,61.07333333333333,448.56375,24.0,7.6,0.10000000000000053,7.6000000000000005,2.8,-1.0499999999999998,2.4166666666666665,22.0,0.8000000000000007,22.833333333333332,1664.0,pH_High,Multiple_Stress
EXP.3,2024-05-23,3,10:00,2024-05-23 10:00:00,R2T2,T2,7.6,1.76,0.88,22.5,58.77,27.08,448.88,25.587500000000002,23.22,30.39,61.07333333333333,448.56375,24.0,7.7,-0.10000000000000053,7.633333333333333,2.5,-0.74,2.2533333333333334,21.2,1.3000000000000007,22.3,1664.0,pH_High,pH_High
EXP.1,2024-03-27,18,14:00,2024-03-27 14:00:00,R3T2,T2,6.1,1.82,0.91,27.9,47.77,24.09,418.54,21.109583333333333,16.16,26.28,55.38833333333333,450.795,24.0,6.5,-0.40000000000000036,6.199999999999999,1.82,0.0,1.82,27.9,0.0,27.833333333333332,36530.0,Multiple_Stress,WaterTemp_High
EXP.1,2024-03-27,18,14:00,2024-03-27 14:00:00,R2T2,T2,6.7,1.78,0.89,25.7,47.77,24.09,418.54,21.109583333333333,16.16,26.28,55.38833333333333,450.795,24.0,6.5,0.20000000000000018,6.433333333333334,1.78,0.0,1.7933333333333332,24.1,1.5999999999999979,24.8,36530.0,Humidity_Low,Normal
EXP.1,2024-03-10,1,14:00,2024-03-10 14:00:00,R2T1,T1,6.9,1.57,0.78,22.5,47.64,24.74,410.58,20.493846153846157,13.26,25.27,50.81230769230769,429.5115384615384,13.0,,,6.9,,,1.57,,,22.5,48300.0,Humidity_Low,Humidity_Low
EXP.1,2024-03-18,9,10:00,2024-03-18 10:00:00,R1T2,T2,5.2,1.91,0.955,24.7,53.95,26.53,426.75,18.576249999999998,13.61,26.53,59.49125,457.72125,24.0,5.1,0.10000000000000053,5.3,1.89,0.020000000000000018,1.9166666666666667,24.9,-0.1999999999999993,24.933333333333334,27600.0,pH_Low,pH_Low
EXP.1,2024-03-27,18,14:00,2024-03-27 14:00:00,R1T1,T1,6.6,1.8,0.9,26.0,47.77,24.09,418.54,21.109583333333333,16.16,26.28,55.38833333333333,450.795,24.0,6.6,0.0,6.433333333333333,1.77,0.030000000000000027,1.7966666666666669,24.2,1.8000000000000007,26.03333333333333,36530.0,Humidity_Low,Normal
EXP.3,2024-06-17,28,14:00,2024-06-17 14:00:00,R3T2,T2,7.5,3.16,1.58,23.6,56.84,27.5,439.5,25.07375,22.48,27.5,63.709583333333335,456.3416666666667,24.0,7.5,0.0,7.5,3.13,0.03000000000000025,3.1466666666666665,22.2,1.4000000000000021,23.366666666666664,,Multiple_Stress,
EXP.1,2024-03-20,11,10:00,2024-03-20 10:00:00,R2T2,T2,5.4,1.99,0.995,22.1,51.46,22.97,436.88,18.465833333333332,10.63,26.32,57.98916666666667,471.80041666666665,24.0,5.7,-0.2999999999999998,5.633333333333333,1.94,0.050000000000000044,1.9633333333333332,23.0,-0.8999999999999986,22.633333333333336,36200.0,pH_Low,Normal
EXP.1,2024-03-20,11,10:00,2024-03-20 10:00:00,R3T1,T1,5.3,2.01,1.005,23.6,51.46,22.97,436.88,18.465833333333332,10.63,26.32,57.98916666666667,471.80041666666665,24.0,5.5,-0.20000000000000018,5.433333333333334,1.95,0.05999999999999983,1.9766666666666666,24.3,-0.6999999999999993,23.900000000000002,36200.0,pH_Low,Normal
EXP.1,2024-03-19,10,10:00,2024-03-19 10:00:00,R1T2,T2,5.2,1.87,0.935,25.4,54.42,26.66,437.08,18.850416666666664,12.59,28.13,59.45541666666667,459.2029166666667,24.0,5.2,0.0,5.166666666666667,1.91,-0.039999999999999813,1.89,24.7,0.6999999999999993,25.0,75050.0,pH_Low,pH_Low
EXP.2,2024-04-20,8,14:00,2024-04-20 14:00:00,R2T2,T2,6.0,2.23,1.115,27.0,49.29,26.91,418.79,22.569999999999997,16.61,29.55,57.791666666666664,447.3833333333334,24.0,6.5,-0.5,6.2,2.24,-0.010000000000000231,2.233333333333334,24.0,3.0,26.53333333333333,,Multiple_Stress,Normal
EXP.1,2024-03-10,1,14:00,2024-03-10 14:00:00,R3T1,T1,6.9,1.56,0.78,22.3,47.64,24.74,410.58,20.493846153846157,13.26,25.27,50.81230769230769,429.5115384615384,13.0,,,6.9,,,1.56,,,22.3,48300.0,Humidity_Low,Humidity_Low
EXP.3,2024-06-12,23,10:00,2024-06-12 10:00:00,R2T1,T1,,3.28,1.64,22.9,63.9,26.44,450.86,24.946250000000003,21.88,28.31,65.50083333333333,451.4566666666667,24.0,6.9,,6.850000000000001,3.28,0.0,3.2733333333333334,24.7,-1.8000000000000007,23.46666666666667,26830.0,EC_High,EC_High
EXP.1,2024-04-01,23,14:00,2024-04-01 14:00:00,R1T2,T2,6.6,1.51,0.755,27.2,52.18,26.42,410.96,22.912499999999998,17.47,30.8,57.57416666666666,448.78541666666666,24.0,6.4,0.1999999999999993,6.5,1.67,-0.15999999999999992,1.5899999999999999,27.7,-0.5,27.45,,WaterTemp_High,WaterTemp_High
EXP.3,2024-06-09,20,10:00,2024-06-09 10:00:00,R1T2,T2,6.8,2.75,1.375,21.9,63.88,27.41,442.02,25.879583333333333,23.42,28.86,65.02166666666666,441.12166666666667,24.0,6.7,0.09999999999999964,6.766666666666666,2.75,0.0,2.7466666666666666,24.9,-3.0,23.03333333333333,,EC_High,EC_High
EXP.3,2024-06-13,24,10:00,2024-06-13 10:00:00,R2T2,T2,7.3,2.16,1.08,22.6,64.0,27.83,449.24,26.022916666666664,22.96,30.33,65.69125,447.28833333333336,24.0,,,7.3,3.18,-1.02,2.84,23.2,-0.5999999999999979,23.333333333333332,23290.0,pH_High,Multiple_Stress
EXP.3,2024-06-08,19,14:00,2024-06-08 14:00:00,R2T1,T1,6.2,3.05,1.525,25.1,57.39,30.61,437.68,26.795833333333334,23.75,31.0,63.401250000000005,459.2945833333333,24.0,6.2,0.0,6.3999999999999995,3.05,0.0,2.706666666666667,22.7,2.400000000000002,23.433333333333334,,Multiple_Stress,EC_High
EXP.1,2024-03-18,9,10:00,2024-03-18 10:00:00,R1T2,T2,5.2,1.91,0.955,24.7,53.95,26.53,426.75,18.576249999999998,13.61,26.53,59.49125,457.72125,24.0,5.1,0.10000000000000053,5.3,1.89,0.020000000000000018,1.9166666666666667,24.9,-0.1999999999999993,24.933333333333334,27600.0,pH_Low,pH_Low
EXP.1,2024-03-20,11,10:00,2024-03-20 10:00:00,R2T2,T2,5.4,1.99,0.995,22.1,51.46,22.97,436.88,18.465833333333332,10.63,26.32,57.98916666666667,471.80041666666665,24.0,5.7,-0.2999999999999998,5.633333333333333,1.94,0.050000000000000044,1.9633333333333332,23.0,-0.8999999999999986,22.633333333333336,36200.0,pH_Low,Normal
EXP.1,2024-03-20,11,14:00,2024-03-20 14:00:00,R3T1,T1,5.7,1.83,0.915,24.9,51.07,22.97,424.04,18.465833333333332,10.63,26.32,57.98916666666667,471.80041666666665,24.0,5.3,0.40000000000000036,5.5,2.01,-0.17999999999999972,1.93,23.6,1.2999999999999972,24.26666666666667,,Normal,Normal
EXP.2,2024-05-05,23,10:00,2024-05-05 10:00:00,R1T1,T1,6.7,1.78,0.89,19.7,54.66,24.89,455.73,20.685,16.17,28.31,54.78863636363636,459.26,22.0,6.5,0.20000000000000018,6.633333333333333,2.9,-1.1199999999999999,2.36,23.5,-3.8000000000000007,21.066666666666666,24150.0,Normal,Normal
EXP.3,2024-05-23,3,14:00,2024-05-23 14:00:00,R1T2,T2,7.6,1.79,0.895,24.0,54.77,27.05,431.44,25.587500000000002,23.22,30.39,61.07333333333333,448.56375,24.0,7.6,0.0,7.566666666666666,1.73,0.06000000000000005,2.1066666666666665,22.1,1.8999999999999986,22.46666666666667,33360.0,pH_High,pH_High
EXP.1,2024-03-20,11,10:00,2024-03-20 10:00:00,R2T2,T2,5.4,1.99,0.995,22.1,51.46,22.97,436.88,18.465833333333332,10.63,26.32,57.98916666666667,471.80041666666665,24.0,5.7,-0.2999999999999998,5.633333333333333,1.94,0.050000000000000044,1.9633333333333332,23.0,-0.8999999999999986,22.633333333333336,36200.0,pH_Low,Normal
EXP.2,2024-04-22,10,14:00,2024-04-22 14:00:00,R3T1,T1,6.0,1.73,0.865,25.4,46.81,27.06,427.15,22.242083333333337,16.06,27.87,56.00833333333333,462.3645833333333,24.0,6.1,-0.09999999999999964,6.1000000000000005,1.73,0.0,1.73,25.4,0.0,25.599999999999998,79490.0,Humidity_Low,Humidity_Low
EXP.2,2024-04-28,16,14:00,2024-04-28 14:00:00,R2T2,T2,5.9,2.3,1.15,26.4,56.07,24.15,442.47,22.252499999999998,18.61,27.42,61.467083333333335,463.61291666666665,24.0,5.9,0.0,5.9,2.3,0.0,2.3,26.4,0.0,26.433333333333334,32660.0,WaterTemp_High,Normal
EXP.3,2024-06-09,20,10:00,2024-06-09 10:00:00,R3T2,T2,6.9,2.93,1.465,22.1,63.88,27.41,442.02,25.879583333333333,23.42,28.86,65.02166666666666,441.12166666666667,24.0,7.1,-0.1999999999999993,7.0,2.91,0.020000000000000018,2.9133333333333336,25.6,-3.5,23.600000000000005,,EC_High,EC_High
EXP.3,2024-05-23,3,14:00,2024-05-23 14:00:00,R2T1,T1,7.0,2.54,1.27,23.9,54.77,27.05,431.44,25.587500000000002,23.22,30.39,61.07333333333333,448.56375,24.0,6.9,0.09999999999999964,7.033333333333334,2.32,0.2200000000000002,2.4966666666666666,22.2,1.6999999999999993,22.599999999999998,33360.0,EC_High,Normal
EXP.3,2024-06-09,20,14:00,2024-06-09 14:00:00,R1T1,T1,6.1,2.68,1.34,23.7,58.81,27.94,420.01,25.879583333333333,23.42,28.86,65.02166666666666,441.12166666666667,24.0,6.1,0.0,6.1,2.75,-0.06999999999999984,2.7100000000000004,21.9,1.8000000000000007,23.633333333333336,,EC_High,EC_High
EXP.3,2024-06-10,21,10:00,2024-06-10 10:00:00,R2T1,T1,6.2,3.1,1.55,21.2,66.53,27.37,481.77,25.564166666666665,23.01,29.41,66.66666666666667,453.6458333333333,24.0,6.4,-0.20000000000000018,6.300000000000001,3.04,0.06000000000000005,3.063333333333333,23.7,-2.5,22.266666666666666,,EC_High,EC_High
EXP.1,2024-03-16,7,10:00,2024-03-16 10:00:00,R2T2,T2,5.9,2.02,1.01,21.4,55.42,26.09,431.68,19.078333333333333,13.63,26.09,57.51125,455.28416666666664,24.0,5.9,0.0,5.9,2.1,-0.08000000000000007,2.0466666666666664,23.4,-2.0,23.46666666666667,22050.0,Normal,Normal
EXP.3,2024-05-23,3,10:00,2024-05-23 10:00:00,R1T2,T2,7.6,1.73,0.865,22.1,58.77,27.08,448.88,25.587500000000002,23.22,30.39,61.07333333333333,448.56375,24.0,7.5,0.09999999999999964,7.5,2.8,-1.0699999999999998,2.443333333333333,21.3,0.8000000000000007,22.200000000000003,1664.0,pH_High,pH_High
EXP.1,2024-03-28,19,10:00,2024-03-28 10:00:00,R3T1,T1,6.1,1.79,0.895,24.9,51.56,23.93,425.26,21.36791666666667,14.18,27.25,55.85958333333334,470.43625,24.0,6.4,-0.3000000000000007,6.233333333333333,1.78,0.010000000000000009,1.7833333333333332,25.0,-0.10000000000000142,24.833333333333332,47100.0,Normal,Normal
EXP.1,2024-04-04,26,14:00,2024-04-04 14:00:00,R1T2,T2,5.8,1.91,,29.5,46.64,25.53,419.54,25.20266666666667,17.74,37.27,50.618,444.90333333333336,15.0,6.2,-0.40000000000000036,6.033333333333334,1.77,0.1399999999999999,1.8166666666666664,28.3,1.1999999999999993,28.399999999999995,69530.0,Multiple_Stress,
EXP.3,2024-05-23,3,10:00,2024-05-23 10:00:00,R3T2,T2,7.7,1.75,0.875,22.8,58.77,27.08,448.88,25.587500000000002,23.22,30.39,61.07333333333333,448.56375,24.0,7.6,0.10000000000000053,7.6000000000000005,2.8,-1.0499999999999998,2.4166666666666665,22.0,0.8000000000000007,22.833333333333332,1664.0,pH_High,Multiple_Stress
EXP.2,2024-05-12,30,10:00,2024-05-12 10:00:00,R2T2,T2,6.8,2.23,1.115,18.9,58.0,23.38,443.59,21.3575,17.48,25.23,59.34791666666666,446.99291666666664,24.0,6.5,0.2999999999999998,6.633333333333333,2.21,0.020000000000000018,2.2866666666666666,21.5,-2.6000000000000014,19.333333333333332,33100.0,Normal,Normal
EXP.2,2024-04-20,8,14:00,2024-04-20 14:00:00,R2T1,T1,5.9,1.74,0.87,27.8,49.29,26.91,418.79,22.569999999999997,16.61,29.55,57.791666666666664,447.3833333333334,24.0,5.8,0.10000000000000053,5.866666666666667,1.75,-0.010000000000000009,1.75,24.0,3.8000000000000007,26.46666666666667,,Multiple_Stress,Normal
EXP.1,2024-03-20,11,10:00,2024-03-20 10:00:00,R2T2,T2,5.4,1.99,0.995,22.1,51.46,22.97,436.88,18.465833333333332,10.63,26.32,57.98916666666667,471.80041666666665,24.0,5.7,-0.2999999999999998,5.633333333333333,1.94,0.050000000000000044,1.9633333333333332,23.0,-0.8999999999999986,22.633333333333336,36200.0,pH_Low,Normal
EXP.2,2024-04-22,10,14:00,2024-04-22 14:00:00,R1T1,T1,6.1,1.75,0.875,25.6,46.81,27.06,427.15,22.242083333333337,16.06,27.87,56.00833333333333,462.3645833333333,24.0,6.2,-0.10000000000000053,6.1000000000000005,1.76,-0.010000000000000009,1.7633333333333334,23.6,2.0,24.366666666666664,79490.0,Humidity_Low,Humidity_Low
EXP.2,2024-04-20,8,10:00,2024-04-20 10:00:00,R1T2,T2,5.8,2.22,1.11,25.2,50.75,27.57,437.49,22.569999999999997,16.61,29.55,57.791666666666664,447.3833333333334,24.0,6.2,-0.40000000000000036,6.033333333333334,2.21,0.010000000000000231,2.216666666666667,28.3,-3.1000000000000014,26.03333333333333,,Normal,Humidity_Low
EXP.1,2024-04-04,26,14:00,2024-04-04 14:00:00,R2T2,T2,6.2,1.67,,28.8,46.64,25.53,419.54,25.20266666666667,17.74,37.27,50.618,444.90333333333336,15.0,6.6,-0.39999999999999947,6.433333333333334,1.55,0.11999999999999988,1.5933333333333335,27.2,1.6000000000000014,26.833333333333332,69530.0,Multiple_Stress,
EXP.2,2024-04-19,7,14:00,2024-04-19 14:00:00,R2T1,T1,5.9,1.76,0.88,27.6,50.41,26.37,425.01,22.238333333333333,17.55,28.12,58.35375,454.3254166666666,24.0,6.2,-0.2999999999999998,6.266666666666667,1.79,-0.030000000000000027,1.7666666666666666,25.0,2.6000000000000014,26.133333333333336,,WaterTemp_High,Normal
EXP.3,2024-05-23,3,10:00,2024-05-23 10:00:00,R3T1,T1,7.2,1.75,0.875,22.5,58.77,27.08,448.88,25.587500000000002,23.22,30.39,61.07333333333333,448.56375,24.0,7.1,0.10000000000000053,7.266666666666667,2.55,-0.7999999999999998,2.143333333333333,21.5,1.0,22.100000000000005,1664.0,pH_High,pH_High
EXP.1,2024-03-23,14,14:00,2024-03-23 14:00:00,R3T2,T2,,,0.0,,48.25,24.7,408.7,18.180799999999998,10.34,25.37,56.098,457.46479999999997,25.0,5.8,,5.8,1.74,,1.735,26.9,,25.950000000000003,,Humidity_Low,WaterTemp_High
EXP.1,2024-03-23,14,14:00,2024-03-23 14:00:00,R1T1,T1,,,0.0,,48.25,24.7,408.7,18.180799999999998,10.34,25.37,56.098,457.46479999999997,25.0,5.8,,5.8,1.87,,1.8649999999999998,24.7,,24.9,,Humidity_Low,Normal
EXP.2,2024-04-13,1,10:00,2024-04-13 10:00:00,R3T2,T2,7.0,2.1,1.05,19.0,69.0,24.6,,,,,,,,,,7.0,,,2.1,,,19.0,26660.0,Normal,Normal
EXP.2,2024-04-14,2,14:00,2024-04-14 14:00:00,R3T1,T1,7.1,1.95,0.975,20.6,64.2,25.3,,,,,,,,6.8,0.2999999999999998,6.866666666666667,1.9,0.050000000000000044,1.9266666666666665,18.1,2.5,18.900000000000002,12720.0,pH_High,Normal
EXP.3,2024-05-23,3,10:00,2024-05-23 10:00:00,R3T1,T1,7.2,1.75,0.875,22.5,58.77,27.08,448.88,25.587500000000002,23.22,30.39,61.07333333333333,448.56375,24.0,7.1,0.10000000000000053,7.266666666666667,2.55,-0.7999999999999998,2.143333333333333,21.5,1.0,22.100000000000005,1664.0,pH_High,pH_High
EXP.2,2024-05-12,30,14:00,2024-05-12 14:00:00,R1T1,T1,7.1,1.76,0.88,22.5,54.47,24.42,427.85,21.3575,17.48,25.23,59.34791666666666,446.99291666666664,24.0,7.1,0.0,6.8999999999999995,1.75,0.010000000000000009,1.7499999999999998,19.8,2.6999999999999993,21.8,3090.0,pH_High,
EXP.3,2024-05-23,3,14:00,2024-05-23 14:00:00,R3T2,T2,7.6,2.73,1.365,24.5,54.77,27.05,431.44,25.587500000000002,23.22,30.39,61.07333333333333,448.56375,24.0,7.7,-0.10000000000000053,7.633333333333333,1.75,0.98,2.4266666666666663,22.8,1.6999999999999993,23.099999999999998,33360.0,Multiple_Stress,Multiple_Stress
EXP.2,2024-04-18,6,14:00,2024-04-18 14:00:00,R2T2,T2,6.5,2.27,1.135,25.8,49.91,26.83,421.75,23.874166666666667,19.62,28.26,56.20291666666666,448.48291666666665,24.0,6.5,0.0,6.333333333333333,2.27,0.0,2.15,24.9,0.9000000000000021,25.866666666666664,,Humidity_Low,Normal
EXP.3,2024-06-13,24,10:00,2024-06-13 10:00:00,R2T2,T2,7.3,2.16,1.08,22.6,64.0,27.83,449.24,26.022916666666664,22.96,30.33,65.69125,447.28833333333336,24.0,,,7.3,3.18,-1.02,2.84,23.2,-0.5999999999999979,23.333333333333332,23290.0,pH_High,Multiple_Stress
EXP.2,2024-05-08,26,10:00,2024-05-08 10:00:00,R2T2,T2,6.4,2.53,1.265,18.1,54.99,25.36,440.29,19.66208333333333,15.98,25.36,55.39083333333334,451.8008333333333,24.0,6.0,0.40000000000000036,6.3999999999999995,2.48,0.04999999999999982,2.5033333333333334,19.1,-1.0,18.033333333333335,25600.0,EC_High,Normal
EXP.1,2024-03-22,13,14:00,2024-03-22 14:00:00,R3T1,T1,5.8,1.87,0.935,24.7,49.81,23.95,406.99,18.142083333333336,10.66,25.6,57.46875,456.0833333333333,24.0,5.9,-0.10000000000000053,5.866666666666667,1.86,0.010000000000000009,1.8733333333333333,23.9,0.8000000000000007,24.13333333333333,,Humidity_Low,Humidity_Low
EXP.1,2024-03-22,13,14:00,2024-03-22 14:00:00,R2T1,T1,5.7,1.88,0.94,24.4,49.81,23.95,406.99,18.142083333333336,10.66,25.6,57.46875,456.0833333333333,24.0,5.8,-0.09999999999999964,5.766666666666666,1.88,0.0,1.8866666666666667,24.0,0.3999999999999986,24.099999999999998,,Humidity_Low,Humidity_Low
EXP.1,2024-03-14,5,10:00,2024-03-14 10:00:00,R3T1,T1,5.8,1.99,0.995,24.0,54.44,22.36,425.7,19.02125,13.28,25.03,59.577916666666674,449.6683333333333,24.0,5.7,0.09999999999999964,5.766666666666667,2.0,-0.010000000000000009,2.0033333333333334,26.0,-2.0,24.0,,Normal,Normal
EXP.3,2024-06-08,19,14:00,2024-06-08 14:00:00,R1T2,T2,6.7,2.75,1.375,24.9,57.39,30.61,437.68,26.795833333333334,23.75,31.0,63.401250000000005,459.2945833333333,24.0,6.8,-0.09999999999999964,6.933333333333334,2.74,0.009999999999999787,2.346666666666667,22.3,2.599999999999998,23.133333333333336,,Multiple_Stress,EC_High
EXP.3,2024-06-14,25,14:00,2024-06-14 14:00:00,R2T1,T1,7.3,3.52,1.76,32.4,37.73,44.49,493.81,30.522499999999997,24.39,44.49,57.343333333333334,456.2191666666667,24.0,7.6,-0.2999999999999998,7.466666666666666,2.89,0.6299999999999999,3.0966666666666662,23.3,9.099999999999998,26.63333333333333,28890.0,Multiple_Stress,Multiple_Stress
EXP.2,2024-05-12,30,14:00,2024-05-12 14:00:00,R1T2,T2,6.9,2.22,1.11,20.5,54.47,24.42,427.85,21.3575,17.48,25.23,59.34791666666666,446.99291666666664,24.0,6.9,0.0,6.766666666666667,2.19,0.03000000000000025,2.2033333333333336,19.3,1.1999999999999993,20.3,3090.0,Normal,
EXP.3,2024-06-08,19,14:00,2024-06-08 14:00:00,R1T1,T1,6.1,2.7,1.35,25.3,57.39,30.61,437.68,26.795833333333334,23.75,31.0,63.401250000000005,459.2945833333333,24.0,6.0,0.09999999999999964,6.3,2.76,-0.05999999999999961,2.6666666666666665,23.0,2.3000000000000007,22.933333333333337,,Multiple_Stress,EC_High
EXP.2,2024-04-26,14,14:00,2024-04-26 14:00:00,R3T1,T1,5.9,1.74,0.87,26.5,55.75,23.24,436.06,22.731739130434786,18.97,27.27,60.44869565217391,453.9904347826087,23.0,5.9,0.0,5.9,1.75,-0.010000000000000009,1.7433333333333334,23.6,2.8999999999999986,25.7,46260.0,WaterTemp_High,Normal
EXP.3,2024-05-22,2,10:00,2024-05-22 10:00:00,R2T2,T2,7.7,2.5,1.25,21.2,58.98,26.31,442.47,25.58583333333333,23.05,28.88,60.81166666666667,445.5541666666666,24.0,7.6,0.10000000000000053,7.7,2.5,0.0,2.6,23.2,-2.0,21.900000000000002,1944.0,pH_High,pH_High
EXP.1,2024-03-19,10,10:00,2024-03-19 10:00:00,R1T2,T2,5.2,1.87,0.935,25.4,54.42,26.66,437.08,18.850416666666664,12.59,28.13,59.45541666666667,459.2029166666667,24.0,5.2,0.0,5.166666666666667,1.91,-0.039999999999999813,1.89,24.7,0.6999999999999993,25.0,75050.0,pH_Low,pH_Low
EXP.1,2024-03-20,11,10:00,2024-03-20 10:00:00,R1T1,T1,5.4,1.9,0.95,22.2,51.46,22.97,436.88,18.465833333333332,10.63,26.32,57.98916666666667,471.80041666666665,24.0,5.6,-0.1999999999999993,5.533333333333332,1.89,0.010000000000000009,1.89,25.1,-2.900000000000002,23.3,36200.0,pH_Low,Normal
EXP.1,2024-03-20,11,10:00,2024-03-20 10:00:00,R2T2,T2,5.4,1.99,0.995,22.1,51.46,22.97,436.88,18.465833333333332,10.63,26.32,57.98916666666667,471.80041666666665,24.0,5.7,-0.2999999999999998,5.633333333333333,1.94,0.050000000000000044,1.9633333333333332,23.0,-0.8999999999999986,22.633333333333336,36200.0,pH_Low,Normal
EXP.1,2024-04-01,23,14:00,2024-04-01 14:00:00,R3T2,T2,7.0,1.17,0.585,28.3,52.18,26.42,410.96,22.912499999999998,17.47,30.8,57.57416666666666,448.78541666666666,24.0,6.3,0.7000000000000002,6.65,1.63,-0.45999999999999996,1.4,29.2,-0.8999999999999986,28.75,,Multiple_Stress,WaterTemp_High
EXP.1,2024-03-23,14,14:00,2024-03-23 14:00:00,R1T2,T2,,,0.0,,48.25,24.7,408.7,18.180799999999998,10.34,25.37,56.098,457.46479999999997,25.0,5.5,,5.549999999999999,1.8,,1.8,25.5,,24.5,,Humidity_Low,Normal
EXP.1,2024-04-01,23,14:00,2024-04-01 14:00:00,R2T1,T1,6.9,1.15,0.575,26.9,52.18,26.42,410.96,22.912499999999998,17.47,30.8,57.57416666666666,448.78541666666666,24.0,6.7,0.20000000000000018,6.800000000000001,1.51,-0.3600000000000001,1.33,25.2,1.6999999999999993,26.049999999999997,,Multiple_Stress,Normal
EXP.3,2024-06-12,23,10:00,2024-06-12 10:00:00,R3T2,T2,,3.15,1.575,23.5,63.9,26.44,450.86,24.946250000000003,21.88,28.31,65.50083333333333,451.4566666666667,24.0,7.3,,7.3,3.15,0.0,3.143333333333333,24.5,-1.0,23.766666666666666,26830.0,EC_High,Multiple_Stress
EXP.1,2024-03-20,11,10:00,2024-03-20 10:00:00,R1T1,T1,5.4,1.9,0.95,22.2,51.46,22.97,436.88,18.465833333333332,10.63,26.32,57.98916666666667,471.80041666666665,24.0,5.6,-0.1999999999999993,5.533333333333332,1.89,0.010000000000000009,1.89,25.1,-2.900000000000002,23.3,36200.0,pH_Low,Normal
EXP.2,2024-04-28,16,14:00,2024-04-28 14:00:00,R2T1,T1,5.9,1.7,0.85,26.2,56.07,24.15,442.47,22.252499999999998,18.61,27.42,61.467083333333335,463.61291666666665,24.0,5.9,0.0,5.933333333333334,1.7,0.0,1.7,22.0,4.199999999999999,24.799999999999997,32660.0,WaterTemp_High,Normal
EXP.3,2024-05-23,3,14:00,2024-05-23 14:00:00,R3T1,T1,7.3,2.0,1.0,23.8,54.77,27.05,431.44,25.587500000000002,23.22,30.39,61.07333333333333,448.56375,24.0,7.2,0.09999999999999964,7.2,1.75,0.25,2.0999999999999996,22.5,1.3000000000000007,22.599999999999998,33360.0,pH_High,pH_High
EXP.2,2024-05-10,28,14:00,2024-05-10 14:00:00,R2T2,T2,6.6,2.31,1.155,20.2,50.75,25.01,410.95,23.433333333333334,20.66,26.33,53.267500000000005,426.5108333333333,24.0,6.5,0.09999999999999964,6.533333333333334,2.4,-0.08999999999999986,2.37,17.8,2.3999999999999986,19.433333333333334,22800.0,Normal,WaterTemp_Low
EXP.3,2024-05-22,2,10:00,2024-05-22 10:00:00,R2T2,T2,7.7,2.5,1.25,21.2,58.98,26.31,442.47,25.58583333333333,23.05,28.88,60.81166666666667,445.5541666666666,24.0,7.6,0.10000000000000053,7.7,2.5,0.0,2.6,23.2,-2.0,21.900000000000002,1944.0,pH_High,pH_High
EXP.3,2024-05-21,1,14:00,2024-05-21 14:00:00,R3T2,T2,7.5,2.7,1.35,23.7,53.42,27.65,426.63,25.346666666666668,22.29,27.7,59.06458333333333,450.37083333333334,24.0,7.7,-0.20000000000000018,7.6,2.7,0.0,2.7,21.7,2.0,22.7,,Multiple_Stress,Multiple_Stress
EXP.2,2024-04-26,14,14:00,2024-04-26 14:00:00,R1T1,T1,6.0,1.75,0.875,26.2,55.75,23.24,436.06,22.731739130434786,18.97,27.27,60.44869565217391,453.9904347826087,23.0,6.0,0.0,6.0,1.75,0.0,1.7533333333333332,23.6,2.599999999999998,25.599999999999998,46260.0,WaterTemp_High,Normal
EXP.3,2024-06-17,28,10:00,2024-06-17 10:00:00,R3T2,T2,7.5,3.13,1.565,22.2,61.52,25.28,450.88,25.07375,22.48,27.5,63.709583333333335,456.3416666666667,24.0,7.5,0.0,7.533333333333332,3.15,-0.020000000000000018,3.106666666666667,24.3,-2.1000000000000014,26.400000000000002,,Multiple_Stress,Multiple_Stress
EXP.1,2024-03-23,14,14:00,2024-03-23 14:00:00,R1T2,T2,,,0.0,,48.25,24.7,408.7,18.180799999999998,10.34,25.37,56.098,457.46479999999997,25.0,5.5,,5.549999999999999,1.8,,1.8,25.5,,24.5,,Humidity_Low,Normal
EXP.1,2024-03-18,9,10:00,2024-03-18 10:00:00,R1T2,T2,5.2,1.91,0.955,24.7,53.95,26.53,426.75,18.576249999999998,13.61,26.53,59.49125,457.72125,24.0,5.1,0.10000000000000053,5.3,1.89,0.020000000000000018,1.9166666666666667,24.9,-0.1999999999999993,24.933333333333334,27600.0,pH_Low,pH_Low
EXP.3,2024-06-10,21,10:00,2024-06-10 10:00:00,R3T1,T1,6.2,2.86,1.43,21.0,66.53,27.37,481.77,25.564166666666665,23.01,29.41,66.66666666666667,453.6458333333333,24.0,6.2,0.0,6.2,2.83,0.029999999999999805,2.846666666666667,23.6,-2.6000000000000014,22.133333333333336,,EC_High,EC_High
EXP.1,2024-03-20,11,10:00,2024-03-20 10:00:00,R1T2,T2,5.0,1.93,0.965,24.1,51.46,22.97,436.88,18.465833333333332,10.63,26.32,57.98916666666667,471.80041666666665,24.0,5.2,-0.20000000000000018,5.133333333333333,1.87,0.05999999999999983,1.9033333333333333,25.4,-1.2999999999999972,24.733333333333334,36200.0,pH_Low,Normal
EXP.1,2024-04-03,25,10:00,2024-04-03 10:00:00,R3T2,T2,6.4,1.64,0.82,28.4,,,,,,,,,,6.5,-0.09999999999999964,6.433333333333334,1.71,-0.07000000000000006,1.6933333333333334,29.4,-1.0,28.866666666666664,,WaterTemp_High,WaterTemp_High
EXP.3,2024-05-21,1,10:00,2024-05-21 10:00:00,R1T1,T1,6.9,2.17,1.085,21.4,56.85,27.24,457.03,25.346666666666668,22.29,27.7,59.06458333333333,450.37083333333334,24.0,,,6.9,,,2.17,,,21.4,,Normal,EC_High
EXP.1,2024-03-20,11,10:00,2024-03-20 10:00:00,R2T2,T2,5.4,1.99,0.995,22.1,51.46,22.97,436.88,18.465833333333332,10.63,26.32,57.98916666666667,471.80041666666665,24.0,5.7,-0.2999999999999998,5.633333333333333,1.94,0.050000000000000044,1.9633333333333332,23.0,-0.8999999999999986,22.633333333333336,36200.0,pH_Low,Normal
EXP.2,2024-04-14,2,14:00,2024-04-14 14:00:00,R3T2,T2,7.1,2.2,1.1,21.2,64.2,25.3,,,,,,,,6.9,0.1999999999999993,7.0,2.13,0.07000000000000028,2.143333333333333,19.2,2.0,19.8,12720.0,pH_High,Normal
EXP.2,2024-05-05,23,14:00,2024-05-05 14:00:00,R2T2,T2,6.4,2.51,1.255,21.9,52.18,22.72,438.32,20.685,16.17,28.31,54.78863636363636,459.26,22.0,6.4,0.0,6.366666666666667,2.52,-0.010000000000000231,2.6466666666666665,19.0,2.8999999999999986,21.166666666666668,41770.0,EC_High,Normal
EXP.2,2024-04-22,10,14:00,2024-04-22 14:00:00,R3T2,T2,5.8,2.22,1.11,27.0,46.81,27.06,427.15,22.242083333333337,16.06,27.87,56.00833333333333,462.3645833333333,24.0,5.8,0.0,5.933333333333333,2.22,0.0,2.226666666666667,25.1,1.8999999999999986,26.400000000000002,79490.0,Multiple_Stress,Multiple_Stress
EXP.1,2024-03-12,3,14:00,2024-03-12 14:00:00,R1T2,T2,5.4,1.98,0.99,25.4,50.59,22.78,404.6,17.968125,11.27,25.45,57.156875,432.4475,16.0,5.4,0.0,5.4,1.98,0.0,1.9666666666666668,21.4,4.0,23.099999999999998,45190.0,pH_Low,Normal
EXP.3,2024-06-12,23,10:00,2024-06-12 10:00:00,R2T2,T2,,3.18,1.59,23.2,63.9,26.44,450.86,24.946250000000003,21.88,28.31,65.50083333333333,451.4566666666667,24.0,7.3,,7.25,3.18,0.0,3.1733333333333333,24.2,-1.0,23.5,26830.0,EC_High,pH_High
EXP.2,2024-04-22,10,10:00,2024-04-22 10:00:00,R1T1,T1,6.2,1.76,0.88,23.6,49.44,25.39,445.85,22.242083333333337,16.06,27.87,56.00833333333333,462.3645833333333,24.0,6.0,0.20000000000000018,6.066666666666667,1.78,-0.020000000000000018,1.7733333333333334,23.9,-0.29999999999999716,23.8,77040.0,Humidity_Low,Humidity_Low
EXP.2,2024-04-26,14,14:00,2024-04-26 14:00:00,R1T2,T2,5.7,2.2,1.1,26.7,55.75,23.24,436.06,22.731739130434786,18.97,27.27,60.44869565217391,453.9904347826087,23.0,5.6,0.10000000000000053,5.633333333333333,2.2,0.0,2.2,23.7,3.0,25.966666666666665,46260.0,WaterTemp_High,Normal
EXP.1,2024-03-11,2,10:00,2024-03-11 10:00:00,R1T1,T1,5.3,2.0,1.0,19.3,48.4,24.34,425.57,17.557916666666667,9.81,25.72,55.17083333333333,448.75083333333333,24.0,6.9,-1.6000000000000005,6.1,1.61,0.3899999999999999,1.8050000000000002,22.5,-3.1999999999999993,20.9,50330.0,Multiple_Stress,Multiple_Stress
EXP.3,2024-06-09,20,14:00,2024-06-09 14:00:00,R1T2,T2,6.7,2.76,1.38,23.3,58.81,27.94,420.01,25.879583333333333,23.42,28.86,65.02166666666666,441.12166666666667,24.0,6.8,-0.09999999999999964,6.733333333333333,2.75,0.009999999999999787,2.7533333333333334,21.9,1.4000000000000021,23.366666666666664,,EC_High,EC_High
EXP.3,2024-05-23,3,10:00,2024-05-23 10:00:00,R2T2,T2,7.6,1.76,0.88,22.5,58.77,27.08,448.88,25.587500000000002,23.22,30.39,61.07333333333333,448.56375,24.0,7.7,-0.10000000000000053,7.633333333333333,2.5,-0.74,2.2533333333333334,21.2,1.3000000000000007,22.3,1664.0,pH_High,pH_High
EXP.3,2024-05-23,3,14:00,2024-05-23 14:00:00,R2T2,T2,7.7,2.2,1.1,24.1,54.77,27.05,431.44,25.587500000000002,23.22,30.39,61.07333333333333,448.56375,24.0,7.6,0.10000000000000053,7.666666666666667,1.76,0.44000000000000017,2.1533333333333333,22.5,1.6000000000000014,22.599999999999998,33360.0,pH_High,pH_High
EXP.1,2024-03-20,11,10:00,2024-03-20 10:00:00,R1T2,T2,5.0,1.93,0.965,24.1,51.46,22.97,436.88,18.465833333333332,10.63,26.32,57.98916666666667,471.80041666666665,24.0,5.2,-0.20000000000000018,5.133333333333333,1.87,0.05999999999999983,1.9033333333333333,25.4,-1.2999999999999972,24.733333333333334,36200.0,pH_Low,Normal
EXP.2,2024-04-28,16,14:00,2024-04-28 14:00:00,R3T2,T2,5.7,2.24,1.12,26.5,56.07,24.15,442.47,22.252499999999998,18.61,27.42,61.467083333333335,463.61291666666665,24.0,5.7,0.0,5.733333333333333,2.24,0.0,2.236666666666667,22.3,4.199999999999999,25.099999999999998,32660.0,WaterTemp_High,Normal
EXP.2,2024-04-28,16,14:00,2024-04-28 14:00:00,R3T2,T2,5.7,2.24,1.12,26.5,56.07,24.15,442.47,22.252499999999998,18.61,27.42,61.467083333333335,463.61291666666665,24.0,5.7,0.0,5.733333333333333,2.24,0.0,2.236666666666667,22.3,4.199999999999999,25.099999999999998,32660.0,WaterTemp_High,Normal
EXP.2,2024-04-26,14,14:00,2024-04-26 14:00:00,R1T2,T2,5.7,2.2,1.1,26.7,55.75,23.24,436.06,22.731739130434786,18.97,27.27,60.44869565217391,453.9904347826087,23.0,5.6,0.10000000000000053,5.633333333333333,2.2,0.0,2.2,23.7,3.0,25.966666666666665,46260.0,WaterTemp_High,Normal
EXP.3,2024-06-12,23,10:00,2024-06-12 10:00:00,R1T2,T2,,2.91,1.455,22.6,63.9,26.44,450.86,24.946250000000003,21.88,28.31,65.50083333333333,451.4566666666667,24.0,7.4,,7.35,3.18,-0.27,3.003333333333334,24.2,-1.5999999999999979,22.96666666666667,26830.0,EC_High,Multiple_Stress
EXP.1,2024-03-12,3,14:00,2024-03-12 14:00:00,R1T2,T2,5.4,1.98,0.99,25.4,50.59,22.78,404.6,17.968125,11.27,25.45,57.156875,432.4475,16.0,5.4,0.0,5.4,1.98,0.0,1.9666666666666668,21.4,4.0,23.099999999999998,45190.0,pH_Low,Normal
EXP.1,2024-03-11,2,10:00,2024-03-11 10:00:00,R1T1,T1,5.3,2.0,1.0,19.3,48.4,24.34,425.57,17.557916666666667,9.81,25.72,55.17083333333333,448.75083333333333,24.0,6.9,-1.6000000000000005,6.1,1.61,0.3899999999999999,1.8050000000000002,22.5,-3.1999999999999993,20.9,50330.0,Multiple_Stress,Multiple_Stress
EXP.1,2024-03-30,21,10:00,2024-03-30 10:00:00,R1T1,T1,6.9,1.71,0.855,26.5,54.83,25.98,436.82,21.84875,17.33,26.97,60.32583333333333,455.5841666666667,24.0,6.7,0.20000000000000018,6.800000000000001,1.87,-0.16000000000000014,1.79,26.7,-0.1999999999999993,26.6,,WaterTemp_High,WaterTemp_High
EXP.3,2024-05-23,3,14:00,2024-05-23 14:00:00,R3T1,T1,7.3,2.0,1.0,23.8,54.77,27.05,431.44,25.587500000000002,23.22,30.39,61.07333333333333,448.56375,24.0,7.2,0.09999999999999964,7.2,1.75,0.25,2.0999999999999996,22.5,1.3000000000000007,22.599999999999998,33360.0,pH_High,pH_High
EXP.3,2024-06-13,24,14:00,2024-06-13 14:00:00,R1T2,T2,7.1,3.02,1.51,23.8,57.17,30.33,437.98,26.022916666666664,22.96,30.33,65.69125,447.28833333333336,24.0,7.4,-0.3000000000000007,7.25,2.85,0.16999999999999993,2.926666666666667,22.0,1.8000000000000007,22.8,23550.0,Multiple_Stress,Multiple_Stress
EXP.3,2024-05-23,3,10:00,2024-05-23 10:00:00,R2T2,T2,7.6,1.76,0.88,22.5,58.77,27.08,448.88,25.587500000000002,23.22,30.39,61.07333333333333,448.56375,24.0,7.7,-0.10000000000000053,7.633333333333333,2.5,-0.74,2.2533333333333334,21.2,1.3000000000000007,22.3,1664.0,pH_High,pH_High
EXP.3,2024-05-21,1,14:00,2024-05-21 14:00:00,R3T1,T1,7.5,2.13,1.065,22.3,53.42,27.65,426.63,25.346666666666668,22.29,27.7,59.06458333333333,450.37083333333334,24.0,7.6,-0.09999999999999964,7.55,2.6,-0.4700000000000002,2.365,21.3,1.0,21.8,,pH_High,Multiple_Stress
EXP.1,2024-03-30,21,14:00,2024-03-30 14:00:00,R3T1,T1,6.7,1.74,0.87,27.5,53.07,25.79,419.13,21.84875,17.33,26.97,60.32583333333333,455.5841666666667,24.0,6.6,0.10000000000000053,6.633333333333333,1.67,0.07000000000000006,1.7299999999999998,25.3,2.1999999999999993,26.333333333333332,,WaterTemp_High,Normal
EXP.1,2024-03-12,3,10:00,2024-03-12 10:00:00,R1T2,T2,5.4,1.98,0.99,21.4,50.18,23.12,411.77,17.968125,11.27,25.45,57.156875,432.4475,16.0,5.4,0.0,5.466666666666666,1.94,0.040000000000000036,1.9533333333333331,22.5,-1.1000000000000014,20.833333333333332,60540.0,pH_Low,pH_Low
EXP.3,2024-06-17,28,14:00,2024-06-17 14:00:00,R2T2,T2,7.6,2.82,1.41,22.5,56.84,27.5,439.5,25.07375,22.48,27.5,63.709583333333335,456.3416666666667,24.0,7.6,0.0,7.6,2.86,-0.040000000000000036,2.8366666666666664,21.2,1.3000000000000007,22.366666666666664,,Multiple_Stress,
EXP.2,2024-04-16,4,10:00,2024-04-16 10:00:00,R2T2,T2,7.0,1.95,0.975,26.0,57.77,28.28,485.7,24.50857142857143,19.07,28.57,57.79714285714285,455.0364285714286,14.0,7.2,-0.20000000000000018,6.966666666666666,2.5,-0.55,2.2366666666666664,20.0,6.0,21.3,7750.0,Normal,Multiple_Stress
EXP.3,2024-06-09,20,10:00,2024-06-09 10:00:00,R2T1,T1,6.3,3.05,1.525,21.9,63.88,27.41,442.02,25.879583333333333,23.42,28.86,65.02166666666666,441.12166666666667,24.0,6.2,0.09999999999999964,6.233333333333333,3.05,0.0,3.05,25.1,-3.200000000000003,23.233333333333334,,EC_High,EC_High
EXP.2,2024-05-05,23,14:00,2024-05-05 14:00:00,R3T1,T1,6.4,2.8,1.4,22.3,52.18,22.72,438.32,20.685,16.17,28.31,54.78863636363636,459.26,22.0,6.4,0.0,6.4,2.29,0.5099999999999998,2.4066666666666667,19.0,3.3000000000000007,21.433333333333337,41770.0,EC_High,Multiple_Stress
EXP.1,2024-03-28,19,10:00,2024-03-28 10:00:00,R3T2,T2,6.0,1.82,0.91,28.2,51.56,23.93,425.26,21.36791666666667,14.18,27.25,55.85958333333334,470.43625,24.0,6.1,-0.09999999999999964,6.199999999999999,1.82,0.0,1.82,27.9,0.3000000000000007,28.0,47100.0,WaterTemp_High,Normal
EXP.1,2024-03-31,22,14:00,2024-03-31 14:00:00,R2T1,T1,,,0.0,,52.71,26.99,426.11,22.840416666666666,17.48,28.45,59.55291666666667,460.57124999999996,24.0,,,6.8,,,1.67,,,27.5,,Normal,Normal
EXP.2,2024-05-06,24,14:00,2024-05-06 14:00:00,R1T2,T2,6.4,2.52,1.26,21.1,52.5,25.73,439.29,20.535,16.73,25.73,55.959583333333335,462.6325,24.0,6.5,-0.09999999999999964,6.433333333333334,2.58,-0.06000000000000005,2.533333333333333,17.2,3.900000000000002,20.03333333333333,35770.0,EC_High,Normal
EXP.2,2024-04-18,6,14:00,2024-04-18 14:00:00,R2T1,T1,6.7,1.75,0.875,25.8,49.91,26.83,421.75,23.874166666666667,19.62,28.26,56.20291666666666,448.48291666666665,24.0,6.7,0.0,6.7,1.71,0.040000000000000036,1.61,25.8,0.0,26.333333333333332,,Humidity_Low,Normal
EXP.2,2024-04-22,10,10:00,2024-04-22 10:00:00,R1T1,T1,6.2,1.76,0.88,23.6,49.44,25.39,445.85,22.242083333333337,16.06,27.87,56.00833333333333,462.3645833333333,24.0,6.0,0.20000000000000018,6.066666666666667,1.78,-0.020000000000000018,1.7733333333333334,23.9,-0.29999999999999716,23.8,77040.0,Humidity_Low,Humidity_Low
EXP.2,2024-04-23,11,10:00,2024-04-23 10:00:00,R3T1,T1,5.7,1.73,0.865,24.3,47.19,30.0,442.42,24.49625,17.34,34.79,53.95791666666667,456.20625,24.0,6.0,-0.2999999999999998,5.933333333333334,1.73,0.0,1.73,25.4,-1.0999999999999979,25.03333333333333,70360.0,Humidity_Low,Multiple_Stress
EXP.3,2024-06-13,24,10:00,2024-06-13 10:00:00,R3T1,T1,7.2,3.01,1.505,22.1,64.0,27.83,449.24,26.022916666666664,22.96,30.33,65.69125,447.28833333333336,24.0,7.3,-0.09999999999999964,7.25,2.9,0.10999999999999988,3.0,,,22.4,23290.0,Multiple_Stress,Multiple_Stress
EXP.1,2024-03-20,11,10:00,2024-03-20 10:00:00,R1T1,T1,5.4,1.9,0.95,22.2,51.46,22.97,436.88,18.465833333333332,10.63,26.32,57.98916666666667,471.80041666666665,24.0,5.6,-0.1999999999999993,5.533333333333332,1.89,0.010000000000000009,1.89,25.1,-2.900000000000002,23.3,36200.0,pH_Low,Normal
EXP.1,2024-03-12,3,10:00,2024-03-12 10:00:00,R1T2,T2,5.4,1.98,0.99,21.4,50.18,23.12,411.77,17.968125,11.27,25.45,57.156875,432.4475,16.0,5.4,0.0,5.466666666666666,1.94,0.040000000000000036,1.9533333333333331,22.5,-1.1000000000000014,20.833333333333332,60540.0,pH_Low,pH_Low
EXP.1,2024-04-04,26,14:00,2024-04-04 14:00:00,R1T1,T1,6.1,1.76,,28.7,46.64,25.53,419.54,25.20266666666667,17.74,37.27,50.618,444.90333333333336,15.0,6.2,-0.10000000000000053,6.099999999999999,1.63,0.13000000000000012,1.6733333333333331,27.1,1.5999999999999979,26.866666666666664,69530.0,Multiple_Stress,
EXP.1,2024-03-15,6,10:00,2024-03-15 10:00:00,R2T2,T2,5.9,2.1,1.05,23.4,47.81,26.82,407.63,19.426666666666666,11.81,29.17,54.786249999999995,447.69416666666666,24.0,5.9,0.0,5.9,2.02,0.08000000000000007,2.0399999999999996,25.6,-2.200000000000003,23.96666666666667,,Humidity_Low,Normal
EXP.2,2024-04-27,15,10:00,2024-04-27 10:00:00,R2T2,T2,5.9,2.3,1.15,22.3,59.48,24.76,455.83,22.160416666666666,18.46,26.74,61.01666666666667,458.7083333333333,24.0,5.7,0.20000000000000018,5.766666666666667,2.29,0.009999999999999787,2.296666666666667,26.9,-4.599999999999998,24.366666666666664,13230.0,Normal,WaterTemp_High
EXP.2,2024-04-30,18,14:00,2024-04-30 14:00:00,R1T1,T1,6.4,1.74,0.87,26.3,57.39,24.31,440.96,22.271666666666665,18.46,26.36,62.16041666666666,453.81333333333333,24.0,6.4,0.0,6.3,1.74,0.0,1.7333333333333334,23.2,3.1000000000000014,24.833333333333332,37780.0,WaterTemp_High,Normal
EXP.1,2024-04-03,25,10:00,2024-04-03 10:00:00,R3T2,T2,6.4,1.64,0.82,28.4,,,,,,,,,,6.5,-0.09999999999999964,6.433333333333334,1.71,-0.07000000000000006,1.6933333333333334,29.4,-1.0,28.866666666666664,,WaterTemp_High,WaterTemp_High
EXP.3,2024-06-17,28,14:00,2024-06-17 14:00:00,R3T1,T1,7.5,3.06,1.53,22.1,56.84,27.5,439.5,25.07375,22.48,27.5,63.709583333333335,456.3416666666667,24.0,7.5,0.0,7.466666666666666,2.99,0.06999999999999984,3.22,21.1,1.0,22.100000000000005,,Multiple_Stress,Multiple_Stress
EXP.1,2024-03-27,18,10:00,2024-03-27 10:00:00,R2T2,T2,6.5,1.78,0.89,24.1,49.17,25.06,441.42,21.109583333333333,16.16,26.28,55.38833333333333,450.795,24.0,6.1,0.40000000000000036,6.2,1.82,-0.040000000000000036,1.8099999999999998,24.6,-0.5,23.366666666666664,79530.0,Humidity_Low,Humidity_Low
EXP.3,2024-06-12,23,10:00,2024-06-12 10:00:00,R3T2,T2,,3.15,1.575,23.5,63.9,26.44,450.86,24.946250000000003,21.88,28.31,65.50083333333333,451.4566666666667,24.0,7.3,,7.3,3.15,0.0,3.143333333333333,24.5,-1.0,23.766666666666666,26830.0,EC_High,Multiple_Stress
EXP.3,2024-06-10,21,10:00,2024-06-10 10:00:00,R2T1,T1,6.2,3.1,1.55,21.2,66.53,27.37,481.77,25.564166666666665,23.01,29.41,66.66666666666667,453.6458333333333,24.0,6.4,-0.20000000000000018,6.300000000000001,3.04,0.06000000000000005,3.063333333333333,23.7,-2.5,22.266666666666666,,EC_High,EC_High
EXP.2,2024-05-02,20,14:00,2024-05-02 14:00:00,R3T1,T1,6.6,1.44,0.72,22.6,57.49,24.52,446.11,22.66875,19.23,25.25,63.38916666666666,458.70166666666665,24.0,6.2,0.39999999999999947,6.333333333333333,1.95,-0.51,1.8066666666666666,13.5,9.100000000000001,19.766666666666666,3030.0,Normal,Normal
EXP.1,2024-04-03,25,10:00,2024-04-03 10:00:00,R1T1,T1,6.0,1.63,0.815,24.8,,,,,,,,,,6.3,-0.2999999999999998,6.233333333333333,1.7,-0.07000000000000006,1.6766666666666665,27.3,-2.5,25.700000000000003,,Normal,WaterTemp_High
EXP.1,2024-03-11,2,10:00,2024-03-11 10:00:00,R2T1,T1,5.8,2.02,1.01,19.1,48.4,24.34,425.57,17.557916666666667,9.81,25.72,55.17083333333333,448.75083333333333,24.0,6.9,-1.1000000000000005,6.35,1.57,0.44999999999999996,1.795,22.5,-3.3999999999999986,20.8,50330.0,Humidity_Low,Humidity_Low
EXP.3,2024-05-21,1,14:00,2024-05-21 14:00:00,R2T2,T2,7.6,2.5,1.25,23.2,53.42,27.65,426.63,25.346666666666668,22.29,27.7,59.06458333333333,450.37083333333334,24.0,7.8,-0.20000000000000018,7.699999999999999,2.8,-0.2999999999999998,2.65,21.3,1.8999999999999986,22.25,,pH_High,pH_High
EXP.2,2024-04-14,2,14:00,2024-04-14 14:00:00,R3T2,T2,7.1,2.2,1.1,21.2,64.2,25.3,,,,,,,,6.9,0.1999999999999993,7.0,2.13,0.07000000000000028,2.143333333333333,19.2,2.0,19.8,12720.0,pH_High,Normal
EXP.2,2024-04-24,12,14:00,2024-04-24 14:00:00,R3T2,T2,5.6,2.25,1.125,29.8,42.44,30.86,413.91,26.683333333333334,19.89,34.84,50.62583333333333,442.87125,24.0,5.7,-0.10000000000000053,5.633333333333333,2.24,0.009999999999999787,2.24,26.7,3.1000000000000014,28.23333333333333,5162.0,Multiple_Stress,Normal
EXP.2,2024-04-22,10,10:00,2024-04-22 10:00:00,R1T2,T2,6.1,2.16,1.08,24.2,49.44,25.39,445.85,22.242083333333337,16.06,27.87,56.00833333333333,462.3645833333333,24.0,6.0,0.09999999999999964,5.966666666666666,2.26,-0.09999999999999964,2.2066666666666666,26.2,-2.0,24.53333333333333,77040.0,Humidity_Low,Humidity_Low
EXP.3,2024-05-23,3,14:00,2024-05-23 14:00:00,R1T2,T2,7.6,1.79,0.895,24.0,54.77,27.05,431.44,25.587500000000002,23.22,30.39,61.07333333333333,448.56375,24.0,7.6,0.0,7.566666666666666,1.73,0.06000000000000005,2.1066666666666665,22.1,1.8999999999999986,22.46666666666667,33360.0,pH_High,pH_High
EXP.3,2024-05-23,3,10:00,2024-05-23 10:00:00,R1T1,T1,7.2,1.74,0.87,22.3,58.77,27.08,448.88,25.587500000000002,23.22,30.39,61.07333333333333,448.56375,24.0,7.0,0.20000000000000018,7.0,2.6,-0.8600000000000001,2.3133333333333335,21.7,0.6000000000000014,22.166666666666668,1664.0,pH_High,Normal
EXP.1,2024-03-27,18,10:00,2024-03-27 10:00:00,R3T1,T1,6.2,1.78,0.89,24.6,49.17,25.06,441.42,21.109583333333333,16.16,26.28,55.38833333333333,450.795,24.0,5.9,0.2999999999999998,6.0,1.82,-0.040000000000000036,1.8066666666666666,24.3,0.3000000000000007,23.866666666666664,79530.0,Humidity_Low,Humidity_Low
EXP.2,2024-05-04,22,10:00,2024-05-04 10:00:00,R3T1,T1,6.3,2.14,1.07,19.3,62.99,23.26,466.06,22.152916666666666,17.85,26.65,62.1775,466.26875,24.0,6.4,-0.10000000000000053,6.366666666666667,2.19,-0.04999999999999982,2.176666666666667,22.8,-3.5,20.700000000000003,25700.0,Normal,Normal
EXP.1,2024-03-20,11,10:00,2024-03-20 10:00:00,R1T1,T1,5.4,1.9,0.95,22.2,51.46,22.97,436.88,18.465833333333332,10.63,26.32,57.98916666666667,471.80041666666665,24.0,5.6,-0.1999999999999993,5.533333333333332,1.89,0.010000000000000009,1.89,25.1,-2.900000000000002,23.3,36200.0,pH_Low,Normal
EXP.3,2024-06-14,25,10:00,2024-06-14 10:00:00,R2T1,T1,7.6,2.89,1.445,23.3,49.68,40.45,468.82,30.522499999999997,24.39,44.49,57.343333333333334,456.2191666666667,24.0,7.5,0.09999999999999964,7.433333333333334,2.88,0.010000000000000231,2.9599999999999995,24.2,-0.8999999999999986,23.233333333333334,,Multiple_Stress,Multiple_Stress
EXP.3,2024-05-23,3,10:00,2024-05-23 10:00:00,R3T2,T2,7.7,1.75,0.875,22.8,58.77,27.08,448.88,25.587500000000002,23.22,30.39,61.07333333333333,448.56375,24.0,7.6,0.10000000000000053,7.6000000000000005,2.8,-1.0499999999999998,2.4166666666666665,22.0,0.8000000000000007,22.833333333333332,1664.0,pH_High,Multiple_Stress
EXP.2,2024-04-28,16,14:00,2024-04-28 14:00:00,R1T2,T2,5.9,2.2,1.1,26.2,56.07,24.15,442.47,22.252499999999998,18.61,27.42,61.467083333333335,463.61291666666665,24.0,5.9,0.0,5.9,2.2,0.0,2.1966666666666668,22.3,3.8999999999999986,24.96666666666667,32660.0,WaterTemp_High,Normal
EXP.2,2024-04-14,2,14:00,2024-04-14 14:00:00,R2T2,T2,7.2,2.5,1.25,20.0,64.2,25.3,,,,,,,,6.7,0.5,7.0,2.26,0.2400000000000002,2.44,17.9,2.1000000000000014,18.8,12720.0,pH_High,Normal
EXP.3,2024-06-09,20,10:00,2024-06-09 10:00:00,R3T1,T1,6.2,2.85,1.425,21.8,63.88,27.41,442.02,25.879583333333333,23.42,28.86,65.02166666666666,441.12166666666667,24.0,6.1,0.10000000000000053,6.1000000000000005,2.88,-0.029999999999999805,2.8766666666666665,25.0,-3.1999999999999993,23.133333333333336,,EC_High,EC_High
EXP.3,2024-06-12,23,10:00,2024-06-12 10:00:00,R1T2,T2,,2.91,1.455,22.6,63.9,26.44,450.86,24.946250000000003,21.88,28.31,65.50083333333333,451.4566666666667,24.0,7.4,,7.35,3.18,-0.27,3.003333333333334,24.2,-1.5999999999999979,22.96666666666667,26830.0,EC_High,Multiple_Stress
EXP.3,2024-06-10,21,14:00,2024-06-10 14:00:00,R3T2,T2,7.0,2.91,1.455,24.9,60.1,28.96,436.92,25.564166666666665,23.01,29.41,66.66666666666667,453.6458333333333,24.0,6.8,0.20000000000000018,6.866666666666667,2.91,0.0,2.9133333333333336,21.7,3.1999999999999993,23.46666666666667,,EC_High,Multiple_Stress
EXP.1,2024-03-22,13,10:00,2024-03-22 10:00:00,R2T2,T2,5.9,1.78,0.89,22.9,51.07,23.71,427.19,18.142083333333336,10.66,25.6,57.46875,456.0833333333333,24.0,6.0,-0.09999999999999964,5.966666666666666,1.79,-0.010000000000000009,1.79,23.7,-0.8000000000000007,22.2,,Normal,Humidity_Low
EXP.2,2024-05-05,23,10:00,2024-05-05 10:00:00,R2T2,T2,6.4,2.52,1.26,19.0,54.66,24.89,455.73,20.685,16.17,28.31,54.78863636363636,459.26,22.0,6.3,0.10000000000000053,6.333333333333333,2.91,-0.3900000000000001,2.6633333333333336,22.6,-3.6000000000000014,20.3,24150.0,EC_High,EC_High
EXP.1,2024-03-31,22,10:00,2024-03-31 10:00:00,R2T1,T1,,,0.0,,54.25,27.45,440.89,22.840416666666666,17.48,28.45,59.55291666666667,460.57124999999996,24.0,6.8,,6.8,1.67,,1.67,27.5,,26.3,77820.0,Normal,Normal
EXP.2,2024-04-27,15,10:00,2024-04-27 10:00:00,R1T1,T1,6.2,1.72,0.86,22.0,59.48,24.76,455.83,22.160416666666666,18.46,26.74,61.01666666666667,458.7083333333333,24.0,6.0,0.20000000000000018,6.066666666666666,1.75,-0.030000000000000027,1.7400000000000002,26.2,-4.199999999999999,23.933333333333334,13230.0,Normal,Normal
EXP.2,2024-04-13,1,10:00,2024-04-13 10:00:00,R2T2,T2,7.1,2.56,1.28,18.5,69.0,24.6,,,,,,,,,,7.1,,,2.56,,,18.5,26660.0,Multiple_Stress,WaterTemp_Low
EXP.2,2024-05-05,23,14:00,2024-05-05 14:00:00,R2T2,T2,6.4,2.51,1.255,21.9,52.18,22.72,438.32,20.685,16.17,28.31,54.78863636363636,459.26,22.0,6.4,0.0,6.366666666666667,2.52,-0.010000000000000231,2.6466666666666665,19.0,2.8999999999999986,21.166666666666668,41770.0,EC_High,Normal
EXP.2,2024-04-27,15,14:00,2024-04-27 14:00:00,R1T1,T1,6.2,1.71,0.855,26.0,56.15,23.47,437.55,22.160416666666666,18.46,26.74,61.01666666666667,458.7083333333333,24.0,6.2,0.0,6.133333333333333,1.72,-0.010000000000000009,1.7266666666666666,22.0,4.0,24.733333333333334,29810.0,Normal,Normal
EXP.1,2024-03-27,18,14:00,2024-03-27 14:00:00,R2T1,T1,6.6,1.77,0.885,25.3,47.77,24.09,418.54,21.109583333333333,16.16,26.28,55.38833333333333,450.795,24.0,6.4,0.1999999999999993,6.333333333333333,1.76,0.010000000000000009,1.7833333333333334,24.0,1.3000000000000007,24.7,36530.0,Humidity_Low,Normal
EXP.2,2024-05-02,20,14:00,2024-05-02 14:00:00,R1T1,T1,6.6,1.43,0.715,22.3,57.49,24.52,446.11,22.66875,19.23,25.25,63.38916666666666,458.70166666666665,24.0,6.6,0.0,6.666666666666667,2.04,-0.6100000000000001,1.8099999999999998,24.3,-2.0,23.200000000000003,3030.0,Normal,Normal
EXP.2,2024-04-18,6,14:00,2024-04-18 14:00:00,R2T1,T1,6.7,1.75,0.875,25.8,49.91,26.83,421.75,23.874166666666667,19.62,28.26,56.20291666666666,448.48291666666665,24.0,6.7,0.0,6.7,1.71,0.040000000000000036,1.61,25.8,0.0,26.333333333333332,,Humidity_Low,Normal
EXP.1,2024-03-15,6,10:00,2024-03-15 10:00:00,R2T1,T1,5.9,2.03,1.015,24.9,47.81,26.82,407.63,19.426666666666666,11.81,29.17,54.786249999999995,447.69416666666666,24.0,6.0,-0.09999999999999964,5.966666666666666,2.01,0.020000000000000018,2.013333333333333,24.8,0.09999999999999787,24.933333333333334,,Humidity_Low,Normal
EXP.1,2024-03-26,17,10:00,2024-03-26 10:00:00,R1T1,T1,6.3,1.81,0.905,22.8,48.26,24.78,439.17,18.962083333333336,11.18,26.05,56.142500000000005,478.01416666666665,24.0,,,6.35,,,1.815,,,22.200000000000003,74420.0,Humidity_Low,Multiple_Stress
EXP.2,2024-04-18,6,14:00,2024-04-18 14:00:00,R1T2,T2,6.7,2.17,1.085,26.0,49.91,26.83,421.75,23.874166666666667,19.62,28.26,56.20291666666666,448.48291666666665,24.0,6.7,0.0,6.533333333333334,2.17,0.0,2.0833333333333335,25.0,1.0,25.96666666666667,,Humidity_Low,Normal
EXP.3,2024-06-08,19,10:00,2024-06-08 10:00:00,R2T2,T2,7.0,2.72,1.36,22.8,61.53,28.84,461.1,26.795833333333334,23.75,31.0,63.401250000000005,459.2945833333333,24.0,7.5,-0.5,7.333333333333333,1.6,1.12,2.1133333333333333,22.4,0.40000000000000213,21.900000000000002,,EC_High,Multiple_Stress
EXP.3,2024-05-21,1,14:00,2024-05-21 14:00:00,R1T1,T1,6.8,2.6,1.3,22.5,53.42,27.65,426.63,25.346666666666668,22.29,27.7,59.06458333333333,450.37083333333334,24.0,6.9,-0.10000000000000053,6.85,2.17,0.43000000000000016,2.385,21.4,1.1000000000000014,21.95,,EC_High,EC_High
EXP.3,2024-05-23,3,14:00,2024-05-23 14:00:00,R3T1,T1,7.3,2.0,1.0,23.8,54.77,27.05,431.44,25.587500000000002,23.22,30.39,61.07333333333333,448.56375,24.0,7.2,0.09999999999999964,7.2,1.75,0.25,2.0999999999999996,22.5,1.3000000000000007,22.599999999999998,33360.0,pH_High,pH_High
EXP.2,2024-04-19,7,14:00,2024-04-19 14:00:00,R1T1,T1,6.1,1.8,0.9,27.8,50.41,26.37,425.01,22.238333333333333,17.55,28.12,58.35375,454.3254166666666,24.0,6.3,-0.20000000000000018,6.3999999999999995,1.78,0.020000000000000018,1.7766666666666666,24.7,3.1000000000000014,26.100000000000005,,WaterTemp_High,Normal
EXP.3,2024-06-09,20,14:00,2024-06-09 14:00:00,R3T2,T2,6.8,2.92,1.46,23.8,58.81,27.94,420.01,25.879583333333333,23.42,28.86,65.02166666666666,441.12166666666667,24.0,6.9,-0.10000000000000053,6.933333333333334,2.93,-0.010000000000000231,2.92,22.1,1.6999999999999993,23.833333333333332,,EC_High,EC_High
EXP.2,2024-05-01,19,10:00,2024-05-01 10:00:00,R1T2,T2,6.5,2.44,1.22,23.0,61.9,23.59,455.0,22.669999999999998,18.46,26.3,63.21434782608696,456.29391304347826,23.0,6.0,0.5,6.166666666666667,2.18,0.2599999999999998,2.27,26.3,-3.3000000000000007,24.166666666666668,26880.0,Normal,Normal
EXP.3,2024-06-13,24,10:00,2024-06-13 10:00:00,R1T1,T1,7.2,2.87,1.435,22.5,64.0,27.83,449.24,26.022916666666664,22.96,30.33,65.69125,447.28833333333336,24.0,6.9,0.2999999999999998,7.050000000000001,3.1,-0.22999999999999998,3.0,24.2,-1.6999999999999993,23.3,23290.0,Multiple_Stress,Multiple_Stress
EXP.1,2024-03-19,10,10:00,2024-03-19 10:00:00,R1T2,T2,5.2,1.87,0.935,25.4,54.42,26.66,437.08,18.850416666666664,12.59,28.13,59.45541666666667,459.2029166666667,24.0,5.2,0.0,5.166666666666667,1.91,-0.039999999999999813,1.89,24.7,0.6999999999999993,25.0,75050.0,pH_Low,pH_Low
EXP.1,2024-03-20,11,10:00,2024-03-20 10:00:00,R1T2,T2,5.0,1.93,0.965,24.1,51.46,22.97,436.88,18.465833333333332,10.63,26.32,57.98916666666667,471.80041666666665,24.0,5.2,-0.20000000000000018,5.133333333333333,1.87,0.05999999999999983,1.9033333333333333,25.4,-1.2999999999999972,24.733333333333334,36200.0,pH_Low,Normal
EXP.2,2024-04-27,15,14:00,2024-04-27 14:00:00,R2T1,T1,6.0,1.7,0.85,26.2,56.15,23.47,437.55,22.160416666666666,18.46,26.74,61.01666666666667,458.7083333333333,24.0,5.9,0.09999999999999964,5.866666666666667,1.7,0.0,1.7,22.0,4.199999999999999,24.866666666666664,29810.0,WaterTemp_High,Normal
EXP.2,2024-05-12,30,10:00,2024-05-12 10:00:00,R1T1,T1,7.1,1.75,0.875,19.8,58.0,23.38,443.59,21.3575,17.48,25.23,59.34791666666666,446.99291666666664,24.0,6.5,0.5999999999999996,6.7,1.74,0.010000000000000009,1.7599999999999998,23.1,-3.3000000000000007,20.566666666666666,33100.0,pH_High,pH_High
EXP.1,2024-03-19,10,10:00,2024-03-19 10:00:00,R1T2,T2,5.2,1.87,0.935,25.4,54.42,26.66,437.08,18.850416666666664,12.59,28.13,59.45541666666667,459.2029166666667,24.0,5.2,0.0,5.166666666666667,1.91,-0.039999999999999813,1.89,24.7,0.6999999999999993,25.0,75050.0,pH_Low,pH_Low
EXP.1,2024-03-27,18,10:00,2024-03-27 10:00:00,R2T2,T2,6.5,1.78,0.89,24.1,49.17,25.06,441.42,21.109583333333333,16.16,26.28,55.38833333333333,450.795,24.0,6.1,0.40000000000000036,6.2,1.82,-0.040000000000000036,1.8099999999999998,24.6,-0.5,23.366666666666664,79530.0,Humidity_Low,Humidity_Low
EXP.3,2024-05-22,2,10:00,2024-05-22 10:00:00,R3T1,T1,7.1,2.55,1.275,21.5,58.98,26.31,442.47,25.58583333333333,23.05,28.88,60.81166666666667,445.5541666666666,24.0,7.5,-0.40000000000000036,7.3999999999999995,2.13,0.41999999999999993,2.4266666666666663,22.3,-0.8000000000000007,21.7,1944.0,Multiple_Stress,pH_High
EXP.2,2024-04-22,10,10:00,2024-04-22 10:00:00,R1T2,T2,6.1,2.16,1.08,24.2,49.44,25.39,445.85,22.242083333333337,16.06,27.87,56.00833333333333,462.3645833333333,24.0,6.0,0.09999999999999964,5.966666666666666,2.26,-0.09999999999999964,2.2066666666666666,26.2,-2.0,24.53333333333333,77040.0,Humidity_Low,Humidity_Low
EXP.3,2024-06-12,23,10:00,2024-06-12 10:00:00,R3T1,T1,,3.09,1.545,22.7,63.9,26.44,450.86,24.946250000000003,21.88,28.31,65.50083333333333,451.4566666666667,24.0,6.8,,6.8,3.09,0.0,3.0866666666666664,24.5,-1.8000000000000007,23.266666666666666,26830.0,EC_High,Multiple_Stress
EXP.2,2024-04-26,14,14:00,2024-04-26 14:00:00,R1T2,T2,5.7,2.2,1.1,26.7,55.75,23.24,436.06,22.731739130434786,18.97,27.27,60.44869565217391,453.9904347826087,23.0,5.6,0.10000000000000053,5.633333333333333,2.2,0.0,2.2,23.7,3.0,25.966666666666665,46260.0,WaterTemp_High,Normal
EXP.1,2024-03-18,9,10:00,2024-03-18 10:00:00,R1T2,T2,5.2,1.91,0.955,24.7,53.95,26.53,426.75,18.576249999999998,13.61,26.53,59.49125,457.72125,24.0,5.1,0.10000000000000053,5.3,1.89,0.020000000000000018,1.9166666666666667,24.9,-0.1999999999999993,24.933333333333334,27600.0,pH_Low,pH_Low
EXP.1,2024-03-27,18,14:00,2024-03-27 14:00:00,R2T1,T1,6.6,1.77,0.885,25.3,47.77,24.09,418.54,21.109583333333333,16.16,26.28,55.38833333333333,450.795,24.0,6.4,0.1999999999999993,6.333333333333333,1.76,0.010000000000000009,1.7833333333333334,24.0,1.3000000000000007,24.7,36530.0,Humidity_Low,Normal
EXP.2,2024-04-26,14,14:00,2024-04-26 14:00:00,R3T2,T2,5.6,2.23,1.115,27.0,55.75,23.24,436.06,22.731739130434786,18.97,27.27,60.44869565217391,453.9904347826087,23.0,5.5,0.09999999999999964,5.533333333333332,2.25,-0.020000000000000018,2.2466666666666666,23.8,3.1999999999999993,26.133333333333336,46260.0,WaterTemp_High,Normal
EXP.3,2024-05-23,3,10:00,2024-05-23 10:00:00,R3T2,T2,7.7,1.75,0.875,22.8,58.77,27.08,448.88,25.587500000000002,23.22,30.39,61.07333333333333,448.56375,24.0,7.6,0.10000000000000053,7.6000000000000005,2.8,-1.0499999999999998,2.4166666666666665,22.0,0.8000000000000007,22.833333333333332,1664.0,pH_High,Multiple_Stress
EXP.1,2024-03-23,14,14:00,2024-03-23 14:00:00,R1T1,T1,,,0.0,,48.25,24.7,408.7,18.180799999999998,10.34,25.37,56.098,457.46479999999997,25.0,5.8,,5.8,1.87,,1.8649999999999998,24.7,,24.9,,Humidity_Low,Normal
EXP.3,2024-05-23,3,10:00,2024-05-23 10:00:00,R2T2,T2,7.6,1.76,0.88,22.5,58.77,27.08,448.88,25.587500000000002,23.22,30.39,61.07333333333333,448.56375,24.0,7.7,-0.10000000000000053,7.633333333333333,2.5,-0.74,2.2533333333333334,21.2,1.3000000000000007,22.3,1664.0,pH_High,pH_High
EXP.2,2024-04-26,14,14:00,2024-04-26 14:00:00,R3T2,T2,5.6,2.23,1.115,27.0,55.75,23.24,436.06,22.731739130434786,18.97,27.27,60.44869565217391,453.9904347826087,23.0,5.5,0.09999999999999964,5.533333333333332,2.25,-0.020000000000000018,2.2466666666666666,23.8,3.1999999999999993,26.133333333333336,46260.0,WaterTemp_High,Normal
EXP.2,2024-05-04,22,10:00,2024-05-04 10:00:00,R2T2,T2,6.3,2.56,1.28,19.3,62.99,23.26,466.06,22.152916666666666,17.85,26.65,62.1775,466.26875,24.0,6.4,-0.10000000000000053,6.3999999999999995,2.6,-0.040000000000000036,2.48,22.5,-3.1999999999999993,20.933333333333334,25700.0,EC_High,EC_High
EXP.1,2024-03-20,11,10:00,2024-03-20 10:00:00,R1T1,T1,5.4,1.9,0.95,22.2,51.46,22.97,436.88,18.465833333333332,10.63,26.32,57.98916666666667,471.80041666666665,24.0,5.6,-0.1999999999999993,5.533333333333332,1.89,0.010000000000000009,1.89,25.1,-2.900000000000002,23.3,36200.0,pH_Low,Normal
EXP.1,2024-03-20,11,10:00,2024-03-20 10:00:00,R1T2,T2,5.0,1.93,0.965,24.1,51.46,22.97,436.88,18.465833333333332,10.63,26.32,57.98916666666667,471.80041666666665,24.0,5.2,-0.20000000000000018,5.133333333333333,1.87,0.05999999999999983,1.9033333333333333,25.4,-1.2999999999999972,24.733333333333334,36200.0,pH_Low,Normal
EXP.2,2024-05-05,23,14:00,2024-05-05 14:00:00,R3T2,T2,6.6,2.21,1.105,22.0,52.18,22.72,438.32,20.685,16.17,28.31,54.78863636363636,459.26,22.0,6.5,0.09999999999999964,6.533333333333334,2.18,0.029999999999999805,2.2133333333333334,19.8,2.1999999999999993,21.666666666666668,41770.0,Normal,Normal
EXP.2,2024-05-09,27,10:00,2024-05-09 10:00:00,R3T2,T2,6.4,2.16,1.08,19.0,55.59,24.02,440.42,21.942083333333333,16.7,25.15,55.362500000000004,438.23333333333335,24.0,6.5,-0.09999999999999964,6.466666666666666,2.12,0.040000000000000036,2.1366666666666667,22.3,-3.3000000000000007,20.133333333333336,27070.0,Normal,Normal
EXP.1,2024-03-23,14,14:00,2024-03-23 14:00:00,R1T2,T2,,,0.0,,48.25,24.7,408.7,18.180799999999998,10.34,25.37,56.098,457.46479999999997,25.0,5.5,,5.549999999999999,1.8,,1.8,25.5,,24.5,,Humidity_Low,Normal
EXP.1,2024-03-20,11,10:00,2024-03-20 10:00:00,R2T2,T2,5.4,1.99,0.995,22.1,51.46,22.97,436.88,18.465833333333332,10.63,26.32,57.98916666666667,471.80041666666665,24.0,5.7,-0.2999999999999998,5.633333333333333,1.94,0.050000000000000044,1.9633333333333332,23.0,-0.8999999999999986,22.633333333333336,36200.0,pH_Low,Normal
EXP.2,2024-04-14,2,14:00,2024-04-14 14:00:00,R3T2,T2,7.1,2.2,1.1,21.2,64.2,25.3,,,,,,,,6.9,0.1999999999999993,7.0,2.13,0.07000000000000028,2.143333333333333,19.2,2.0,19.8,12720.0,pH_High,Normal
EXP.2,2024-05-08,26,14:00,2024-05-08 14:00:00,R2T1,T1,6.4,1.75,0.875,19.5,51.53,21.89,427.53,19.66208333333333,15.98,25.36,55.39083333333334,451.8008333333333,24.0,6.2,0.20000000000000018,6.166666666666667,1.86,-0.1100000000000001,1.8133333333333335,18.9,0.6000000000000014,19.3,3772.0,Normal,Normal
EXP.2,2024-04-13,1,10:00,2024-04-13 10:00:00,R2T2,T2,7.1,2.56,1.28,18.5,69.0,24.6,,,,,,,,,,7.1,,,2.56,,,18.5,26660.0,Multiple_Stress,WaterTemp_Low
EXP.1,2024-03-14,5,10:00,2024-03-14 10:00:00,R1T1,T1,6.0,1.92,0.96,26.6,54.44,22.36,425.7,19.02125,13.28,25.03,59.577916666666674,449.6683333333333,24.0,6.0,0.0,5.966666666666666,2.02,-0.10000000000000009,1.97,22.0,4.600000000000001,23.53333333333333,,WaterTemp_High,Normal
EXP.2,2024-04-24,12,14:00,2024-04-24 14:00:00,R1T1,T1,5.9,1.75,0.875,27.5,42.44,30.86,413.91,26.683333333333334,19.89,34.84,50.62583333333333,442.87125,24.0,6.0,-0.09999999999999964,5.866666666666667,1.75,0.0,1.7533333333333332,25.0,2.5,26.600000000000005,5162.0,Multiple_Stress,Normal
EXP.2,2024-04-20,8,10:00,2024-04-20 10:00:00,R2T1,T1,5.8,1.75,0.875,24.0,50.75,27.57,437.49,22.569999999999997,16.61,29.55,57.791666666666664,447.3833333333334,24.0,5.9,-0.10000000000000053,5.966666666666666,1.76,-0.010000000000000009,1.7666666666666666,27.6,-3.6000000000000014,25.533333333333335,,Normal,Multiple_Stress
EXP.1,2024-04-04,26,14:00,2024-04-04 14:00:00,R1T2,T2,5.8,1.91,,29.5,46.64,25.53,419.54,25.20266666666667,17.74,37.27,50.618,444.90333333333336,15.0,6.2,-0.40000000000000036,6.033333333333334,1.77,0.1399999999999999,1.8166666666666664,28.3,1.1999999999999993,28.399999999999995,69530.0,Multiple_Stress,
EXP.2,2024-04-14,2,14:00,2024-04-14 14:00:00,R2T2,T2,7.2,2.5,1.25,20.0,64.2,25.3,,,,,,,,6.7,0.5,7.0,2.26,0.2400000000000002,2.44,17.9,2.1000000000000014,18.8,12720.0,pH_High,Normal
EXP.2,2024-04-23,11,10:00,2024-04-23 10:00:00,R1T2,T2,5.7,2.18,1.09,24.8,47.19,30.0,442.42,24.49625,17.34,34.79,53.95791666666667,456.20625,24.0,6.1,-0.39999999999999947,5.966666666666666,2.17,0.010000000000000231,2.17,25.7,-0.8999999999999986,24.899999999999995,70360.0,Humidity_Low,Humidity_Low
EXP.3,2024-05-21,1,14:00,2024-05-21 14:00:00,R3T1,T1,7.5,2.13,1.065,22.3,53.42,27.65,426.63,25.346666666666668,22.29,27.7,59.06458333333333,450.37083333333334,24.0,7.6,-0.09999999999999964,7.55,2.6,-0.4700000000000002,2.365,21.3,1.0,21.8,,pH_High,Multiple_Stress
EXP.3,2024-06-17,28,10:00,2024-06-17 10:00:00,R1T2,T2,7.5,2.7,1.35,22.3,61.52,25.28,450.88,25.07375,22.48,27.5,63.709583333333335,456.3416666666667,24.0,7.5,0.0,7.433333333333333,2.73,-0.029999999999999805,2.876666666666667,23.2,-0.8999999999999986,25.600000000000005,,Multiple_Stress,Multiple_Stress
EXP.2,2024-04-20,8,10:00,2024-04-20 10:00:00,R3T1,T1,5.6,1.78,0.89,24.6,50.75,27.57,437.49,22.569999999999997,16.61,29.55,57.791666666666664,447.3833333333334,24.0,6.3,-0.7000000000000002,6.066666666666666,1.75,0.030000000000000027,1.76,28.2,-3.599999999999998,25.700000000000003,,Normal,Multiple_Stress
EXP.3,2024-05-21,1,10:00,2024-05-21 10:00:00,R2T1,T1,7.2,2.62,1.31,21.3,56.85,27.24,457.03,25.346666666666668,22.29,27.7,59.06458333333333,450.37083333333334,24.0,,,7.2,,,2.62,,,21.3,,Multiple_Stress,Multiple_Stress
EXP.1,2024-03-15,6,10:00,2024-03-15 10:00:00,R2T2,T2,5.9,2.1,1.05,23.4,47.81,26.82,407.63,19.426666666666666,11.81,29.17,54.786249999999995,447.69416666666666,24.0,5.9,0.0,5.9,2.02,0.08000000000000007,2.0399999999999996,25.6,-2.200000000000003,23.96666666666667,,Humidity_Low,Normal
EXP.1,2024-04-01,23,10:00,2024-04-01 10:00:00,R2T2,T2,6.8,1.27,0.635,25.8,53.56,27.25,428.75,22.912499999999998,17.47,30.8,57.57416666666666,448.78541666666666,24.0,,,6.8,,,1.27,,,25.8,,Normal,Multiple_Stress
EXP.2,2024-04-26,14,14:00,2024-04-26 14:00:00,R3T2,T2,5.6,2.23,1.115,27.0,55.75,23.24,436.06,22.731739130434786,18.97,27.27,60.44869565217391,453.9904347826087,23.0,5.5,0.09999999999999964,5.533333333333332,2.25,-0.020000000000000018,2.2466666666666666,23.8,3.1999999999999993,26.133333333333336,46260.0,WaterTemp_High,Normal
EXP.1,2024-03-20,11,10:00,2024-03-20 10:00:00,R1T2,T2,5.0,1.93,0.965,24.1,51.46,22.97,436.88,18.465833333333332,10.63,26.32,57.98916666666667,471.80041666666665,24.0,5.2,-0.20000000000000018,5.133333333333333,1.87,0.05999999999999983,1.9033333333333333,25.4,-1.2999999999999972,24.733333333333334,36200.0,pH_Low,Normal
EXP.2,2024-05-06,24,14:00,2024-05-06 14:00:00,R3T1,T1,6.4,2.6,1.3,21.0,52.5,25.73,439.29,20.535,16.73,25.73,55.959583333333335,462.6325,24.0,6.5,-0.09999999999999964,6.433333333333334,2.8,-0.19999999999999973,2.733333333333333,17.3,3.6999999999999993,20.200000000000003,35770.0,EC_High,WaterTemp_Low
EXP.2,2024-05-08,26,10:00,2024-05-08 10:00:00,R2T2,T2,6.4,2.53,1.265,18.1,54.99,25.36,440.29,19.66208333333333,15.98,25.36,55.39083333333334,451.8008333333333,24.0,6.0,0.40000000000000036,6.3999999999999995,2.48,0.04999999999999982,2.5033333333333334,19.1,-1.0,18.033333333333335,25600.0,EC_High,Normal
EXP.1,2024-03-20,11,10:00,2024-03-20 10:00:00,R1T1,T1,5.4,1.9,0.95,22.2,51.46,22.97,436.88,18.465833333333332,10.63,26.32,57.98916666666667,471.80041666666665,24.0,5.6,-0.1999999999999993,5.533333333333332,1.89,0.010000000000000009,1.89,25.1,-2.900000000000002,23.3,36200.0,pH_Low,Normal
EXP.1,2024-03-20,11,10:00,2024-03-20 10:00:00,R3T2,T2,5.4,1.84,0.92,26.1,51.46,22.97,436.88,18.465833333333332,10.63,26.32,57.98916666666667,471.80041666666665,24.0,5.7,-0.2999999999999998,5.566666666666666,1.76,0.08000000000000007,1.8033333333333335,27.3,-1.1999999999999993,27.099999999999998,36200.0,Multiple_Stress,WaterTemp_High
EXP.1,2024-04-03,25,14:00,2024-04-03 14:00:00,R2T2,T2,6.6,1.55,,27.2,61.7,26.3,,,,,,,,6.5,0.09999999999999964,6.6000000000000005,1.56,-0.010000000000000009,1.5766666666666669,24.5,2.6999999999999993,26.399999999999995,65870.0,WaterTemp_High,Multiple_Stress
EXP.3,2024-06-17,28,14:00,2024-06-17 14:00:00,R1T1,T1,7.3,3.41,1.705,23.4,56.84,27.5,439.5,25.07375,22.48,27.5,63.709583333333335,456.3416666666667,24.0,7.3,0.0,7.233333333333333,3.31,0.10000000000000009,3.3233333333333337,21.8,1.5999999999999979,23.099999999999998,,Multiple_Stress,Multiple_Stress
EXP.3,2024-06-09,20,10:00,2024-06-09 10:00:00,R2T2,T2,7.0,2.77,1.385,22.0,63.88,27.41,442.02,25.879583333333333,23.42,28.86,65.02166666666666,441.12166666666667,24.0,7.1,-0.09999999999999964,7.033333333333334,2.71,0.06000000000000005,2.733333333333333,25.1,-3.1000000000000014,23.3,,EC_High,Multiple_Stress
EXP.2,2024-04-28,16,10:00,2024-04-28 10:00:00,R3T2,T2,5.7,2.24,1.12,22.3,60.98,24.4,462.26,22.252499999999998,18.61,27.42,61.467083333333335,463.61291666666665,24.0,5.8,-0.09999999999999964,5.733333333333334,2.23,0.010000000000000231,2.236666666666667,26.5,-4.199999999999999,23.733333333333334,25030.0,Normal,WaterTemp_High
EXP.2,2024-04-18,6,14:00,2024-04-18 14:00:00,R2T1,T1,6.7,1.75,0.875,25.8,49.91,26.83,421.75,23.874166666666667,19.62,28.26,56.20291666666666,448.48291666666665,24.0,6.7,0.0,6.7,1.71,0.040000000000000036,1.61,25.8,0.0,26.333333333333332,,Humidity_Low,Normal
EXP.2,2024-04-22,10,14:00,2024-04-22 14:00:00,R3T2,T2,5.8,2.22,1.11,27.0,46.81,27.06,427.15,22.242083333333337,16.06,27.87,56.00833333333333,462.3645833333333,24.0,5.8,0.0,5.933333333333333,2.22,0.0,2.226666666666667,25.1,1.8999999999999986,26.400000000000002,79490.0,Multiple_Stress,Multiple_Stress
EXP.3,2024-06-13,24,14:00,2024-06-13 14:00:00,R3T2,T2,7.2,2.94,1.47,24.5,57.17,30.33,437.98,26.022916666666664,22.96,30.33,65.69125,447.28833333333336,24.0,7.3,-0.09999999999999964,7.25,3.13,-0.18999999999999995,3.073333333333333,,,24.0,23550.0,Multiple_Stress,Multiple_Stress
EXP.3,2024-05-23,3,14:00,2024-05-23 14:00:00,R1T2,T2,7.6,1.79,0.895,24.0,54.77,27.05,431.44,25.587500000000002,23.22,30.39,61.07333333333333,448.56375,24.0,7.6,0.0,7.566666666666666,1.73,0.06000000000000005,2.1066666666666665,22.1,1.8999999999999986,22.46666666666667,33360.0,pH_High,pH_High
EXP.2,2024-04-22,10,14:00,2024-04-22 14:00:00,R2T2,T2,5.9,2.28,1.14,25.7,46.81,27.06,427.15,22.242083333333337,16.06,27.87,56.00833333333333,462.3645833333333,24.0,6.0,-0.09999999999999964,6.0,2.28,0.0,2.263333333333333,24.2,1.5,23.73333333333333,79490.0,Humidity_Low,Humidity_Low
EXP.3,2024-06-09,20,14:00,2024-06-09 14:00:00,R2T2,T2,7.1,2.75,1.375,23.0,58.81,27.94,420.01,25.879583333333333,23.42,28.86,65.02166666666666,441.12166666666667,24.0,7.0,0.09999999999999964,7.066666666666666,2.77,-0.020000000000000018,2.7433333333333336,22.0,1.0,23.366666666666664,,Multiple_Stress,Multiple_Stress
EXP.1,2024-03-26,17,10:00,2024-03-26 10:00:00,R2T1,T1,6.0,1.81,0.905,21.9,48.26,24.78,439.17,18.962083333333336,11.18,26.05,56.142500000000005,478.01416666666665,24.0,,,6.0,,,1.8050000000000002,,,21.549999999999997,74420.0,Humidity_Low,Humidity_Low
EXP.3,2024-05-23,3,10:00,2024-05-23 10:00:00,R3T2,T2,7.7,1.75,0.875,22.8,58.77,27.08,448.88,25.587500000000002,23.22,30.39,61.07333333333333,448.56375,24.0,7.6,0.10000000000000053,7.6000000000000005,2.8,-1.0499999999999998,2.4166666666666665,22.0,0.8000000000000007,22.833333333333332,1664.0,pH_High,Multiple_Stress
EXP.1,2024-03-12,3,14:00,2024-03-12 14:00:00,R1T2,T2,5.4,1.98,0.99,25.4,50.59,22.78,404.6,17.968125,11.27,25.45,57.156875,432.4475,16.0,5.4,0.0,5.4,1.98,0.0,1.9666666666666668,21.4,4.0,23.099999999999998,45190.0,pH_Low,Normal
EXP.3,2024-05-23,3,14:00,2024-05-23 14:00:00,R3T1,T1,7.3,2.0,1.0,23.8,54.77,27.05,431.44,25.587500000000002,23.22,30.39,61.07333333333333,448.56375,24.0,7.2,0.09999999999999964,7.2,1.75,0.25,2.0999999999999996,22.5,1.3000000000000007,22.599999999999998,33360.0,pH_High,pH_High
EXP.3,2024-05-23,3,10:00,2024-05-23 10:00:00,R1T1,T1,7.2,1.74,0.87,22.3,58.77,27.08,448.88,25.587500000000002,23.22,30.39,61.07333333333333,448.56375,24.0,7.0,0.20000000000000018,7.0,2.6,-0.8600000000000001,2.3133333333333335,21.7,0.6000000000000014,22.166666666666668,1664.0,pH_High,Normal
EXP.3,2024-05-23,3,14:00,2024-05-23 14:00:00,R3T1,T1,7.3,2.0,1.0,23.8,54.77,27.05,431.44,25.587500000000002,23.22,30.39,61.07333333333333,448.56375,24.0,7.2,0.09999999999999964,7.2,1.75,0.25,2.0999999999999996,22.5,1.3000000000000007,22.599999999999998,33360.0,pH_High,pH_High
EXP.1,2024-03-12,3,14:00,2024-03-12 14:00:00,R1T2,T2,5.4,1.98,0.99,25.4,50.59,22.78,404.6,17.968125,11.27,25.45,57.156875,432.4475,16.0,5.4,0.0,5.4,1.98,0.0,1.9666666666666668,21.4,4.0,23.099999999999998,45190.0,pH_Low,Normal
EXP.3,2024-05-21,1,14:00,2024-05-21 14:00:00,R1T1,T1,6.8,2.6,1.3,22.5,53.42,27.65,426.63,25.346666666666668,22.29,27.7,59.06458333333333,450.37083333333334,24.0,6.9,-0.10000000000000053,6.85,2.17,0.43000000000000016,2.385,21.4,1.1000000000000014,21.95,,EC_High,EC_High
EXP.2,2024-04-23,11,10:00,2024-04-23 10:00:00,R1T1,T1,5.7,1.76,0.88,24.3,47.19,30.0,442.42,24.49625,17.34,34.79,53.95791666666667,456.20625,24.0,6.1,-0.39999999999999947,6.0,1.75,0.010000000000000009,1.7566666666666666,25.6,-1.3000000000000007,24.5,70360.0,Humidity_Low,Multiple_Stress
EXP.1,2024-03-22,13,14:00,2024-03-22 14:00:00,R1T1,T1,5.8,1.87,0.935,24.7,49.81,23.95,406.99,18.142083333333336,10.66,25.6,57.46875,456.0833333333333,24.0,5.8,0.0,5.8,1.86,0.010000000000000009,1.8666666666666665,25.1,-0.40000000000000213,23.8,,Humidity_Low,Humidity_Low
EXP.2,2024-05-12,30,14:00,2024-05-12 14:00:00,R1T1,T1,7.1,1.76,0.88,22.5,54.47,24.42,427.85,21.3575,17.48,25.23,59.34791666666666,446.99291666666664,24.0,7.1,0.0,6.8999999999999995,1.75,0.010000000000000009,1.7499999999999998,19.8,2.6999999999999993,21.8,3090.0,pH_High,
EXP.2,2024-04-23,11,10:00,2024-04-23 10:00:00,R2T1,T1,5.5,1.71,0.855,24.5,47.19,30.0,442.42,24.49625,17.34,34.79,53.95791666666667,456.20625,24.0,5.9,-0.40000000000000036,5.8,1.71,0.0,1.71,25.6,-1.1000000000000014,24.633333333333336,70360.0,Humidity_Low,Multiple_Stress
EXP.3,2024-06-12,23,10:00,2024-06-12 10:00:00,R1T1,T1,,3.03,1.515,23.2,63.9,26.44,450.86,24.946250000000003,21.88,28.31,65.50083333333333,451.4566666666667,24.0,6.8,,6.850000000000001,3.02,0.009999999999999787,3.0500000000000003,24.9,-1.6999999999999993,23.900000000000002,26830.0,EC_High,EC_High
EXP.2,2024-04-26,14,14:00,2024-04-26 14:00:00,R3T1,T1,5.9,1.74,0.87,26.5,55.75,23.24,436.06,22.731739130434786,18.97,27.27,60.44869565217391,453.9904347826087,23.0,5.9,0.0,5.9,1.75,-0.010000000000000009,1.7433333333333334,23.6,2.8999999999999986,25.7,46260.0,WaterTemp_High,Normal
EXP.1,2024-03-10,1,14:00,2024-03-10 14:00:00,R3T1,T1,6.9,1.56,0.78,22.3,47.64,24.74,410.58,20.493846153846157,13.26,25.27,50.81230769230769,429.5115384615384,13.0,,,6.9,,,1.56,,,22.3,48300.0,Humidity_Low,Humidity_Low
EXP.3,2024-06-13,24,10:00,2024-06-13 10:00:00,R2T2,T2,7.3,2.16,1.08,22.6,64.0,27.83,449.24,26.022916666666664,22.96,30.33,65.69125,447.28833333333336,24.0,,,7.3,3.18,-1.02,2.84,23.2,-0.5999999999999979,23.333333333333332,23290.0,pH_High,Multiple_Stress
EXP.3,2024-06-12,23,10:00,2024-06-12 10:00:00,R2T1,T1,,3.28,1.64,22.9,63.9,26.44,450.86,24.946250000000003,21.88,28.31,65.50083333333333,451.4566666666667,24.0,6.9,,6.850000000000001,3.28,0.0,3.2733333333333334,24.7,-1.8000000000000007,23.46666666666667,26830.0,EC_High,EC_High
EXP.1,2024-03-14,5,10:00,2024-03-14 10:00:00,R1T1,T1,6.0,1.92,0.96,26.6,54.44,22.36,425.7,19.02125,13.28,25.03,59.577916666666674,449.6683333333333,24.0,6.0,0.0,5.966666666666666,2.02,-0.10000000000000009,1.97,22.0,4.600000000000001,23.53333333333333,,WaterTemp_High,Normal
EXP.1,2024-03-20,11,10:00,2024-03-20 10:00:00,R3T1,T1,5.3,2.01,1.005,23.6,51.46,22.97,436.88,18.465833333333332,10.63,26.32,57.98916666666667,471.80041666666665,24.0,5.5,-0.20000000000000018,5.433333333333334,1.95,0.05999999999999983,1.9766666666666666,24.3,-0.6999999999999993,23.900000000000002,36200.0,pH_Low,Normal
EXP.1,2024-03-27,18,10:00,2024-03-27 10:00:00,R1T2,T2,6.2,1.77,0.885,25.5,49.17,25.06,441.42,21.109583333333333,16.16,26.28,55.38833333333333,450.795,24.0,5.8,0.40000000000000036,5.8999999999999995,1.81,-0.040000000000000036,1.79,25.2,0.3000000000000007,24.933333333333334,79530.0,Humidity_Low,Multiple_Stress
EXP.2,2024-05-05,23,10:00,2024-05-05 10:00:00,R2T2,T2,6.4,2.52,1.26,19.0,54.66,24.89,455.73,20.685,16.17,28.31,54.78863636363636,459.26,22.0,6.3,0.10000000000000053,6.333333333333333,2.91,-0.3900000000000001,2.6633333333333336,22.6,-3.6000000000000014,20.3,24150.0,EC_High,EC_High
EXP.3,2024-06-10,21,14:00,2024-06-10 14:00:00,R3T1,T1,6.4,2.8,1.4,24.2,60.1,28.96,436.92,25.564166666666665,23.01,29.41,66.66666666666667,453.6458333333333,24.0,6.2,0.20000000000000018,6.266666666666667,2.86,-0.06000000000000005,2.83,21.0,3.1999999999999993,22.933333333333337,,EC_High,EC_High
EXP.3,2024-06-13,24,10:00,2024-06-13 10:00:00,R2T2,T2,7.3,2.16,1.08,22.6,64.0,27.83,449.24,26.022916666666664,22.96,30.33,65.69125,447.28833333333336,24.0,,,7.3,3.18,-1.02,2.84,23.2,-0.5999999999999979,23.333333333333332,23290.0,pH_High,Multiple_Stress
EXP.2,2024-04-24,12,10:00,2024-04-24 10:00:00,R2T2,T2,5.8,2.22,1.11,25.8,43.51,34.4,469.54,26.683333333333334,19.89,34.84,50.62583333333333,442.87125,24.0,5.7,0.09999999999999964,5.7,2.3,-0.07999999999999963,2.27,28.0,-2.1999999999999993,26.2,7254.0,Multiple_Stress,Multiple_Stress
EXP.3,2024-05-23,3,10:00,2024-05-23 10:00:00,R3T2,T2,7.7,1.75,0.875,22.8,58.77,27.08,448.88,25.587500000000002,23.22,30.39,61.07333333333333,448.56375,24.0,7.6,0.10000000000000053,7.6000000000000005,2.8,-1.0499999999999998,2.4166666666666665,22.0,0.8000000000000007,22.833333333333332,1664.0,pH_High,Multiple_Stress
EXP.1,2024-03-12,3,10:00,2024-03-12 10:00:00,R1T2,T2,5.4,1.98,0.99,21.4,50.18,23.12,411.77,17.968125,11.27,25.45,57.156875,432.4475,16.0,5.4,0.0,5.466666666666666,1.94,0.040000000000000036,1.9533333333333331,22.5,-1.1000000000000014,20.833333333333332,60540.0,pH_Low,pH_Low
EXP.3,2024-06-10,21,10:00,2024-06-10 10:00:00,R1T1,T1,6.1,2.73,1.365,21.6,66.53,27.37,481.77,25.564166666666665,23.01,29.41,66.66666666666667,453.6458333333333,24.0,6.1,0.0,6.1,2.68,0.04999999999999982,2.72,23.7,-2.099999999999998,22.400000000000002,,EC_High,EC_High
EXP.1,2024-04-01,23,10:00,2024-04-01 10:00:00,R3T2,T2,6.3,1.63,0.815,29.2,53.56,27.25,428.75,22.912499999999998,17.47,30.8,57.57416666666666,448.78541666666666,24.0,,,6.3,,,1.63,,,29.2,,WaterTemp_High,Multiple_Stress
EXP.2,2024-05-12,30,14:00,2024-05-12 14:00:00,R3T2,T2,6.9,1.95,0.975,21.2,54.47,24.42,427.85,21.3575,17.48,25.23,59.34791666666666,446.99291666666664,24.0,6.9,0.0,6.8,1.93,0.020000000000000018,1.9533333333333331,20.4,0.8000000000000007,21.2,3090.0,Normal,
EXP.1,2024-04-03,25,14:00,2024-04-03 14:00:00,R3T1,T1,6.4,1.53,,26.6,61.7,26.3,,,,,,,,6.3,0.10000000000000053,6.366666666666667,1.53,0.0,1.5533333333333335,25.0,1.6000000000000014,26.2,65870.0,WaterTemp_High,Multiple_Stress
EXP.2,2024-04-14,2,14:00,2024-04-14 14:00:00,R2T2,T2,7.2,2.5,1.25,20.0,64.2,25.3,,,,,,,,6.7,0.5,7.0,2.26,0.2400000000000002,2.44,17.9,2.1000000000000014,18.8,12720.0,pH_High,Normal
EXP.1,2024-03-20,11,10:00,2024-03-20 10:00:00,R3T1,T1,5.3,2.01,1.005,23.6,51.46,22.97,436.88,18.465833333333332,10.63,26.32,57.98916666666667,471.80041666666665,24.0,5.5,-0.20000000000000018,5.433333333333334,1.95,0.05999999999999983,1.9766666666666666,24.3,-0.6999999999999993,23.900000000000002,36200.0,pH_Low,Normal
EXP.3,2024-06-08,19,10:00,2024-06-08 10:00:00,R2T2,T2,7.0,2.72,1.36,22.8,61.53,28.84,461.1,26.795833333333334,23.75,31.0,63.401250000000005,459.2945833333333,24.0,7.5,-0.5,7.333333333333333,1.6,1.12,2.1133333333333333,22.4,0.40000000000000213,21.900000000000002,,EC_High,Multiple_Stress
EXP.1,2024-03-20,11,10:00,2024-03-20 10:00:00,R2T2,T2,5.4,1.99,0.995,22.1,51.46,22.97,436.88,18.465833333333332,10.63,26.32,57.98916666666667,471.80041666666665,24.0,5.7,-0.2999999999999998,5.633333333333333,1.94,0.050000000000000044,1.9633333333333332,23.0,-0.8999999999999986,22.633333333333336,36200.0,pH_Low,Normal
EXP.3,2024-05-22,2,10:00,2024-05-22 10:00:00,R2T2,T2,7.7,2.5,1.25,21.2,58.98,26.31,442.47,25.58583333333333,23.05,28.88,60.81166666666667,445.5541666666666,24.0,7.6,0.10000000000000053,7.7,2.5,0.0,2.6,23.2,-2.0,21.900000000000002,1944.0,pH_High,pH_High
EXP.2,2024-05-12,30,10:00,2024-05-12 10:00:00,R3T1,T1,6.9,1.77,0.885,19.0,58.0,23.38,443.59,21.3575,17.48,25.23,59.34791666666666,446.99291666666664,24.0,6.4,0.5,6.6000000000000005,1.86,-0.09000000000000008,1.8433333333333335,21.6,-2.6000000000000014,19.633333333333336,33100.0,Normal,Normal
EXP.3,2024-05-23,3,10:00,2024-05-23 10:00:00,R3T2,T2,7.7,1.75,0.875,22.8,58.77,27.08,448.88,25.587500000000002,23.22,30.39,61.07333333333333,448.56375,24.0,7.6,0.10000000000000053,7.6000000000000005,2.8,-1.0499999999999998,2.4166666666666665,22.0,0.8000000000000007,22.833333333333332,1664.0,pH_High,Multiple_Stress
EXP.3,2024-05-21,1,10:00,2024-05-21 10:00:00,R1T2,T2,7.6,2.4,1.2,21.3,56.85,27.24,457.03,25.346666666666668,22.29,27.7,59.06458333333333,450.37083333333334,24.0,,,7.6,,,2.4,,,21.3,,pH_High,Multiple_Stress
EXP.1,2024-03-23,14,14:00,2024-03-23 14:00:00,R3T2,T2,,,0.0,,48.25,24.7,408.7,18.180799999999998,10.34,25.37,56.098,457.46479999999997,25.0,5.8,,5.8,1.74,,1.735,26.9,,25.950000000000003,,Humidity_Low,WaterTemp_High
EXP.1,2024-03-28,19,10:00,2024-03-28 10:00:00,R2T2,T2,6.1,1.8,0.9,23.7,51.56,23.93,425.26,21.36791666666667,14.18,27.25,55.85958333333334,470.43625,24.0,6.7,-0.6000000000000005,6.433333333333334,1.78,0.020000000000000018,1.7866666666666664,25.7,-2.0,24.5,47100.0,Normal,Normal
EXP.3,2024-06-08,19,10:00,2024-06-08 10:00:00,R1T1,T1,6.0,2.76,1.38,23.0,61.53,28.84,461.1,26.795833333333334,23.75,31.0,63.401250000000005,459.2945833333333,24.0,6.8,-0.7999999999999998,6.466666666666666,2.54,0.21999999999999975,2.4266666666666663,20.5,2.5,21.433333333333334,,EC_High,Multiple_Stress
EXP.1,2024-03-20,11,10:00,2024-03-20 10:00:00,R1T2,T2,5.0,1.93,0.965,24.1,51.46,22.97,436.88,18.465833333333332,10.63,26.32,57.98916666666667,471.80041666666665,24.0,5.2,-0.20000000000000018,5.133333333333333,1.87,0.05999999999999983,1.9033333333333333,25.4,-1.2999999999999972,24.733333333333334,36200.0,pH_Low,Normal
EXP.1,2024-03-27,18,14:00,2024-03-27 14:00:00,R1T1,T1,6.6,1.8,0.9,26.0,47.77,24.09,418.54,21.109583333333333,16.16,26.28,55.38833333333333,450.795,24.0,6.6,0.0,6.433333333333333,1.77,0.030000000000000027,1.7966666666666669,24.2,1.8000000000000007,26.03333333333333,36530.0,Humidity_Low,Normal
EXP.2,2024-04-19,7,14:00,2024-04-19 14:00:00,R2T2,T2,6.1,2.23,1.115,28.6,50.41,26.37,425.01,22.238333333333333,17.55,28.12,58.35375,454.3254166666666,24.0,6.0,0.09999999999999964,6.2,2.3,-0.06999999999999984,2.2666666666666666,24.9,3.700000000000003,26.433333333333334,,WaterTemp_High,Normal
EXP.2,2024-04-14,2,14:00,2024-04-14 14:00:00,R3T1,T1,7.1,1.95,0.975,20.6,64.2,25.3,,,,,,,,6.8,0.2999999999999998,6.866666666666667,1.9,0.050000000000000044,1.9266666666666665,18.1,2.5,18.900000000000002,12720.0,pH_High,Normal
EXP.3,2024-06-13,24,14:00,2024-06-13 14:00:00,R2T1,T1,7.5,2.88,1.44,24.2,57.17,30.33,437.98,26.022916666666664,22.96,30.33,65.69125,447.28833333333336,24.0,7.2,0.2999999999999998,7.233333333333333,3.11,-0.22999999999999998,3.0700000000000003,22.2,2.0,23.233333333333334,23550.0,Multiple_Stress,Multiple_Stress
EXP.1,2024-03-18,9,10:00,2024-03-18 10:00:00,R3T2,T2,5.6,1.81,0.905,27.9,53.95,26.53,426.75,18.576249999999998,13.61,26.53,59.49125,457.72125,24.0,5.4,0.1999999999999993,5.666666666666667,1.77,0.040000000000000036,1.8333333333333333,27.1,0.7999999999999972,26.566666666666663,27600.0,WaterTemp_High,WaterTemp_High
EXP.3,2024-06-08,19,14:00,2024-06-08 14:00:00,R3T1,T1,6.1,2.88,1.44,25.0,57.39,30.61,437.68,26.795833333333334,23.75,31.0,63.401250000000005,459.2945833333333,24.0,6.0,0.09999999999999964,6.366666666666667,2.9,-0.020000000000000018,2.4766666666666666,22.6,2.3999999999999986,23.266666666666666,,Multiple_Stress,EC_High
EXP.1,2024-04-01,23,14:00,2024-04-01 14:00:00,R1T1,T1,6.8,1.23,0.615,27.4,52.18,26.42,410.96,22.912499999999998,17.47,30.8,57.57416666666666,448.78541666666666,24.0,6.8,0.0,6.8,1.58,-0.3500000000000001,1.405,25.2,2.1999999999999993,26.299999999999997,,WaterTemp_High,Normal
EXP.2,2024-04-14,2,14:00,2024-04-14 14:00:00,R2T2,T2,7.2,2.5,1.25,20.0,64.2,25.3,,,,,,,,6.7,0.5,7.0,2.26,0.2400000000000002,2.44,17.9,2.1000000000000014,18.8,12720.0,pH_High,Normal
EXP.1,2024-03-12,3,14:00,2024-03-12 14:00:00,R1T2,T2,5.4,1.98,0.99,25.4,50.59,22.78,404.6,17.968125,11.27,25.45,57.156875,432.4475,16.0,5.4,0.0,5.4,1.98,0.0,1.9666666666666668,21.4,4.0,23.099999999999998,45190.0,pH_Low,Normal
EXP.2,2024-04-14,2,14:00,2024-04-14 14:00:00,R3T2,T2,7.1,2.2,1.1,21.2,64.2,25.3,,,,,,,,6.9,0.1999999999999993,7.0,2.13,0.07000000000000028,2.143333333333333,19.2,2.0,19.8,12720.0,pH_High,Normal
EXP.1,2024-03-20,11,10:00,2024-03-20 10:00:00,R1T1,T1,5.4,1.9,0.95,22.2,51.46,22.97,436.88,18.465833333333332,10.63,26.32,57.98916666666667,471.80041666666665,24.0,5.6,-0.1999999999999993,5.533333333333332,1.89,0.010000000000000009,1.89,25.1,-2.900000000000002,23.3,36200.0,pH_Low,Normal
EXP.3,2024-06-13,24,10:00,2024-06-13 10:00:00,R1T1,T1,7.2,2.87,1.435,22.5,64.0,27.83,449.24,26.022916666666664,22.96,30.33,65.69125,447.28833333333336,24.0,6.9,0.2999999999999998,7.050000000000001,3.1,-0.22999999999999998,3.0,24.2,-1.6999999999999993,23.3,23290.0,Multiple_Stress,Multiple_Stress
EXP.1,2024-03-20,11,14:00,2024-03-20 14:00:00,R3T2,T2,5.8,1.75,0.875,26.7,51.07,22.97,424.04,18.465833333333332,10.63,26.32,57.98916666666667,471.80041666666665,24.0,5.4,0.39999999999999947,5.633333333333334,1.84,-0.09000000000000008,1.7833333333333334,26.1,0.5999999999999979,26.7,,WaterTemp_High,Normal
EXP.2,2024-05-12,30,10:00,2024-05-12 10:00:00,R1T1,T1,7.1,1.75,0.875,19.8,58.0,23.38,443.59,21.3575,17.48,25.23,59.34791666666666,446.99291666666664,24.0,6.5,0.5999999999999996,6.7,1.74,0.010000000000000009,1.7599999999999998,23.1,-3.3000000000000007,20.566666666666666,33100.0,pH_High,pH_High
EXP.1,2024-03-22,13,14:00,2024-03-22 14:00:00,R2T2,T2,5.8,1.87,0.935,24.3,49.81,23.95,406.99,18.142083333333336,10.66,25.6,57.46875,456.0833333333333,24.0,5.9,-0.10000000000000053,5.8999999999999995,1.78,0.09000000000000008,1.8133333333333335,22.9,1.4000000000000021,23.633333333333336,,Humidity_Low,Humidity_Low
EXP.2,2024-05-05,23,14:00,2024-05-05 14:00:00,R3T1,T1,6.4,2.8,1.4,22.3,52.18,22.72,438.32,20.685,16.17,28.31,54.78863636363636,459.26,22.0,6.4,0.0,6.4,2.29,0.5099999999999998,2.4066666666666667,19.0,3.3000000000000007,21.433333333333337,41770.0,EC_High,Multiple_Stress
EXP.3,2024-05-23,3,10:00,2024-05-23 10:00:00,R2T2,T2,7.6,1.76,0.88,22.5,58.77,27.08,448.88,25.587500000000002,23.22,30.39,61.07333333333333,448.56375,24.0,7.7,-0.10000000000000053,7.633333333333333,2.5,-0.74,2.2533333333333334,21.2,1.3000000000000007,22.3,1664.0,pH_High,pH_High
EXP.1,2024-03-10,1,14:00,2024-03-10 14:00:00,R1T2,T2,6.8,1.57,0.78,22.7,47.64,24.74,410.58,20.493846153846157,13.26,25.27,50.81230769230769,429.5115384615384,13.0,,,6.8,,,1.57,,,22.7,48300.0,Humidity_Low,Humidity_Low
EXP.2,2024-05-10,28,10:00,2024-05-10 10:00:00,R3T2,T2,6.5,2.18,1.09,19.0,51.58,24.34,420.96,23.433333333333334,20.66,26.33,53.267500000000005,426.5108333333333,24.0,6.5,0.0,6.466666666666666,2.13,0.050000000000000266,2.1566666666666667,21.2,-2.1999999999999993,19.733333333333334,23500.0,Normal,Normal
EXP.1,2024-03-26,17,14:00,2024-03-26 14:00:00,R3T1,T1,5.9,1.82,0.91,24.3,49.47,22.7,426.84,18.962083333333336,11.18,26.05,56.142500000000005,478.01416666666665,24.0,5.9,0.0,5.9,1.82,0.0,1.82,22.7,1.6000000000000014,23.5,,Humidity_Low,Humidity_Low
EXP.3,2024-05-23,3,10:00,2024-05-23 10:00:00,R1T2,T2,7.6,1.73,0.865,22.1,58.77,27.08,448.88,25.587500000000002,23.22,30.39,61.07333333333333,448.56375,24.0,7.5,0.09999999999999964,7.5,2.8,-1.0699999999999998,2.443333333333333,21.3,0.8000000000000007,22.200000000000003,1664.0,pH_High,pH_High
EXP.2,2024-04-30,18,10:00,2024-04-30 10:00:00,R3T1,T1,6.2,1.79,0.895,23.2,60.1,24.32,452.01,22.271666666666665,18.46,26.36,62.16041666666666,453.81333333333333,24.0,6.1,0.10000000000000053,6.1000000000000005,1.7,0.09000000000000008,1.7299999999999998,25.2,-2.0,23.53333333333333,33450.0,Normal,WaterTemp_High
EXP.3,2024-05-21,1,14:00,2024-05-21 14:00:00,R3T1,T1,7.5,2.13,1.065,22.3,53.42,27.65,426.63,25.346666666666668,22.29,27.7,59.06458333333333,450.37083333333334,24.0,7.6,-0.09999999999999964,7.55,2.6,-0.4700000000000002,2.365,21.3,1.0,21.8,,pH_High,Multiple_Stress
EXP.1,2024-03-20,11,10:00,2024-03-20 10:00:00,R1T2,T2,5.0,1.93,0.965,24.1,51.46,22.97,436.88,18.465833333333332,10.63,26.32,57.98916666666667,471.80041666666665,24.0,5.2,-0.20000000000000018,5.133333333333333,1.87,0.05999999999999983,1.9033333333333333,25.4,-1.2999999999999972,24.733333333333334,36200.0,pH_Low,Normal
EXP.3,2024-05-23,3,14:00,2024-05-23 14:00:00,R2T2,T2,7.7,2.2,1.1,24.1,54.77,27.05,431.44,25.587500000000002,23.22,30.39,61.07333333333333,448.56375,24.0,7.6,0.10000000000000053,7.666666666666667,1.76,0.44000000000000017,2.1533333333333333,22.5,1.6000000000000014,22.599999999999998,33360.0,pH_High,pH_High
EXP.1,2024-04-01,23,10:00,2024-04-01 10:00:00,R3T1,T1,6.6,1.64,0.82,25.4,53.56,27.25,428.75,22.912499999999998,17.47,30.8,57.57416666666666,448.78541666666666,24.0,,,6.6,,,1.64,,,25.4,,Normal,WaterTemp_High
EXP.1,2024-03-20,11,10:00,2024-03-20 10:00:00,R1T1,T1,5.4,1.9,0.95,22.2,51.46,22.97,436.88,18.465833333333332,10.63,26.32,57.98916666666667,471.80041666666665,24.0,5.6,-0.1999999999999993,5.533333333333332,1.89,0.010000000000000009,1.89,25.1,-2.900000000000002,23.3,36200.0,pH_Low,Normal
EXP.3,2024-05-23,3,10:00,2024-05-23 10:00:00,R2T2,T2,7.6,1.76,0.88,22.5,58.77,27.08,448.88,25.587500000000002,23.22,30.39,61.07333333333333,448.56375,24.0,7.7,-0.10000000000000053,7.633333333333333,2.5,-0.74,2.2533333333333334,21.2,1.3000000000000007,22.3,1664.0,pH_High,pH_High
EXP.2,2024-04-14,2,14:00,2024-04-14 14:00:00,R3T2,T2,7.1,2.2,1.1,21.2,64.2,25.3,,,,,,,,6.9,0.1999999999999993,7.0,2.13,0.07000000000000028,2.143333333333333,19.2,2.0,19.8,12720.0,pH_High,Normal
EXP.2,2024-04-30,18,14:00,2024-04-30 14:00:00,R3T1,T1,6.2,1.79,0.895,26.3,57.39,24.31,440.96,22.271666666666665,18.46,26.36,62.16041666666666,453.81333333333333,24.0,6.2,0.0,6.166666666666667,1.79,0.0,1.7599999999999998,23.2,3.1000000000000014,24.899999999999995,37780.0,WaterTemp_High,Normal
EXP.1,2024-03-30,21,14:00,2024-03-30 14:00:00,R3T2,T2,7.2,1.43,0.715,28.5,53.07,25.79,419.13,21.84875,17.33,26.97,60.32583333333333,455.5841666666667,24.0,6.7,0.5,6.866666666666667,1.67,-0.24,1.6266666666666667,24.0,4.5,26.566666666666666,,Multiple_Stress,Normal
EXP.2,2024-05-06,24,10:00,2024-05-06 10:00:00,R1T1,T1,6.8,1.69,0.845,18.2,55.98,24.26,460.83,20.535,16.73,25.73,55.959583333333335,462.6325,24.0,6.6,0.20000000000000018,6.7,1.99,-0.30000000000000004,1.8199999999999996,21.6,-3.400000000000002,19.833333333333332,2870.0,Normal,WaterTemp_High
EXP.3,2024-05-23,3,14:00,2024-05-23 14:00:00,R1T2,T2,7.6,1.79,0.895,24.0,54.77,27.05,431.44,25.587500000000002,23.22,30.39,61.07333333333333,448.56375,24.0,7.6,0.0,7.566666666666666,1.73,0.06000000000000005,2.1066666666666665,22.1,1.8999999999999986,22.46666666666667,33360.0,pH_High,pH_High
EXP.1,2024-03-12,3,10:00,2024-03-12 10:00:00,R1T2,T2,5.4,1.98,0.99,21.4,50.18,23.12,411.77,17.968125,11.27,25.45,57.156875,432.4475,16.0,5.4,0.0,5.466666666666666,1.94,0.040000000000000036,1.9533333333333331,22.5,-1.1000000000000014,20.833333333333332,60540.0,pH_Low,pH_Low
EXP.1,2024-03-12,3,14:00,2024-03-12 14:00:00,R1T2,T2,5.4,1.98,0.99,25.4,50.59,22.78,404.6,17.968125,11.27,25.45,57.156875,432.4475,16.0,5.4,0.0,5.4,1.98,0.0,1.9666666666666668,21.4,4.0,23.099999999999998,45190.0,pH_Low,Normal
EXP.2,2024-04-22,10,10:00,2024-04-22 10:00:00,R2T2,T2,6.0,2.28,1.14,24.2,49.44,25.39,445.85,22.242083333333337,16.06,27.87,56.00833333333333,462.3645833333333,24.0,6.1,-0.09999999999999964,6.0,2.23,0.04999999999999982,2.243333333333333,21.3,2.8999999999999986,23.633333333333336,77040.0,Humidity_Low,Humidity_Low
EXP.1,2024-03-19,10,10:00,2024-03-19 10:00:00,R1T2,T2,5.2,1.87,0.935,25.4,54.42,26.66,437.08,18.850416666666664,12.59,28.13,59.45541666666667,459.2029166666667,24.0,5.2,0.0,5.166666666666667,1.91,-0.039999999999999813,1.89,24.7,0.6999999999999993,25.0,75050.0,pH_Low,pH_Low
EXP.1,2024-04-01,23,14:00,2024-04-01 14:00:00,R3T1,T1,6.9,1.29,0.645,26.7,52.18,26.42,410.96,22.912499999999998,17.47,30.8,57.57416666666666,448.78541666666666,24.0,6.6,0.3000000000000007,6.75,1.64,-0.34999999999999987,1.4649999999999999,25.4,1.3000000000000007,26.049999999999997,,WaterTemp_High,Normal
EXP.2,2024-04-28,16,14:00,2024-04-28 14:00:00,R2T2,T2,5.9,2.3,1.15,26.4,56.07,24.15,442.47,22.252499999999998,18.61,27.42,61.467083333333335,463.61291666666665,24.0,5.9,0.0,5.9,2.3,0.0,2.3,26.4,0.0,26.433333333333334,32660.0,WaterTemp_High,Normal
EXP.2,2024-04-14,2,14:00,2024-04-14 14:00:00,R1T2,T2,7.1,2.2,1.1,20.7,64.2,25.3,,,,,,,,6.8,0.2999999999999998,6.833333333333333,1.9,0.30000000000000027,2.186666666666667,18.1,2.599999999999998,19.033333333333335,12720.0,pH_High,Normal
EXP.3,2024-05-21,1,14:00,2024-05-21 14:00:00,R2T1,T1,7.1,2.62,1.31,22.8,53.42,27.65,426.63,25.346666666666668,22.29,27.7,59.06458333333333,450.37083333333334,24.0,7.2,-0.10000000000000053,7.15,2.62,0.0,2.62,21.3,1.5,22.05,,Multiple_Stress,Multiple_Stress
EXP.2,2024-04-30,18,14:00,2024-04-30 14:00:00,R3T1,T1,6.2,1.79,0.895,26.3,57.39,24.31,440.96,22.271666666666665,18.46,26.36,62.16041666666666,453.81333333333333,24.0,6.2,0.0,6.166666666666667,1.79,0.0,1.7599999999999998,23.2,3.1000000000000014,24.899999999999995,37780.0,WaterTemp_High,Normal
EXP.3,2024-06-12,23,10:00,2024-06-12 10:00:00,R1T1,T1,,3.03,1.515,23.2,63.9,26.44,450.86,24.946250000000003,21.88,28.31,65.50083333333333,451.4566666666667,24.0,6.8,,6.850000000000001,3.02,0.009999999999999787,3.0500000000000003,24.9,-1.6999999999999993,23.900000000000002,26830.0,EC_High,EC_High
EXP.3,2024-05-23,3,10:00,2024-05-23 10:00:00,R3T1,T1,7.2,1.75,0.875,22.5,58.77,27.08,448.88,25.587500000000002,23.22,30.39,61.07333333333333,448.56375,24.0,7.1,0.10000000000000053,7.266666666666667,2.55,-0.7999999999999998,2.143333333333333,21.5,1.0,22.100000000000005,1664.0,pH_High,pH_High
EXP.3,2024-06-10,21,10:00,2024-06-10 10:00:00,R3T1,T1,6.2,2.86,1.43,21.0,66.53,27.37,481.77,25.564166666666665,23.01,29.41,66.66666666666667,453.6458333333333,24.0,6.2,0.0,6.2,2.83,0.029999999999999805,2.846666666666667,23.6,-2.6000000000000014,22.133333333333336,,EC_High,EC_High
EXP.2,2024-04-23,11,10:00,2024-04-23 10:00:00,R3T2,T2,5.5,2.23,1.115,26.2,47.19,30.0,442.42,24.49625,17.34,34.79,53.95791666666667,456.20625,24.0,5.8,-0.2999999999999998,5.7,2.22,0.009999999999999787,2.223333333333334,27.0,-0.8000000000000007,26.099999999999998,70360.0,Multiple_Stress,Multiple_Stress
EXP.2,2024-05-12,30,14:00,2024-05-12 14:00:00,R1T1,T1,7.1,1.76,0.88,22.5,54.47,24.42,427.85,21.3575,17.48,25.23,59.34791666666666,446.99291666666664,24.0,7.1,0.0,6.8999999999999995,1.75,0.010000000000000009,1.7499999999999998,19.8,2.6999999999999993,21.8,3090.0,pH_High,
EXP.1,2024-03-26,17,14:00,2024-03-26 14:00:00,R1T2,T2,5.8,1.81,0.905,25.2,49.47,22.7,426.84,18.962083333333336,11.18,26.05,56.142500000000005,478.01416666666665,24.0,5.7,0.09999999999999964,5.75,1.79,0.020000000000000018,1.8,24.1,1.0999999999999979,24.65,,Humidity_Low,Humidity_Low
EXP.2,2024-05-12,30,10:00,2024-05-12 10:00:00,R1T1,T1,7.1,1.75,0.875,19.8,58.0,23.38,443.59,21.3575,17.48,25.23,59.34791666666666,446.99291666666664,24.0,6.5,0.5999999999999996,6.7,1.74,0.010000000000000009,1.7599999999999998,23.1,-3.3000000000000007,20.566666666666666,33100.0,pH_High,pH_High
EXP.1,2024-03-27,18,10:00,2024-03-27 10:00:00,R1T1,T1,6.6,1.77,0.885,24.2,49.17,25.06,441.42,21.109583333333333,16.16,26.28,55.38833333333333,450.795,24.0,6.1,0.5,6.333333333333333,1.82,-0.050000000000000044,1.8,27.9,-3.6999999999999993,24.96666666666667,79530.0,Humidity_Low,Humidity_Low
EXP.1,2024-03-12,3,10:00,2024-03-12 10:00:00,R1T2,T2,5.4,1.98,0.99,21.4,50.18,23.12,411.77,17.968125,11.27,25.45,57.156875,432.4475,16.0,5.4,0.0,5.466666666666666,1.94,0.040000000000000036,1.9533333333333331,22.5,-1.1000000000000014,20.833333333333332,60540.0,pH_Low,pH_Low
EXP.1,2024-03-12,3,14:00,2024-03-12 14:00:00,R1T2,T2,5.4,1.98,0.99,25.4,50.59,22.78,404.6,17.968125,11.27,25.45,57.156875,432.4475,16.0,5.4,0.0,5.4,1.98,0.0,1.9666666666666668,21.4,4.0,23.099999999999998,45190.0,pH_Low,Normal
EXP.2,2024-05-06,24,14:00,2024-05-06 14:00:00,R3T1,T1,6.4,2.6,1.3,21.0,52.5,25.73,439.29,20.535,16.73,25.73,55.959583333333335,462.6325,24.0,6.5,-0.09999999999999964,6.433333333333334,2.8,-0.19999999999999973,2.733333333333333,17.3,3.6999999999999993,20.200000000000003,35770.0,EC_High,WaterTemp_Low
EXP.2,2024-04-30,18,14:00,2024-04-30 14:00:00,R1T2,T2,6.0,2.18,1.09,26.3,57.39,24.31,440.96,22.271666666666665,18.46,26.36,62.16041666666666,453.81333333333333,24.0,6.0,0.0,6.0,2.19,-0.009999999999999787,2.0233333333333334,23.2,3.1000000000000014,24.933333333333334,37780.0,WaterTemp_High,Normal
EXP.1,2024-03-10,1,14:00,2024-03-10 14:00:00,R1T2,T2,6.8,1.57,0.78,22.7,47.64,24.74,410.58,20.493846153846157,13.26,25.27,50.81230769230769,429.5115384615384,13.0,,,6.8,,,1.57,,,22.7,48300.0,Humidity_Low,Humidity_Low
EXP.3,2024-05-23,3,10:00,2024-05-23 10:00:00,R1T2,T2,7.6,1.73,0.865,22.1,58.77,27.08,448.88,25.587500000000002,23.22,30.39,61.07333333333333,448.56375,24.0,7.5,0.09999999999999964,7.5,2.8,-1.0699999999999998,2.443333333333333,21.3,0.8000000000000007,22.200000000000003,1664.0,pH_High,pH_High
EXP.1,2024-03-19,10,10:00,2024-03-19 10:00:00,R1T2,T2,5.2,1.87,0.935,25.4,54.42,26.66,437.08,18.850416666666664,12.59,28.13,59.45541666666667,459.2029166666667,24.0,5.2,0.0,5.166666666666667,1.91,-0.039999999999999813,1.89,24.7,0.6999999999999993,25.0,75050.0,pH_Low,pH_Low
EXP.1,2024-03-26,17,14:00,2024-03-26 14:00:00,R2T2,T2,6.1,1.82,0.91,24.6,49.47,22.7,426.84,18.962083333333336,11.18,26.05,56.142500000000005,478.01416666666665,24.0,6.0,0.09999999999999964,6.05,1.83,-0.010000000000000009,1.8250000000000002,21.4,3.200000000000003,23.0,,Humidity_Low,Humidity_Low
EXP.2,2024-04-26,14,14:00,2024-04-26 14:00:00,R3T2,T2,5.6,2.23,1.115,27.0,55.75,23.24,436.06,22.731739130434786,18.97,27.27,60.44869565217391,453.9904347826087,23.0,5.5,0.09999999999999964,5.533333333333332,2.25,-0.020000000000000018,2.2466666666666666,23.8,3.1999999999999993,26.133333333333336,46260.0,WaterTemp_High,Normal
EXP.3,2024-06-12,23,10:00,2024-06-12 10:00:00,R1T2,T2,,2.91,1.455,22.6,63.9,26.44,450.86,24.946250000000003,21.88,28.31,65.50083333333333,451.4566666666667,24.0,7.4,,7.35,3.18,-0.27,3.003333333333334,24.2,-1.5999999999999979,22.96666666666667,26830.0,EC_High,Multiple_Stress
EXP.2,2024-04-26,14,14:00,2024-04-26 14:00:00,R1T2,T2,5.7,2.2,1.1,26.7,55.75,23.24,436.06,22.731739130434786,18.97,27.27,60.44869565217391,453.9904347826087,23.0,5.6,0.10000000000000053,5.633333333333333,2.2,0.0,2.2,23.7,3.0,25.966666666666665,46260.0,WaterTemp_High,Normal
EXP.2,2024-04-28,16,14:00,2024-04-28 14:00:00,R2T1,T1,5.9,1.7,0.85,26.2,56.07,24.15,442.47,22.252499999999998,18.61,27.42,61.467083333333335,463.61291666666665,24.0,5.9,0.0,5.933333333333334,1.7,0.0,1.7,22.0,4.199999999999999,24.799999999999997,32660.0,WaterTemp_High,Normal
EXP.2,2024-04-27,15,14:00,2024-04-27 14:00:00,R3T2,T2,5.8,2.23,1.115,26.5,56.15,23.47,437.55,22.160416666666666,18.46,26.74,61.01666666666667,458.7083333333333,24.0,5.7,0.09999999999999964,5.699999999999999,2.24,-0.010000000000000231,2.2333333333333334,22.4,4.100000000000001,25.3,29810.0,WaterTemp_High,Normal
EXP.3,2024-05-21,1,14:00,2024-05-21 14:00:00,R3T1,T1,7.5,2.13,1.065,22.3,53.42,27.65,426.63,25.346666666666668,22.29,27.7,59.06458333333333,450.37083333333334,24.0,7.6,-0.09999999999999964,7.55,2.6,-0.4700000000000002,2.365,21.3,1.0,21.8,,pH_High,Multiple_Stress
EXP.3,2024-06-14,25,14:00,2024-06-14 14:00:00,R2T2,T2,7.5,2.99,1.495,31.4,37.73,44.49,493.81,30.522499999999997,24.39,44.49,57.343333333333334,456.2191666666667,24.0,7.3,0.20000000000000018,7.3,3.19,-0.19999999999999973,3.1233333333333335,23.9,7.5,26.46666666666667,28890.0,Multiple_Stress,Multiple_Stress
EXP.1,2024-03-20,11,10:00,2024-03-20 10:00:00,R3T2,T2,5.4,1.84,0.92,26.1,51.46,22.97,436.88,18.465833333333332,10.63,26.32,57.98916666666667,471.80041666666665,24.0,5.7,-0.2999999999999998,5.566666666666666,1.76,0.08000000000000007,1.8033333333333335,27.3,-1.1999999999999993,27.099999999999998,36200.0,Multiple_Stress,WaterTemp_High
EXP.2,2024-04-26,14,14:00,2024-04-26 14:00:00,R2T1,T1,5.7,1.7,0.85,26.4,55.75,23.24,436.06,22.731739130434786,18.97,27.27,60.44869565217391,453.9904347826087,23.0,5.7,0.0,5.733333333333334,1.7,0.0,1.7,23.5,2.8999999999999986,25.633333333333336,46260.0,WaterTemp_High,Normal
EXP.3,2024-06-10,21,10:00,2024-06-10 10:00:00,R2T1,T1,6.2,3.1,1.55,21.2,66.53,27.37,481.77,25.564166666666665,23.01,29.41,66.66666666666667,453.6458333333333,24.0,6.4,-0.20000000000000018,6.300000000000001,3.04,0.06000000000000005,3.063333333333333,23.7,-2.5,22.266666666666666,,EC_High,EC_High
EXP.1,2024-03-20,11,10:00,2024-03-20 10:00:00,R3T2,T2,5.4,1.84,0.92,26.1,51.46,22.97,436.88,18.465833333333332,10.63,26.32,57.98916666666667,471.80041666666665,24.0,5.7,-0.2999999999999998,5.566666666666666,1.76,0.08000000000000007,1.8033333333333335,27.3,-1.1999999999999993,27.099999999999998,36200.0,Multiple_Stress,WaterTemp_High
EXP.3,2024-06-09,20,14:00,2024-06-09 14:00:00,R2T2,T2,7.1,2.75,1.375,23.0,58.81,27.94,420.01,25.879583333333333,23.42,28.86,65.02166666666666,441.12166666666667,24.0,7.0,0.09999999999999964,7.066666666666666,2.77,-0.020000000000000018,2.7433333333333336,22.0,1.0,23.366666666666664,,Multiple_Stress,Multiple_Stress
EXP.3,2024-05-21,1,14:00,2024-05-21 14:00:00,R3T1,T1,7.5,2.13,1.065,22.3,53.42,27.65,426.63,25.346666666666668,22.29,27.7,59.06458333333333,450.37083333333334,24.0,7.6,-0.09999999999999964,7.55,2.6,-0.4700000000000002,2.365,21.3,1.0,21.8,,pH_High,Multiple_Stress
EXP.3,2024-05-23,3,10:00,2024-05-23 10:00:00,R2T2,T2,7.6,1.76,0.88,22.5,58.77,27.08,448.88,25.587500000000002,23.22,30.39,61.07333333333333,448.56375,24.0,7.7,-0.10000000000000053,7.633333333333333,2.5,-0.74,2.2533333333333334,21.2,1.3000000000000007,22.3,1664.0,pH_High,pH_High
EXP.3,2024-05-21,1,14:00,2024-05-21 14:00:00,R3T1,T1,7.5,2.13,1.065,22.3,53.42,27.65,426.63,25.346666666666668,22.29,27.7,59.06458333333333,450.37083333333334,24.0,7.6,-0.09999999999999964,7.55,2.6,-0.4700000000000002,2.365,21.3,1.0,21.8,,pH_High,Multiple_Stress
EXP.1,2024-03-20,11,10:00,2024-03-20 10:00:00,R1T1,T1,5.4,1.9,0.95,22.2,51.46,22.97,436.88,18.465833333333332,10.63,26.32,57.98916666666667,471.80041666666665,24.0,5.6,-0.1999999999999993,5.533333333333332,1.89,0.010000000000000009,1.89,25.1,-2.900000000000002,23.3,36200.0,pH_Low,Normal
EXP.1,2024-03-20,11,10:00,2024-03-20 10:00:00,R1T1,T1,5.4,1.9,0.95,22.2,51.46,22.97,436.88,18.465833333333332,10.63,26.32,57.98916666666667,471.80041666666665,24.0,5.6,-0.1999999999999993,5.533333333333332,1.89,0.010000000000000009,1.89,25.1,-2.900000000000002,23.3,36200.0,pH_Low,Normal
EXP.1,2024-03-10,1,14:00,2024-03-10 14:00:00,R1T1,T1,6.9,1.61,0.8,22.5,47.64,24.74,410.58,20.493846153846157,13.26,25.27,50.81230769230769,429.5115384615384,13.0,,,6.9,,,1.61,,,22.5,48300.0,Humidity_Low,Multiple_Stress
EXP.2,2024-05-01,19,10:00,2024-05-01 10:00:00,R2T2,T2,6.4,2.5,1.25,23.0,61.9,23.59,455.0,22.669999999999998,18.46,26.3,63.21434782608696,456.29391304347826,23.0,6.1,0.3000000000000007,6.199999999999999,2.22,0.2799999999999998,2.313333333333334,26.2,-3.1999999999999993,24.23333333333333,26880.0,Normal,Normal
EXP.2,2024-05-05,23,14:00,2024-05-05 14:00:00,R3T1,T1,6.4,2.8,1.4,22.3,52.18,22.72,438.32,20.685,16.17,28.31,54.78863636363636,459.26,22.0,6.4,0.0,6.4,2.29,0.5099999999999998,2.4066666666666667,19.0,3.3000000000000007,21.433333333333337,41770.0,EC_High,Multiple_Stress
EXP.3,2024-05-22,2,10:00,2024-05-22 10:00:00,R2T2,T2,7.7,2.5,1.25,21.2,58.98,26.31,442.47,25.58583333333333,23.05,28.88,60.81166666666667,445.5541666666666,24.0,7.6,0.10000000000000053,7.7,2.5,0.0,2.6,23.2,-2.0,21.900000000000002,1944.0,pH_High,pH_High
EXP.1,2024-03-18,9,10:00,2024-03-18 10:00:00,R1T2,T2,5.2,1.91,0.955,24.7,53.95,26.53,426.75,18.576249999999998,13.61,26.53,59.49125,457.72125,24.0,5.1,0.10000000000000053,5.3,1.89,0.020000000000000018,1.9166666666666667,24.9,-0.1999999999999993,24.933333333333334,27600.0,pH_Low,pH_Low
EXP.1,2024-03-16,7,14:00,2024-03-16 14:00:00,R3T2,T2,6.0,1.92,0.96,24.7,51.83,25.06,418.29,19.078333333333333,13.63,26.09,57.51125,455.28416666666664,24.0,5.9,0.09999999999999964,5.966666666666666,1.85,0.06999999999999984,1.883333333333333,25.0,-0.3000000000000007,26.066666666666663,,Normal,Multiple_Stress
EXP.3,2024-06-10,21,14:00,2024-06-10 14:00:00,R1T2,T2,7.0,2.77,1.385,24.1,60.1,28.96,436.92,25.564166666666665,23.01,29.41,66.66666666666667,453.6458333333333,24.0,6.7,0.2999999999999998,6.8,2.77,0.0,2.766666666666666,21.0,3.1000000000000014,22.8,,EC_High,Multiple_Stress
EXP.1,2024-03-20,11,10:00,2024-03-20 10:00:00,R2T2,T2,5.4,1.99,0.995,22.1,51.46,22.97,436.88,18.465833333333332,10.63,26.32,57.98916666666667,471.80041666666665,24.0,5.7,-0.2999999999999998,5.633333333333333,1.94,0.050000000000000044,1.9633333333333332,23.0,-0.8999999999999986,22.633333333333336,36200.0,pH_Low,Normal
EXP.1,2024-03-20,11,10:00,2024-03-20 10:00:00,R1T2,T2,5.0,1.93,0.965,24.1,51.46,22.97,436.88,18.465833333333332,10.63,26.32,57.98916666666667,471.80041666666665,24.0,5.2,-0.20000000000000018,5.133333333333333,1.87,0.05999999999999983,1.9033333333333333,25.4,-1.2999999999999972,24.733333333333334,36200.0,pH_Low,Normal
EXP.3,2024-06-14,25,14:00,2024-06-14 14:00:00,R2T2,T2,7.5,2.99,1.495,31.4,37.73,44.49,493.81,30.522499999999997,24.39,44.49,57.343333333333334,456.2191666666667,24.0,7.3,0.20000000000000018,7.3,3.19,-0.19999999999999973,3.1233333333333335,23.9,7.5,26.46666666666667,28890.0,Multiple_Stress,Multiple_Stress
EXP.1,2024-03-18,9,10:00,2024-03-18 10:00:00,R1T2,T2,5.2,1.91,0.955,24.7,53.95,26.53,426.75,18.576249999999998,13.61,26.53,59.49125,457.72125,24.0,5.1,0.10000000000000053,5.3,1.89,0.020000000000000018,1.9166666666666667,24.9,-0.1999999999999993,24.933333333333334,27600.0,pH_Low,pH_Low
EXP.3,2024-06-12,23,10:00,2024-06-12 10:00:00,R1T1,T1,,3.03,1.515,23.2,63.9,26.44,450.86,24.946250000000003,21.88,28.31,65.50083333333333,451.4566666666667,24.0,6.8,,6.850000000000001,3.02,0.009999999999999787,3.0500000000000003,24.9,-1.6999999999999993,23.900000000000002,26830.0,EC_High,EC_High
EXP.2,2024-04-24,12,10:00,2024-04-24 10:00:00,R1T1,T1,6.0,1.75,0.875,25.0,43.51,34.4,469.54,26.683333333333334,19.89,34.84,50.62583333333333,442.87125,24.0,5.7,0.2999999999999998,5.8,1.76,-0.010000000000000009,1.7566666666666668,27.3,-2.3000000000000007,25.53333333333333,7254.0,Multiple_Stress,Multiple_Stress
EXP.2,2024-04-23,11,10:00,2024-04-23 10:00:00,R3T2,T2,5.5,2.23,1.115,26.2,47.19,30.0,442.42,24.49625,17.34,34.79,53.95791666666667,456.20625,24.0,5.8,-0.2999999999999998,5.7,2.22,0.009999999999999787,2.223333333333334,27.0,-0.8000000000000007,26.099999999999998,70360.0,Multiple_Stress,Multiple_Stress
EXP.1,2024-03-20,11,10:00,2024-03-20 10:00:00,R1T1,T1,5.4,1.9,0.95,22.2,51.46,22.97,436.88,18.465833333333332,10.63,26.32,57.98916666666667,471.80041666666665,24.0,5.6,-0.1999999999999993,5.533333333333332,1.89,0.010000000000000009,1.89,25.1,-2.900000000000002,23.3,36200.0,pH_Low,Normal
EXP.3,2024-05-22,2,10:00,2024-05-22 10:00:00,R1T2,T2,7.5,2.8,1.4,21.3,58.98,26.31,442.47,25.58583333333333,23.05,28.88,60.81166666666667,445.5541666666666,24.0,7.4,0.09999999999999964,7.5,2.8,0.0,2.6666666666666665,23.2,-1.8999999999999986,21.933333333333334,1944.0,Multiple_Stress,pH_High
EXP.1,2024-03-19,10,10:00,2024-03-19 10:00:00,R2T2,T2,5.7,1.94,0.97,23.0,54.42,26.66,437.08,18.850416666666664,12.59,28.13,59.45541666666667,459.2029166666667,24.0,5.8,-0.09999999999999964,5.666666666666667,1.96,-0.020000000000000018,1.95,22.8,0.1999999999999993,22.833333333333332,75050.0,Normal,pH_Low
EXP.3,2024-05-21,1,14:00,2024-05-21 14:00:00,R2T2,T2,7.6,2.5,1.25,23.2,53.42,27.65,426.63,25.346666666666668,22.29,27.7,59.06458333333333,450.37083333333334,24.0,7.8,-0.20000000000000018,7.699999999999999,2.8,-0.2999999999999998,2.65,21.3,1.8999999999999986,22.25,,pH_High,pH_High
EXP.3,2024-05-23,3,10:00,2024-05-23 10:00:00,R2T2,T2,7.6,1.76,0.88,22.5,58.77,27.08,448.88,25.587500000000002,23.22,30.39,61.07333333333333,448.56375,24.0,7.7,-0.10000000000000053,7.633333333333333,2.5,-0.74,2.2533333333333334,21.2,1.3000000000000007,22.3,1664.0,pH_High,pH_High
EXP.3,2024-06-08,19,10:00,2024-06-08 10:00:00,R2T2,T2,7.0,2.72,1.36,22.8,61.53,28.84,461.1,26.795833333333334,23.75,31.0,63.401250000000005,459.2945833333333,24.0,7.5,-0.5,7.333333333333333,1.6,1.12,2.1133333333333333,22.4,0.40000000000000213,21.900000000000002,,EC_High,Multiple_Stress
EXP.1,2024-03-20,11,10:00,2024-03-20 10:00:00,R2T2,T2,5.4,1.99,0.995,22.1,51.46,22.97,436.88,18.465833333333332,10.63,26.32,57.98916666666667,471.80041666666665,24.0,5.7,-0.2999999999999998,5.633333333333333,1.94,0.050000000000000044,1.9633333333333332,23.0,-0.8999999999999986,22.633333333333336,36200.0,pH_Low,Normal
EXP.1,2024-03-20,11,10:00,2024-03-20 10:00:00,R1T2,T2,5.0,1.93,0.965,24.1,51.46,22.97,436.88,18.465833333333332,10.63,26.32,57.98916666666667,471.80041666666665,24.0,5.2,-0.20000000000000018,5.133333333333333,1.87,0.05999999999999983,1.9033333333333333,25.4,-1.2999999999999972,24.733333333333334,36200.0,pH_Low,Normal
EXP.1,2024-03-11,2,14:00,2024-03-11 14:00:00,R3T2,T2,5.6,2.16,1.08,22.9,48.13,24.63,413.96,17.557916666666667,9.81,25.72,55.17083333333333,448.75083333333333,24.0,5.6,0.0,6.033333333333334,2.16,0.0,1.9600000000000002,22.9,0.0,22.933333333333334,61270.0,Humidity_Low,Normal
EXP.2,2024-04-14,2,14:00,2024-04-14 14:00:00,R3T1,T1,7.1,1.95,0.975,20.6,64.2,25.3,,,,,,,,6.8,0.2999999999999998,6.866666666666667,1.9,0.050000000000000044,1.9266666666666665,18.1,2.5,18.900000000000002,12720.0,pH_High,Normal
EXP.2,2024-05-02,20,10:00,2024-05-02 10:00:00,R3T2,T2,6.7,1.83,0.915,23.9,61.58,24.28,449.52,22.66875,19.23,25.25,63.38916666666666,458.70166666666665,24.0,6.8,-0.09999999999999964,6.5,1.75,0.08000000000000007,1.9200000000000002,23.2,0.6999999999999993,24.5,39420.0,Normal,Normal
EXP.2,2024-05-08,26,14:00,2024-05-08 14:00:00,R1T1,T1,6.4,1.81,0.905,19.9,51.53,21.89,427.53,19.66208333333333,15.98,25.36,55.39083333333334,451.8008333333333,24.0,6.1,0.3000000000000007,6.066666666666667,1.83,-0.020000000000000018,1.843333333333333,18.8,1.0999999999999979,19.733333333333334,3772.0,Normal,Normal
EXP.3,2024-06-09,20,10:00,2024-06-09 10:00:00,R2T1,T1,6.3,3.05,1.525,21.9,63.88,27.41,442.02,25.879583333333333,23.42,28.86,65.02166666666666,441.12166666666667,24.0,6.2,0.09999999999999964,6.233333333333333,3.05,0.0,3.05,25.1,-3.200000000000003,23.233333333333334,,EC_High,EC_High
EXP.2,2024-04-18,6,14:00,2024-04-18 14:00:00,R1T2,T2,6.7,2.17,1.085,26.0,49.91,26.83,421.75,23.874166666666667,19.62,28.26,56.20291666666666,448.48291666666665,24.0,6.7,0.0,6.533333333333334,2.17,0.0,2.0833333333333335,25.0,1.0,25.96666666666667,,Humidity_Low,Normal
EXP.1,2024-03-20,11,10:00,2024-03-20 10:00:00,R1T2,T2,5.0,1.93,0.965,24.1,51.46,22.97,436.88,18.465833333333332,10.63,26.32,57.98916666666667,471.80041666666665,24.0,5.2,-0.20000000000000018,5.133333333333333,1.87,0.05999999999999983,1.9033333333333333,25.4,-1.2999999999999972,24.733333333333334,36200.0,pH_Low,Normal
EXP.1,2024-03-30,21,10:00,2024-03-30 10:00:00,R1T1,T1,6.9,1.71,0.855,26.5,54.83,25.98,436.82,21.84875,17.33,26.97,60.32583333333333,455.5841666666667,24.0,6.7,0.20000000000000018,6.800000000000001,1.87,-0.16000000000000014,1.79,26.7,-0.1999999999999993,26.6,,WaterTemp_High,WaterTemp_High
EXP.2,2024-04-26,14,10:00,2024-04-26 10:00:00,R2T2,T2,5.7,2.3,1.15,23.9,60.11,23.95,456.51,22.731739130434786,18.97,27.27,60.44869565217391,453.9904347826087,23.0,5.5,0.20000000000000018,5.6000000000000005,2.3,0.0,2.3033333333333332,27.6,-3.700000000000003,25.333333333333332,20070.0,Normal,WaterTemp_High
EXP.2,2024-05-12,30,10:00,2024-05-12 10:00:00,R1T1,T1,7.1,1.75,0.875,19.8,58.0,23.38,443.59,21.3575,17.48,25.23,59.34791666666666,446.99291666666664,24.0,6.5,0.5999999999999996,6.7,1.74,0.010000000000000009,1.7599999999999998,23.1,-3.3000000000000007,20.566666666666666,33100.0,pH_High,pH_High
EXP.3,2024-05-23,3,10:00,2024-05-23 10:00:00,R3T1,T1,7.2,1.75,0.875,22.5,58.77,27.08,448.88,25.587500000000002,23.22,30.39,61.07333333333333,448.56375,24.0,7.1,0.10000000000000053,7.266666666666667,2.55,-0.7999999999999998,2.143333333333333,21.5,1.0,22.100000000000005,1664.0,pH_High,pH_High
EXP.1,2024-03-16,7,10:00,2024-03-16 10:00:00,R1T2,T2,5.5,1.95,0.975,23.7,55.42,26.09,431.68,19.078333333333333,13.63,26.09,57.51125,455.28416666666664,24.0,5.5,0.0,5.533333333333332,1.95,0.0,1.95,26.2,-2.5,25.3,22050.0,Normal,Normal
EXP.3,2024-05-21,1,14:00,2024-05-21 14:00:00,R2T1,T1,7.1,2.62,1.31,22.8,53.42,27.65,426.63,25.346666666666668,22.29,27.7,59.06458333333333,450.37083333333334,24.0,7.2,-0.10000000000000053,7.15,2.62,0.0,2.62,21.3,1.5,22.05,,Multiple_Stress,Multiple_Stress
EXP.3,2024-06-12,23,10:00,2024-06-12 10:00:00,R1T1,T1,,3.03,1.515,23.2,63.9,26.44,450.86,24.946250000000003,21.88,28.31,65.50083333333333,451.4566666666667,24.0,6.8,,6.850000000000001,3.02,0.009999999999999787,3.0500000000000003,24.9,-1.6999999999999993,23.900000000000002,26830.0,EC_High,EC_High
EXP.2,2024-04-20,8,14:00,2024-04-20 14:00:00,R3T2,T2,5.7,2.26,1.13,27.8,49.29,26.91,418.79,22.569999999999997,16.61,29.55,57.791666666666664,447.3833333333334,24.0,6.7,-1.0,6.433333333333334,2.25,0.009999999999999787,2.2533333333333334,24.7,3.1000000000000014,26.7,,Multiple_Stress,Normal
EXP.3,2024-05-23,3,10:00,2024-05-23 10:00:00,R1T1,T1,7.2,1.74,0.87,22.3,58.77,27.08,448.88,25.587500000000002,23.22,30.39,61.07333333333333,448.56375,24.0,7.0,0.20000000000000018,7.0,2.6,-0.8600000000000001,2.3133333333333335,21.7,0.6000000000000014,22.166666666666668,1664.0,pH_High,Normal
EXP.3,2024-06-17,28,10:00,2024-06-17 10:00:00,R2T1,T1,7.4,3.39,1.695,21.1,61.52,25.28,450.88,25.07375,22.48,27.5,63.709583333333335,456.3416666666667,24.0,7.3,0.10000000000000053,7.333333333333333,3.32,0.07000000000000028,3.41,23.5,-2.3999999999999986,25.666666666666668,,Multiple_Stress,Multiple_Stress
EXP.2,2024-04-14,2,14:00,2024-04-14 14:00:00,R3T1,T1,7.1,1.95,0.975,20.6,64.2,25.3,,,,,,,,6.8,0.2999999999999998,6.866666666666667,1.9,0.050000000000000044,1.9266666666666665,18.1,2.5,18.900000000000002,12720.0,pH_High,Normal
EXP.2,2024-04-30,18,14:00,2024-04-30 14:00:00,R3T2,T2,6.0,2.18,1.09,26.4,57.39,24.31,440.96,22.271666666666665,18.46,26.36,62.16041666666666,453.81333333333333,24.0,6.0,0.0,5.933333333333334,2.18,0.0,2.193333333333334,23.5,2.8999999999999986,25.066666666666666,37780.0,WaterTemp_High,Normal
EXP.1,2024-03-14,5,14:00,2024-03-14 14:00:00,R2T1,T1,6.0,2.01,1.005,24.8,51.77,23.6,410.9,19.02125,13.28,25.03,59.577916666666674,449.6683333333333,24.0,6.0,0.0,5.933333333333334,2.0,0.009999999999999787,2.0066666666666664,25.1,-0.3000000000000007,25.099999999999998,,Normal,Humidity_Low
EXP.1,2024-03-10,1,14:00,2024-03-10 14:00:00,R1T1,T1,6.9,1.61,0.8,22.5,47.64,24.74,410.58,20.493846153846157,13.26,25.27,50.81230769230769,429.5115384615384,13.0,,,6.9,,,1.61,,,22.5,48300.0,Humidity_Low,Multiple_Stress
EXP.2,2024-04-14,2,14:00,2024-04-14 14:00:00,R3T1,T1,7.1,1.95,0.975,20.6,64.2,25.3,,,,,,,,6.8,0.2999999999999998,6.866666666666667,1.9,0.050000000000000044,1.9266666666666665,18.1,2.5,18.900000000000002,12720.0,pH_High,Normal
EXP.2,2024-04-19,7,10:00,2024-04-19 10:00:00,R3T2,T2,5.8,2.27,1.135,25.8,52.22,27.44,452.02,22.238333333333333,17.55,28.12,58.35375,454.3254166666666,24.0,6.3,-0.5,6.133333333333333,2.2,0.06999999999999984,2.23,26.6,-0.8000000000000007,26.0,,Normal,WaterTemp_High
EXP.3,2024-05-23,3,14:00,2024-05-23 14:00:00,R2T2,T2,7.7,2.2,1.1,24.1,54.77,27.05,431.44,25.587500000000002,23.22,30.39,61.07333333333333,448.56375,24.0,7.6,0.10000000000000053,7.666666666666667,1.76,0.44000000000000017,2.1533333333333333,22.5,1.6000000000000014,22.599999999999998,33360.0,pH_High,pH_High
EXP.3,2024-06-14,25,10:00,2024-06-14 10:00:00,R2T2,T2,7.3,3.19,1.595,23.9,49.68,40.45,468.82,30.522499999999997,24.39,44.49,57.343333333333334,456.2191666666667,24.0,7.1,0.20000000000000018,7.233333333333333,3.19,0.0,2.8466666666666662,24.1,-0.20000000000000284,23.53333333333333,,Multiple_Stress,Multiple_Stress
EXP.3,2024-06-09,20,14:00,2024-06-09 14:00:00,R3T2,T2,6.8,2.92,1.46,23.8,58.81,27.94,420.01,25.879583333333333,23.42,28.86,65.02166666666666,441.12166666666667,24.0,6.9,-0.10000000000000053,6.933333333333334,2.93,-0.010000000000000231,2.92,22.1,1.6999999999999993,23.833333333333332,,EC_High,EC_High
EXP.1,2024-03-12,3,14:00,2024-03-12 14:00:00,R1T2,T2,5.4,1.98,0.99,25.4,50.59,22.78,404.6,17.968125,11.27,25.45,57.156875,432.4475,16.0,5.4,0.0,5.4,1.98,0.0,1.9666666666666668,21.4,4.0,23.099999999999998,45190.0,pH_Low,Normal
EXP.3,2024-06-10,21,10:00,2024-06-10 10:00:00,R2T1,T1,6.2,3.1,1.55,21.2,66.53,27.37,481.77,25.564166666666665,23.01,29.41,66.66666666666667,453.6458333333333,24.0,6.4,-0.20000000000000018,6.300000000000001,3.04,0.06000000000000005,3.063333333333333,23.7,-2.5,22.266666666666666,,EC_High,EC_High
EXP.3,2024-05-21,1,10:00,2024-05-21 10:00:00,R3T2,T2,7.7,2.7,1.35,21.7,56.85,27.24,457.03,25.346666666666668,22.29,27.7,59.06458333333333,450.37083333333334,24.0,,,7.7,,,2.7,,,21.7,,Multiple_Stress,Multiple_Stress
EXP.2,2024-04-19,7,10:00,2024-04-19 10:00:00,R2T1,T1,6.2,1.79,0.895,25.0,52.22,27.44,452.02,22.238333333333333,17.55,28.12,58.35375,454.3254166666666,24.0,6.7,-0.5,6.533333333333334,1.75,0.040000000000000036,1.75,25.8,-0.8000000000000007,25.533333333333335,,Normal,WaterTemp_High
EXP.3,2024-05-21,1,14:00,2024-05-21 14:00:00,R3T2,T2,7.5,2.7,1.35,23.7,53.42,27.65,426.63,25.346666666666668,22.29,27.7,59.06458333333333,450.37083333333334,24.0,7.7,-0.20000000000000018,7.6,2.7,0.0,2.7,21.7,2.0,22.7,,Multiple_Stress,Multiple_Stress
EXP.1,2024-03-12,3,10:00,2024-03-12 10:00:00,R3T2,T2,6.9,1.54,0.77,22.6,50.18,23.12,411.77,17.968125,11.27,25.45,57.156875,432.4475,16.0,5.6,1.3000000000000007,6.033333333333334,2.16,-0.6200000000000001,1.9533333333333331,22.9,-0.29999999999999716,22.8,60540.0,Normal,Normal
EXP.1,2024-03-12,3,14:00,2024-03-12 14:00:00,R2T2,T2,5.9,2.02,1.01,25.5,50.59,22.78,404.6,17.968125,11.27,25.45,57.156875,432.4475,16.0,5.9,0.0,5.866666666666667,2.02,0.0,2.02,22.0,3.5,23.266666666666666,45190.0,Normal,Normal
EXP.3,2024-06-14,25,10:00,2024-06-14 10:00:00,R3T2,T2,7.3,2.96,1.48,,49.68,40.45,468.82,30.522499999999997,24.39,44.49,57.343333333333334,456.2191666666667,24.0,7.2,0.09999999999999964,7.266666666666667,2.94,0.020000000000000018,3.01,24.5,,24.5,,Multiple_Stress,Multiple_Stress
EXP.2,2024-05-02,20,14:00,2024-05-02 14:00:00,R2T1,T1,6.5,1.41,0.705,21.3,57.49,24.52,446.11,22.66875,19.23,25.25,63.38916666666666,458.70166666666665,24.0,6.5,0.0,6.466666666666666,1.82,-0.41000000000000014,1.6900000000000002,23.8,-2.5,22.733333333333334,3030.0,Normal,Normal
EXP.3,2024-06-10,21,10:00,2024-06-10 10:00:00,R3T2,T2,6.8,2.91,1.455,21.7,66.53,27.37,481.77,25.564166666666665,23.01,29.41,66.66666666666667,453.6458333333333,24.0,6.8,0.0,6.833333333333333,2.92,-0.009999999999999787,2.92,23.8,-2.1000000000000014,22.53333333333333,,EC_High,EC_High
EXP.3,2024-06-09,20,10:00,2024-06-09 10:00:00,R3T2,T2,6.9,2.93,1.465,22.1,63.88,27.41,442.02,25.879583333333333,23.42,28.86,65.02166666666666,441.12166666666667,24.0,7.1,-0.1999999999999993,7.0,2.91,0.020000000000000018,2.9133333333333336,25.6,-3.5,23.600000000000005,,EC_High,EC_High
EXP.3,2024-06-10,21,14:00,2024-06-10 14:00:00,R3T2,T2,7.0,2.91,1.455,24.9,60.1,28.96,436.92,25.564166666666665,23.01,29.41,66.66666666666667,453.6458333333333,24.0,6.8,0.20000000000000018,6.866666666666667,2.91,0.0,2.9133333333333336,21.7,3.1999999999999993,23.46666666666667,,EC_High,Multiple_Stress
EXP.2,2024-04-14,2,14:00,2024-04-14 14:00:00,R2T2,T2,7.2,2.5,1.25,20.0,64.2,25.3,,,,,,,,6.7,0.5,7.0,2.26,0.2400000000000002,2.44,17.9,2.1000000000000014,18.8,12720.0,pH_High,Normal
EXP.1,2024-03-26,17,10:00,2024-03-26 10:00:00,R2T1,T1,6.0,1.81,0.905,21.9,48.26,24.78,439.17,18.962083333333336,11.18,26.05,56.142500000000005,478.01416666666665,24.0,,,6.0,,,1.8050000000000002,,,21.549999999999997,74420.0,Humidity_Low,Humidity_Low
EXP.2,2024-05-02,20,14:00,2024-05-02 14:00:00,R2T2,T2,6.5,1.82,0.91,21.9,57.49,24.52,446.11,22.66875,19.23,25.25,63.38916666666666,458.70166666666665,24.0,6.2,0.2999999999999998,6.366666666666667,2.42,-0.5999999999999999,2.2466666666666666,23.6,-1.7000000000000028,22.833333333333332,3030.0,Normal,Normal
EXP.1,2024-03-19,10,10:00,2024-03-19 10:00:00,R3T2,T2,5.7,1.76,0.88,27.3,54.42,26.66,437.08,18.850416666666664,12.59,28.13,59.45541666666667,459.2029166666667,24.0,5.6,0.10000000000000053,5.566666666666667,1.81,-0.050000000000000044,1.78,27.9,-0.5999999999999979,27.433333333333334,75050.0,WaterTemp_High,Multiple_Stress
EXP.3,2024-06-12,23,10:00,2024-06-12 10:00:00,R1T1,T1,,3.03,1.515,23.2,63.9,26.44,450.86,24.946250000000003,21.88,28.31,65.50083333333333,451.4566666666667,24.0,6.8,,6.850000000000001,3.02,0.009999999999999787,3.0500000000000003,24.9,-1.6999999999999993,23.900000000000002,26830.0,EC_High,EC_High
EXP.3,2024-06-13,24,10:00,2024-06-13 10:00:00,R2T2,T2,7.3,2.16,1.08,22.6,64.0,27.83,449.24,26.022916666666664,22.96,30.33,65.69125,447.28833333333336,24.0,,,7.3,3.18,-1.02,2.84,23.2,-0.5999999999999979,23.333333333333332,23290.0,pH_High,Multiple_Stress
EXP.2,2024-04-18,6,14:00,2024-04-18 14:00:00,R1T1,T1,6.8,1.75,0.875,25.8,49.91,26.83,421.75,23.874166666666667,19.62,28.26,56.20291666666666,448.48291666666665,24.0,6.6,0.20000000000000018,6.566666666666666,1.72,0.030000000000000027,1.6500000000000001,25.3,0.5,26.46666666666667,,Humidity_Low,Normal
EXP.3,2024-06-13,24,10:00,2024-06-13 10:00:00,R3T2,T2,7.3,3.13,1.565,,64.0,27.83,449.24,26.022916666666664,22.96,30.33,65.69125,447.28833333333336,24.0,,,7.3,3.15,-0.020000000000000018,3.143333333333333,23.5,,24.0,23290.0,Multiple_Stress,Multiple_Stress
EXP.2,2024-05-04,22,14:00,2024-05-04 14:00:00,R2T2,T2,6.3,2.91,1.455,22.6,56.91,24.39,443.4,22.152916666666666,17.85,26.65,62.1775,466.26875,24.0,6.3,0.0,6.333333333333333,2.56,0.3500000000000001,2.69,19.3,3.3000000000000007,21.46666666666667,32550.0,EC_High,EC_High
EXP.1,2024-03-20,11,10:00,2024-03-20 10:00:00,R1T2,T2,5.0,1.93,0.965,24.1,51.46,22.97,436.88,18.465833333333332,10.63,26.32,57.98916666666667,471.80041666666665,24.0,5.2,-0.20000000000000018,5.133333333333333,1.87,0.05999999999999983,1.9033333333333333,25.4,-1.2999999999999972,24.733333333333334,36200.0,pH_Low,Normal
EXP.1,2024-03-27,18,10:00,2024-03-27 10:00:00,R2T1,T1,6.4,1.76,0.88,24.0,49.17,25.06,441.42,21.109583333333333,16.16,26.28,55.38833333333333,450.795,24.0,6.0,0.40000000000000036,6.133333333333333,1.82,-0.06000000000000005,1.7966666666666669,24.8,-0.8000000000000007,23.566666666666666,79530.0,Humidity_Low,Humidity_Low
EXP.1,2024-03-19,10,10:00,2024-03-19 10:00:00,R3T2,T2,5.7,1.76,0.88,27.3,54.42,26.66,437.08,18.850416666666664,12.59,28.13,59.45541666666667,459.2029166666667,24.0,5.6,0.10000000000000053,5.566666666666667,1.81,-0.050000000000000044,1.78,27.9,-0.5999999999999979,27.433333333333334,75050.0,WaterTemp_High,Multiple_Stress
EXP.2,2024-04-19,7,14:00,2024-04-19 14:00:00,R2T2,T2,6.1,2.23,1.115,28.6,50.41,26.37,425.01,22.238333333333333,17.55,28.12,58.35375,454.3254166666666,24.0,6.0,0.09999999999999964,6.2,2.3,-0.06999999999999984,2.2666666666666666,24.9,3.700000000000003,26.433333333333334,,WaterTemp_High,Normal
EXP.2,2024-04-30,18,14:00,2024-04-30 14:00:00,R2T2,T2,6.1,2.22,1.11,26.2,57.39,24.31,440.96,22.271666666666665,18.46,26.36,62.16041666666666,453.81333333333333,24.0,6.1,0.0,6.066666666666666,2.22,0.0,2.2433333333333336,23.5,2.6999999999999993,25.03333333333333,37780.0,WaterTemp_High,Normal
EXP.1,2024-04-04,26,14:00,2024-04-04 14:00:00,R1T1,T1,6.1,1.76,,28.7,46.64,25.53,419.54,25.20266666666667,17.74,37.27,50.618,444.90333333333336,15.0,6.2,-0.10000000000000053,6.099999999999999,1.63,0.13000000000000012,1.6733333333333331,27.1,1.5999999999999979,26.866666666666664,69530.0,Multiple_Stress,
EXP.3,2024-05-23,3,10:00,2024-05-23 10:00:00,R1T2,T2,7.6,1.73,0.865,22.1,58.77,27.08,448.88,25.587500000000002,23.22,30.39,61.07333333333333,448.56375,24.0,7.5,0.09999999999999964,7.5,2.8,-1.0699999999999998,2.443333333333333,21.3,0.8000000000000007,22.200000000000003,1664.0,pH_High,pH_High
EXP.3,2024-06-08,19,14:00,2024-06-08 14:00:00,R2T1,T1,6.2,3.05,1.525,25.1,57.39,30.61,437.68,26.795833333333334,23.75,31.0,63.401250000000005,459.2945833333333,24.0,6.2,0.0,6.3999999999999995,3.05,0.0,2.706666666666667,22.7,2.400000000000002,23.433333333333334,,Multiple_Stress,EC_High
EXP.1,2024-03-15,6,10:00,2024-03-15 10:00:00,R1T2,T2,5.5,1.95,0.975,26.2,47.81,26.82,407.63,19.426666666666666,11.81,29.17,54.786249999999995,447.69416666666666,24.0,5.6,-0.09999999999999964,5.533333333333332,1.95,0.0,1.95,26.0,0.1999999999999993,25.733333333333334,,Multiple_Stress,Normal
EXP.1,2024-03-20,11,10:00,2024-03-20 10:00:00,R3T1,T1,5.3,2.01,1.005,23.6,51.46,22.97,436.88,18.465833333333332,10.63,26.32,57.98916666666667,471.80041666666665,24.0,5.5,-0.20000000000000018,5.433333333333334,1.95,0.05999999999999983,1.9766666666666666,24.3,-0.6999999999999993,23.900000000000002,36200.0,pH_Low,Normal
EXP.3,2024-05-21,1,14:00,2024-05-21 14:00:00,R2T2,T2,7.6,2.5,1.25,23.2,53.42,27.65,426.63,25.346666666666668,22.29,27.7,59.06458333333333,450.37083333333334,24.0,7.8,-0.20000000000000018,7.699999999999999,2.8,-0.2999999999999998,2.65,21.3,1.8999999999999986,22.25,,pH_High,pH_High
EXP.3,2024-06-18,29,10:00,2024-06-18 10:00:00,R1T2,T2,7.5,2.7,1.35,,64.8,26.89,454.87,25.60875,23.2,28.48,65.8225,452.4554166666667,24.0,7.5,0.0,7.5,2.72,-0.020000000000000018,2.706666666666667,22.3,,22.3,,Multiple_Stress,
EXP.2,2024-04-20,8,14:00,2024-04-20 14:00:00,R2T2,T2,6.0,2.23,1.115,27.0,49.29,26.91,418.79,22.569999999999997,16.61,29.55,57.791666666666664,447.3833333333334,24.0,6.5,-0.5,6.2,2.24,-0.010000000000000231,2.233333333333334,24.0,3.0,26.53333333333333,,Multiple_Stress,Normal
EXP.1,2024-04-01,23,14:00,2024-04-01 14:00:00,R3T2,T2,7.0,1.17,0.585,28.3,52.18,26.42,410.96,22.912499999999998,17.47,30.8,57.57416666666666,448.78541666666666,24.0,6.3,0.7000000000000002,6.65,1.63,-0.45999999999999996,1.4,29.2,-0.8999999999999986,28.75,,Multiple_Stress,WaterTemp_High
EXP.1,2024-03-27,18,10:00,2024-03-27 10:00:00,R2T1,T1,6.4,1.76,0.88,24.0,49.17,25.06,441.42,21.109583333333333,16.16,26.28,55.38833333333333,450.795,24.0,6.0,0.40000000000000036,6.133333333333333,1.82,-0.06000000000000005,1.7966666666666669,24.8,-0.8000000000000007,23.566666666666666,79530.0,Humidity_Low,Humidity_Low
EXP.1,2024-03-27,18,10:00,2024-03-27 10:00:00,R1T2,T2,6.2,1.77,0.885,25.5,49.17,25.06,441.42,21.109583333333333,16.16,26.28,55.38833333333333,450.795,24.0,5.8,0.40000000000000036,5.8999999999999995,1.81,-0.040000000000000036,1.79,25.2,0.3000000000000007,24.933333333333334,79530.0,Humidity_Low,Multiple_Stress
EXP.2,2024-05-08,26,14:00,2024-05-08 14:00:00,R2T2,T2,6.5,2.43,1.215,21.8,51.53,21.89,427.53,19.66208333333333,15.98,25.36,55.39083333333334,451.8008333333333,24.0,6.4,0.09999999999999964,6.3,2.53,-0.09999999999999964,2.48,18.1,3.6999999999999993,19.666666666666668,3772.0,Normal,Normal
EXP.3,2024-05-23,3,10:00,2024-05-23 10:00:00,R1T2,T2,7.6,1.73,0.865,22.1,58.77,27.08,448.88,25.587500000000002,23.22,30.39,61.07333333333333,448.56375,24.0,7.5,0.09999999999999964,7.5,2.8,-1.0699999999999998,2.443333333333333,21.3,0.8000000000000007,22.200000000000003,1664.0,pH_High,pH_High
EXP.1,2024-03-26,17,14:00,2024-03-26 14:00:00,R2T2,T2,6.1,1.82,0.91,24.6,49.47,22.7,426.84,18.962083333333336,11.18,26.05,56.142500000000005,478.01416666666665,24.0,6.0,0.09999999999999964,6.05,1.83,-0.010000000000000009,1.8250000000000002,21.4,3.200000000000003,23.0,,Humidity_Low,Humidity_Low
EXP.1,2024-03-20,11,10:00,2024-03-20 10:00:00,R2T2,T2,5.4,1.99,0.995,22.1,51.46,22.97,436.88,18.465833333333332,10.63,26.32,57.98916666666667,471.80041666666665,24.0,5.7,-0.2999999999999998,5.633333333333333,1.94,0.050000000000000044,1.9633333333333332,23.0,-0.8999999999999986,22.633333333333336,36200.0,pH_Low,Normal
EXP.1,2024-03-18,9,10:00,2024-03-18 10:00:00,R1T2,T2,5.2,1.91,0.955,24.7,53.95,26.53,426.75,18.576249999999998,13.61,26.53,59.49125,457.72125,24.0,5.1,0.10000000000000053,5.3,1.89,0.020000000000000018,1.9166666666666667,24.9,-0.1999999999999993,24.933333333333334,27600.0,pH_Low,pH_Low
EXP.3,2024-06-17,28,10:00,2024-06-17 10:00:00,R1T1,T1,7.3,3.31,1.655,21.8,61.52,25.28,450.88,25.07375,22.48,27.5,63.709583333333335,456.3416666666667,24.0,7.1,0.20000000000000018,7.233333333333333,3.25,0.06000000000000005,3.283333333333333,24.1,-2.3000000000000007,26.3,,Multiple_Stress,Multiple_Stress
EXP.1,2024-03-11,2,10:00,2024-03-11 10:00:00,R2T1,T1,5.8,2.02,1.01,19.1,48.4,24.34,425.57,17.557916666666667,9.81,25.72,55.17083333333333,448.75083333333333,24.0,6.9,-1.1000000000000005,6.35,1.57,0.44999999999999996,1.795,22.5,-3.3999999999999986,20.8,50330.0,Humidity_Low,Humidity_Low
EXP.3,2024-06-08,19,14:00,2024-06-08 14:00:00,R2T2,T2,7.1,2.71,1.355,25.1,57.39,30.61,437.68,26.795833333333334,23.75,31.0,63.401250000000005,459.2945833333333,24.0,7.0,0.09999999999999964,7.2,2.72,-0.010000000000000231,2.3433333333333337,22.8,2.3000000000000007,23.433333333333337,,Multiple_Stress,EC_High
EXP.3,2024-06-12,23,10:00,2024-06-12 10:00:00,R2T2,T2,,3.18,1.59,23.2,63.9,26.44,450.86,24.946250000000003,21.88,28.31,65.50083333333333,451.4566666666667,24.0,7.3,,7.25,3.18,0.0,3.1733333333333333,24.2,-1.0,23.5,26830.0,EC_High,pH_High
EXP.1,2024-03-24,15,14:00,2024-03-24 14:00:00,R3T2,T2,5.8,1.66,0.83,26.7,53.74,24.9,432.04,17.954166666666666,12.38,24.9,58.39208333333334,463.9470833333333,24.0,,,5.8,,,1.7,,,26.799999999999997,,WaterTemp_High,Normal
EXP.1,2024-03-11,2,14:00,2024-03-11 14:00:00,R1T1,T1,5.2,2.0,1.0,23.9,48.13,24.63,413.96,17.557916666666667,9.81,25.72,55.17083333333333,448.75083333333333,24.0,5.3,-0.09999999999999964,5.8,2.0,0.0,1.87,19.3,4.599999999999998,21.900000000000002,61270.0,Multiple_Stress,Normal
EXP.2,2024-05-06,24,14:00,2024-05-06 14:00:00,R1T2,T2,6.4,2.52,1.26,21.1,52.5,25.73,439.29,20.535,16.73,25.73,55.959583333333335,462.6325,24.0,6.5,-0.09999999999999964,6.433333333333334,2.58,-0.06000000000000005,2.533333333333333,17.2,3.900000000000002,20.03333333333333,35770.0,EC_High,Normal
EXP.2,2024-04-28,16,10:00,2024-04-28 10:00:00,R1T2,T2,5.9,2.2,1.1,22.3,60.98,24.4,462.26,22.252499999999998,18.61,27.42,61.467083333333335,463.61291666666665,24.0,5.9,0.0,5.866666666666667,2.19,0.010000000000000231,2.1966666666666668,26.4,-4.099999999999998,23.63333333333333,25030.0,Normal,WaterTemp_High
EXP.2,2024-04-27,15,14:00,2024-04-27 14:00:00,R3T1,T1,6.0,1.72,0.86,26.4,56.15,23.47,437.55,22.160416666666666,18.46,26.74,61.01666666666667,458.7083333333333,24.0,6.0,0.0,5.966666666666666,1.73,-0.010000000000000009,1.7299999999999998,22.2,4.199999999999999,25.03333333333333,29810.0,WaterTemp_High,Normal
EXP.3,2024-05-23,3,10:00,2024-05-23 10:00:00,R1T2,T2,7.6,1.73,0.865,22.1,58.77,27.08,448.88,25.587500000000002,23.22,30.39,61.07333333333333,448.56375,24.0,7.5,0.09999999999999964,7.5,2.8,-1.0699999999999998,2.443333333333333,21.3,0.8000000000000007,22.200000000000003,1664.0,pH_High,pH_High
EXP.1,2024-03-20,11,10:00,2024-03-20 10:00:00,R3T2,T2,5.4,1.84,0.92,26.1,51.46,22.97,436.88,18.465833333333332,10.63,26.32,57.98916666666667,471.80041666666665,24.0,5.7,-0.2999999999999998,5.566666666666666,1.76,0.08000000000000007,1.8033333333333335,27.3,-1.1999999999999993,27.099999999999998,36200.0,Multiple_Stress,WaterTemp_High
EXP.3,2024-05-21,1,14:00,2024-05-21 14:00:00,R2T2,T2,7.6,2.5,1.25,23.2,53.42,27.65,426.63,25.346666666666668,22.29,27.7,59.06458333333333,450.37083333333334,24.0,7.8,-0.20000000000000018,7.699999999999999,2.8,-0.2999999999999998,2.65,21.3,1.8999999999999986,22.25,,pH_High,pH_High
EXP.2,2024-05-12,30,14:00,2024-05-12 14:00:00,R3T1,T1,6.7,1.75,0.875,20.8,54.47,24.42,427.85,21.3575,17.48,25.23,59.34791666666666,446.99291666666664,24.0,6.9,-0.20000000000000018,6.666666666666667,1.77,-0.020000000000000018,1.7933333333333337,19.0,1.8000000000000007,20.46666666666667,3090.0,Normal,
EXP.2,2024-05-12,30,10:00,2024-05-12 10:00:00,R1T2,T2,6.9,2.19,1.095,19.3,58.0,23.38,443.59,21.3575,17.48,25.23,59.34791666666666,446.99291666666664,24.0,6.5,0.40000000000000036,6.633333333333333,2.2,-0.010000000000000231,2.23,21.1,-1.8000000000000007,19.46666666666667,33100.0,Normal,Normal
EXP.2,2024-04-14,2,14:00,2024-04-14 14:00:00,R3T1,T1,7.1,1.95,0.975,20.6,64.2,25.3,,,,,,,,6.8,0.2999999999999998,6.866666666666667,1.9,0.050000000000000044,1.9266666666666665,18.1,2.5,18.900000000000002,12720.0,pH_High,Normal
EXP.3,2024-06-08,19,10:00,2024-06-08 10:00:00,R2T1,T1,6.2,3.05,1.525,22.7,61.53,28.84,461.1,26.795833333333334,23.75,31.0,63.401250000000005,459.2945833333333,24.0,6.8,-0.5999999999999996,6.533333333333334,2.02,1.0299999999999998,2.21,22.5,0.1999999999999993,23.03333333333333,,EC_High,Multiple_Stress
EXP.2,2024-04-30,18,14:00,2024-04-30 14:00:00,R2T2,T2,6.1,2.22,1.11,26.2,57.39,24.31,440.96,22.271666666666665,18.46,26.36,62.16041666666666,453.81333333333333,24.0,6.1,0.0,6.066666666666666,2.22,0.0,2.2433333333333336,23.5,2.6999999999999993,25.03333333333333,37780.0,WaterTemp_High,Normal
EXP.3,2024-06-13,24,10:00,2024-06-13 10:00:00,R2T2,T2,7.3,2.16,1.08,22.6,64.0,27.83,449.24,26.022916666666664,22.96,30.33,65.69125,447.28833333333336,24.0,,,7.3,3.18,-1.02,2.84,23.2,-0.5999999999999979,23.333333333333332,23290.0,pH_High,Multiple_Stress
EXP.3,2024-06-10,21,10:00,2024-06-10 10:00:00,R3T2,T2,6.8,2.91,1.455,21.7,66.53,27.37,481.77,25.564166666666665,23.01,29.41,66.66666666666667,453.6458333333333,24.0,6.8,0.0,6.833333333333333,2.92,-0.009999999999999787,2.92,23.8,-2.1000000000000014,22.53333333333333,,EC_High,EC_High
EXP.1,2024-04-01,23,14:00,2024-04-01 14:00:00,R1T2,T2,6.6,1.51,0.755,27.2,52.18,26.42,410.96,22.912499999999998,17.47,30.8,57.57416666666666,448.78541666666666,24.0,6.4,0.1999999999999993,6.5,1.67,-0.15999999999999992,1.5899999999999999,27.7,-0.5,27.45,,WaterTemp_High,WaterTemp_High
EXP.3,2024-05-23,3,10:00,2024-05-23 10:00:00,R3T2,T2,7.7,1.75,0.875,22.8,58.77,27.08,448.88,25.587500000000002,23.22,30.39,61.07333333333333,448.56375,24.0,7.6,0.10000000000000053,7.6000000000000005,2.8,-1.0499999999999998,2.4166666666666665,22.0,0.8000000000000007,22.833333333333332,1664.0,pH_High,Multiple_Stress
EXP.1,2024-03-22,13,14:00,2024-03-22 14:00:00,R1T1,T1,5.8,1.87,0.935,24.7,49.81,23.95,406.99,18.142083333333336,10.66,25.6,57.46875,456.0833333333333,24.0,5.8,0.0,5.8,1.86,0.010000000000000009,1.8666666666666665,25.1,-0.40000000000000213,23.8,,Humidity_Low,Humidity_Low
EXP.1,2024-03-27,18,14:00,2024-03-27 14:00:00,R3T1,T1,6.4,1.78,0.89,25.0,47.77,24.09,418.54,21.109583333333333,16.16,26.28,55.38833333333333,450.795,24.0,6.2,0.20000000000000018,6.166666666666667,1.78,0.0,1.7933333333333332,24.6,0.3999999999999986,24.633333333333336,36530.0,Humidity_Low,Normal
EXP.1,2024-03-28,19,10:00,2024-03-28 10:00:00,R1T1,T1,6.4,1.78,0.89,24.2,51.56,23.93,425.26,21.36791666666667,14.18,27.25,55.85958333333334,470.43625,24.0,6.6,-0.1999999999999993,6.533333333333334,1.8,-0.020000000000000018,1.7833333333333332,26.0,-1.8000000000000007,24.799999999999997,47100.0,Normal,Normal
EXP.3,2024-05-21,1,10:00,2024-05-21 10:00:00,R1T2,T2,7.6,2.4,1.2,21.3,56.85,27.24,457.03,25.346666666666668,22.29,27.7,59.06458333333333,450.37083333333334,24.0,,,7.6,,,2.4,,,21.3,,pH_High,Multiple_Stress
EXP.2,2024-04-24,12,14:00,2024-04-24 14:00:00,R3T1,T1,5.8,1.76,0.88,28.2,42.44,30.86,413.91,26.683333333333334,19.89,34.84,50.62583333333333,442.87125,24.0,5.9,-0.10000000000000053,5.833333333333333,1.72,0.040000000000000036,1.7466666666666668,25.4,2.8000000000000007,27.066666666666666,5162.0,Multiple_Stress,WaterTemp_High
EXP.3,2024-06-08,19,14:00,2024-06-08 14:00:00,R1T1,T1,6.1,2.7,1.35,25.3,57.39,30.61,437.68,26.795833333333334,23.75,31.0,63.401250000000005,459.2945833333333,24.0,6.0,0.09999999999999964,6.3,2.76,-0.05999999999999961,2.6666666666666665,23.0,2.3000000000000007,22.933333333333337,,Multiple_Stress,EC_High
EXP.1,2024-03-26,17,10:00,2024-03-26 10:00:00,R1T2,T2,5.7,1.79,0.895,24.1,48.26,24.78,439.17,18.962083333333336,11.18,26.05,56.142500000000005,478.01416666666665,24.0,,,5.7,,,1.8,,,23.5,74420.0,Humidity_Low,Humidity_Low
EXP.2,2024-04-18,6,14:00,2024-04-18 14:00:00,R2T1,T1,6.7,1.75,0.875,25.8,49.91,26.83,421.75,23.874166666666667,19.62,28.26,56.20291666666666,448.48291666666665,24.0,6.7,0.0,6.7,1.71,0.040000000000000036,1.61,25.8,0.0,26.333333333333332,,Humidity_Low,Normal
EXP.2,2024-05-02,20,10:00,2024-05-02 10:00:00,R1T2,T2,6.3,2.34,1.17,23.5,61.58,24.28,449.52,22.66875,19.23,25.25,63.38916666666666,458.70166666666665,24.0,6.5,-0.20000000000000018,6.266666666666667,2.44,-0.10000000000000009,2.32,23.0,0.5,24.266666666666666,39420.0,Normal,Normal
EXP.3,2024-06-10,21,10:00,2024-06-10 10:00:00,R2T2,T2,7.1,2.75,1.375,20.8,66.53,27.37,481.77,25.564166666666665,23.01,29.41,66.66666666666667,453.6458333333333,24.0,7.1,0.0,7.066666666666666,2.75,0.0,2.7566666666666664,23.0,-2.1999999999999993,21.933333333333334,,Multiple_Stress,Multiple_Stress
EXP.2,2024-04-26,14,14:00,2024-04-26 14:00:00,R2T2,T2,5.7,2.29,1.145,26.9,55.75,23.24,436.06,22.731739130434786,18.97,27.27,60.44869565217391,453.9904347826087,23.0,5.7,0.0,5.633333333333333,2.3,-0.009999999999999787,2.2966666666666664,23.9,3.0,26.133333333333336,46260.0,WaterTemp_High,Normal
EXP.1,2024-03-10,1,14:00,2024-03-10 14:00:00,R1T1,T1,6.9,1.61,0.8,22.5,47.64,24.74,410.58,20.493846153846157,13.26,25.27,50.81230769230769,429.5115384615384,13.0,,,6.9,,,1.61,,,22.5,48300.0,Humidity_Low,Multiple_Stress
EXP.1,2024-03-15,6,10:00,2024-03-15 10:00:00,R3T1,T1,5.7,2.01,1.005,24.8,47.81,26.82,407.63,19.426666666666666,11.81,29.17,54.786249999999995,447.69416666666666,24.0,5.9,-0.20000000000000018,5.800000000000001,1.98,0.029999999999999805,1.9933333333333332,25.0,-0.1999999999999993,24.599999999999998,,Humidity_Low,Normal
EXP.2,2024-04-27,15,14:00,2024-04-27 14:00:00,R2T2,T2,5.9,2.3,1.15,26.5,56.15,23.47,437.55,22.160416666666666,18.46,26.74,61.01666666666667,458.7083333333333,24.0,5.9,0.0,5.833333333333333,2.3,0.0,2.2966666666666664,22.3,4.199999999999999,25.233333333333334,29810.0,WaterTemp_High,WaterTemp_High
EXP.2,2024-04-22,10,14:00,2024-04-22 14:00:00,R1T2,T2,6.1,2.17,1.085,25.7,46.81,27.06,427.15,22.242083333333337,16.06,27.87,56.00833333333333,462.3645833333333,24.0,6.1,0.0,6.066666666666666,2.16,0.009999999999999787,2.1966666666666668,24.2,1.5,25.366666666666664,79490.0,Humidity_Low,Humidity_Low
EXP.1,2024-03-12,3,14:00,2024-03-12 14:00:00,R1T2,T2,5.4,1.98,0.99,25.4,50.59,22.78,404.6,17.968125,11.27,25.45,57.156875,432.4475,16.0,5.4,0.0,5.4,1.98,0.0,1.9666666666666668,21.4,4.0,23.099999999999998,45190.0,pH_Low,Normal
EXP.1,2024-03-30,21,14:00,2024-03-30 14:00:00,R1T2,T2,6.7,1.74,0.87,27.5,53.07,25.79,419.13,21.84875,17.33,26.97,60.32583333333333,455.5841666666667,24.0,6.7,0.0,6.666666666666667,1.72,0.020000000000000018,1.7700000000000002,24.9,2.6000000000000014,26.066666666666666,,WaterTemp_High,Normal
EXP.2,2024-05-05,23,10:00,2024-05-05 10:00:00,R2T1,T1,6.5,1.97,0.985,19.2,54.66,24.89,455.73,20.685,16.17,28.31,54.78863636363636,459.26,22.0,6.5,0.0,6.466666666666666,2.5,-0.53,2.256666666666667,23.8,-4.600000000000001,20.866666666666667,24150.0,Normal,Normal
EXP.2,2024-04-18,6,14:00,2024-04-18 14:00:00,R3T1,T1,6.8,1.72,0.86,25.8,49.91,26.83,421.75,23.874166666666667,19.62,28.26,56.20291666666666,448.48291666666665,24.0,6.8,0.0,6.633333333333333,1.73,-0.010000000000000009,1.6066666666666667,24.8,1.0,25.666666666666668,,Humidity_Low,Normal
EXP.1,2024-03-11,2,14:00,2024-03-11 14:00:00,R3T1,T1,5.7,2.01,1.005,22.3,48.13,24.63,413.96,17.557916666666667,9.81,25.72,55.17083333333333,448.75083333333333,24.0,5.6,0.10000000000000053,6.066666666666666,2.02,-0.010000000000000231,1.8633333333333333,18.9,3.400000000000002,21.166666666666668,61270.0,Humidity_Low,Normal
EXP.3,2024-06-09,20,10:00,2024-06-09 10:00:00,R3T1,T1,6.2,2.85,1.425,21.8,63.88,27.41,442.02,25.879583333333333,23.42,28.86,65.02166666666666,441.12166666666667,24.0,6.1,0.10000000000000053,6.1000000000000005,2.88,-0.029999999999999805,2.8766666666666665,25.0,-3.1999999999999993,23.133333333333336,,EC_High,EC_High
EXP.1,2024-03-10,1,14:00,2024-03-10 14:00:00,R3T2,T2,6.9,1.56,0.76,23.0,47.64,24.74,410.58,20.493846153846157,13.26,25.27,50.81230769230769,429.5115384615384,13.0,,,6.9,,,1.56,,,23.0,48300.0,Humidity_Low,Humidity_Low
EXP.2,2024-04-28,16,10:00,2024-04-28 10:00:00,R3T1,T1,6.0,1.72,0.86,22.33,60.98,24.4,462.26,22.252499999999998,18.61,27.42,61.467083333333335,463.61291666666665,24.0,6.0,0.0,6.0,1.72,0.0,1.7233333333333334,26.4,-4.07,23.643333333333334,25030.0,Normal,Normal
EXP.1,2024-03-20,11,10:00,2024-03-20 10:00:00,R2T2,T2,5.4,1.99,0.995,22.1,51.46,22.97,436.88,18.465833333333332,10.63,26.32,57.98916666666667,471.80041666666665,24.0,5.7,-0.2999999999999998,5.633333333333333,1.94,0.050000000000000044,1.9633333333333332,23.0,-0.8999999999999986,22.633333333333336,36200.0,pH_Low,Normal
EXP.2,2024-05-12,30,14:00,2024-05-12 14:00:00,R1T1,T1,7.1,1.76,0.88,22.5,54.47,24.42,427.85,21.3575,17.48,25.23,59.34791666666666,446.99291666666664,24.0,7.1,0.0,6.8999999999999995,1.75,0.010000000000000009,1.7499999999999998,19.8,2.6999999999999993,21.8,3090.0,pH_High,
EXP.1,2024-03-26,17,14:00,2024-03-26 14:00:00,R3T2,T2,6.0,1.82,0.91,27.7,49.47,22.7,426.84,18.962083333333336,11.18,26.05,56.142500000000005,478.01416666666665,24.0,5.8,0.20000000000000018,5.9,1.84,-0.020000000000000018,1.83,26.6,1.0999999999999979,27.15,,Multiple_Stress,Multiple_Stress
EXP.2,2024-04-18,6,10:00,2024-04-18 10:00:00,R1T1,T1,6.6,1.72,0.86,25.3,50.42,27.31,443.69,23.874166666666667,19.62,28.26,56.20291666666666,448.48291666666665,24.0,6.3,0.2999999999999998,6.566666666666666,1.48,0.24,1.5466666666666666,28.3,-3.0,26.2,,Normal,Humidity_Low
EXP.1,2024-03-30,21,14:00,2024-03-30 14:00:00,R1T1,T1,6.7,1.73,0.865,27.9,53.07,25.79,419.13,21.84875,17.33,26.97,60.32583333333333,455.5841666666667,24.0,6.9,-0.20000000000000018,6.766666666666667,1.71,0.020000000000000018,1.7700000000000002,26.5,1.3999999999999986,27.03333333333333,,WaterTemp_High,Normal
EXP.1,2024-03-20,11,10:00,2024-03-20 10:00:00,R2T2,T2,5.4,1.99,0.995,22.1,51.46,22.97,436.88,18.465833333333332,10.63,26.32,57.98916666666667,471.80041666666665,24.0,5.7,-0.2999999999999998,5.633333333333333,1.94,0.050000000000000044,1.9633333333333332,23.0,-0.8999999999999986,22.633333333333336,36200.0,pH_Low,Normal
EXP.2,2024-05-04,22,10:00,2024-05-04 10:00:00,R2T1,T1,6.4,2.3,1.15,19.6,62.99,23.26,466.06,22.152916666666666,17.85,26.65,62.1775,466.26875,24.0,6.4,0.0,6.4,2.18,0.11999999999999966,2.1933333333333334,22.5,-2.8999999999999986,20.866666666666667,25700.0,Normal,Normal
EXP.3,2024-06-10,21,10:00,2024-06-10 10:00:00,R2T2,T2,7.1,2.75,1.375,20.8,66.53,27.37,481.77,25.564166666666665,23.01,29.41,66.66666666666667,453.6458333333333,24.0,7.1,0.0,7.066666666666666,2.75,0.0,2.7566666666666664,23.0,-2.1999999999999993,21.933333333333334,,Multiple_Stress,Multiple_Stress
EXP.3,2024-05-23,3,10:00,2024-05-23 10:00:00,R3T1,T1,7.2,1.75,0.875,22.5,58.77,27.08,448.88,25.587500000000002,23.22,30.39,61.07333333333333,448.56375,24.0,7.1,0.10000000000000053,7.266666666666667,2.55,-0.7999999999999998,2.143333333333333,21.5,1.0,22.100000000000005,1664.0,pH_High,pH_High
EXP.3,2024-06-14,25,14:00,2024-06-14 14:00:00,R2T2,T2,7.5,2.99,1.495,31.4,37.73,44.49,493.81,30.522499999999997,24.39,44.49,57.343333333333334,456.2191666666667,24.0,7.3,0.20000000000000018,7.3,3.19,-0.19999999999999973,3.1233333333333335,23.9,7.5,26.46666666666667,28890.0,Multiple_Stress,Multiple_Stress
EXP.3,2024-06-10,21,10:00,2024-06-10 10:00:00,R1T2,T2,6.7,2.77,1.385,21.0,66.53,27.37,481.77,25.564166666666665,23.01,29.41,66.66666666666667,453.6458333333333,24.0,6.7,0.0,6.733333333333334,2.76,0.010000000000000231,2.76,23.3,-2.3000000000000007,22.066666666666663,,EC_High,EC_High
EXP.1,2024-03-19,10,10:00,2024-03-19 10:00:00,R1T2,T2,5.2,1.87,0.935,25.4,54.42,26.66,437.08,18.850416666666664,12.59,28.13,59.45541666666667,459.2029166666667,24.0,5.2,0.0,5.166666666666667,1.91,-0.039999999999999813,1.89,24.7,0.6999999999999993,25.0,75050.0,pH_Low,pH_Low
EXP.1,2024-03-12,3,14:00,2024-03-12 14:00:00,R1T2,T2,5.4,1.98,0.99,25.4,50.59,22.78,404.6,17.968125,11.27,25.45,57.156875,432.4475,16.0,5.4,0.0,5.4,1.98,0.0,1.9666666666666668,21.4,4.0,23.099999999999998,45190.0,pH_Low,Normal
EXP.3,2024-06-09,20,14:00,2024-06-09 14:00:00,R1T2,T2,6.7,2.76,1.38,23.3,58.81,27.94,420.01,25.879583333333333,23.42,28.86,65.02166666666666,441.12166666666667,24.0,6.8,-0.09999999999999964,6.733333333333333,2.75,0.009999999999999787,2.7533333333333334,21.9,1.4000000000000021,23.366666666666664,,EC_High,EC_High
EXP.3,2024-06-08,19,14:00,2024-06-08 14:00:00,R1T2,T2,6.7,2.75,1.375,24.9,57.39,30.61,437.68,26.795833333333334,23.75,31.0,63.401250000000005,459.2945833333333,24.0,6.8,-0.09999999999999964,6.933333333333334,2.74,0.009999999999999787,2.346666666666667,22.3,2.599999999999998,23.133333333333336,,Multiple_Stress,EC_High
EXP.2,2024-04-28,16,14:00,2024-04-28 14:00:00,R2T2,T2,5.9,2.3,1.15,26.4,56.07,24.15,442.47,22.252499999999998,18.61,27.42,61.467083333333335,463.61291666666665,24.0,5.9,0.0,5.9,2.3,0.0,2.3,26.4,0.0,26.433333333333334,32660.0,WaterTemp_High,Normal
EXP.2,2024-05-02,20,10:00,2024-05-02 10:00:00,R2T2,T2,6.2,2.42,1.21,23.6,61.58,24.28,449.52,22.66875,19.23,25.25,63.38916666666666,458.70166666666665,24.0,6.4,-0.20000000000000018,6.233333333333334,2.5,-0.08000000000000007,2.3800000000000003,23.0,0.6000000000000014,24.266666666666666,39420.0,Normal,Normal
EXP.2,2024-04-24,12,10:00,2024-04-24 10:00:00,R3T1,T1,5.9,1.72,0.86,25.4,43.51,34.4,469.54,26.683333333333334,19.89,34.84,50.62583333333333,442.87125,24.0,5.8,0.10000000000000053,5.8,1.76,-0.040000000000000036,1.7366666666666666,27.6,-2.200000000000003,25.76666666666667,7254.0,Multiple_Stress,Multiple_Stress
EXP.1,2024-03-11,2,10:00,2024-03-11 10:00:00,R1T2,T2,5.6,1.94,0.97,18.6,48.4,24.34,425.57,17.557916666666667,9.81,25.72,55.17083333333333,448.75083333333333,24.0,6.8,-1.2000000000000002,6.199999999999999,1.57,0.3699999999999999,1.755,22.7,-4.099999999999998,20.65,50330.0,Humidity_Low,Multiple_Stress
EXP.1,2024-03-20,11,10:00,2024-03-20 10:00:00,R2T2,T2,5.4,1.99,0.995,22.1,51.46,22.97,436.88,18.465833333333332,10.63,26.32,57.98916666666667,471.80041666666665,24.0,5.7,-0.2999999999999998,5.633333333333333,1.94,0.050000000000000044,1.9633333333333332,23.0,-0.8999999999999986,22.633333333333336,36200.0,pH_Low,Normal
EXP.3,2024-06-09,20,10:00,2024-06-09 10:00:00,R3T1,T1,6.2,2.85,1.425,21.8,63.88,27.41,442.02,25.879583333333333,23.42,28.86,65.02166666666666,441.12166666666667,24.0,6.1,0.10000000000000053,6.1000000000000005,2.88,-0.029999999999999805,2.8766666666666665,25.0,-3.1999999999999993,23.133333333333336,,EC_High,EC_High
EXP.3,2024-05-22,2,10:00,2024-05-22 10:00:00,R2T2,T2,7.7,2.5,1.25,21.2,58.98,26.31,442.47,25.58583333333333,23.05,28.88,60.81166666666667,445.5541666666666,24.0,7.6,0.10000000000000053,7.7,2.5,0.0,2.6,23.2,-2.0,21.900000000000002,1944.0,pH_High,pH_High
EXP.1,2024-03-11,2,10:00,2024-03-11 10:00:00,R3T1,T1,5.6,2.02,1.01,18.9,48.4,24.34,425.57,17.557916666666667,9.81,25.72,55.17083333333333,448.75083333333333,24.0,6.9,-1.3000000000000007,6.25,1.56,0.45999999999999996,1.79,22.3,-3.400000000000002,20.6,50330.0,Humidity_Low,Humidity_Low
EXP.2,2024-04-19,7,14:00,2024-04-19 14:00:00,R3T1,T1,6.3,1.75,0.875,28.2,50.41,26.37,425.01,22.238333333333333,17.55,28.12,58.35375,454.3254166666666,24.0,6.3,0.0,6.466666666666666,1.75,0.0,1.74,24.3,3.8999999999999986,26.099999999999998,,WaterTemp_High,Normal
EXP.1,2024-03-27,18,14:00,2024-03-27 14:00:00,R1T1,T1,6.6,1.8,0.9,26.0,47.77,24.09,418.54,21.109583333333333,16.16,26.28,55.38833333333333,450.795,24.0,6.6,0.0,6.433333333333333,1.77,0.030000000000000027,1.7966666666666669,24.2,1.8000000000000007,26.03333333333333,36530.0,Humidity_Low,Normal
EXP.2,2024-04-30,18,14:00,2024-04-30 14:00:00,R2T2,T2,6.1,2.22,1.11,26.2,57.39,24.31,440.96,22.271666666666665,18.46,26.36,62.16041666666666,453.81333333333333,24.0,6.1,0.0,6.066666666666666,2.22,0.0,2.2433333333333336,23.5,2.6999999999999993,25.03333333333333,37780.0,WaterTemp_High,Normal
EXP.2,2024-04-13,1,10:00,2024-04-13 10:00:00,R2T1,T1,6.7,1.66,0.83,18.8,69.0,24.6,,,,,,,,,,6.7,,,1.66,,,18.8,26660.0,Normal,Normal
EXP.2,2024-04-14,2,14:00,2024-04-14 14:00:00,R3T1,T1,7.1,1.95,0.975,20.6,64.2,25.3,,,,,,,,6.8,0.2999999999999998,6.866666666666667,1.9,0.050000000000000044,1.9266666666666665,18.1,2.5,18.900000000000002,12720.0,pH_High,Normal
EXP.3,2024-06-09,20,14:00,2024-06-09 14:00:00,R1T2,T2,6.7,2.76,1.38,23.3,58.81,27.94,420.01,25.879583333333333,23.42,28.86,65.02166666666666,441.12166666666667,24.0,6.8,-0.09999999999999964,6.733333333333333,2.75,0.009999999999999787,2.7533333333333334,21.9,1.4000000000000021,23.366666666666664,,EC_High,EC_High
EXP.3,2024-06-09,20,14:00,2024-06-09 14:00:00,R3T1,T1,6.2,2.83,1.415,23.6,58.81,27.94,420.01,25.879583333333333,23.42,28.86,65.02166666666666,441.12166666666667,24.0,6.2,0.0,6.166666666666667,2.85,-0.020000000000000018,2.853333333333333,21.8,1.8000000000000007,23.46666666666667,,EC_High,EC_High
EXP.1,2024-03-15,6,10:00,2024-03-15 10:00:00,R1T1,T1,5.8,1.94,0.97,24.3,47.81,26.82,407.63,19.426666666666666,11.81,29.17,54.786249999999995,447.69416666666666,24.0,6.0,-0.20000000000000018,5.933333333333334,1.93,0.010000000000000009,1.93,26.0,-1.6999999999999993,25.633333333333336,,Humidity_Low,Normal
EXP.2,2024-04-28,16,14:00,2024-04-28 14:00:00,R1T2,T2,5.9,2.2,1.1,26.2,56.07,24.15,442.47,22.252499999999998,18.61,27.42,61.467083333333335,463.61291666666665,24.0,5.9,0.0,5.9,2.2,0.0,2.1966666666666668,22.3,3.8999999999999986,24.96666666666667,32660.0,WaterTemp_High,Normal
EXP.1,2024-03-11,2,14:00,2024-03-11 14:00:00,R3T1,T1,5.7,2.01,1.005,22.3,48.13,24.63,413.96,17.557916666666667,9.81,25.72,55.17083333333333,448.75083333333333,24.0,5.6,0.10000000000000053,6.066666666666666,2.02,-0.010000000000000231,1.8633333333333333,18.9,3.400000000000002,21.166666666666668,61270.0,Humidity_Low,Normal
EXP.3,2024-06-14,25,10:00,2024-06-14 10:00:00,R1T1,T1,7.5,3.17,1.585,24.2,49.68,40.45,468.82,30.522499999999997,24.39,44.49,57.343333333333334,456.2191666666667,24.0,7.3,0.20000000000000018,7.333333333333333,3.16,0.009999999999999787,3.0666666666666664,25.2,-1.0,23.96666666666667,,Multiple_Stress,Multiple_Stress
EXP.2,2024-04-23,11,10:00,2024-04-23 10:00:00,R1T2,T2,5.7,2.18,1.09,24.8,47.19,30.0,442.42,24.49625,17.34,34.79,53.95791666666667,456.20625,24.0,6.1,-0.39999999999999947,5.966666666666666,2.17,0.010000000000000231,2.17,25.7,-0.8999999999999986,24.899999999999995,70360.0,Humidity_Low,Humidity_Low
EXP.1,2024-03-19,10,10:00,2024-03-19 10:00:00,R1T2,T2,5.2,1.87,0.935,25.4,54.42,26.66,437.08,18.850416666666664,12.59,28.13,59.45541666666667,459.2029166666667,24.0,5.2,0.0,5.166666666666667,1.91,-0.039999999999999813,1.89,24.7,0.6999999999999993,25.0,75050.0,pH_Low,pH_Low
EXP.1,2024-03-28,19,14:00,2024-03-28 14:00:00,R3T2,T2,,,0.0,,50.84,24.77,426.76,21.36791666666667,14.18,27.25,55.85958333333334,470.43625,24.0,6.0,,6.049999999999999,1.82,,1.82,28.2,,28.050000000000004,,Normal,WaterTemp_High
EXP.1,2024-03-28,19,14:00,2024-03-28 14:00:00,R2T1,T1,,,0.0,,50.84,24.77,426.76,21.36791666666667,14.18,27.25,55.85958333333334,470.43625,24.0,6.2,,6.3999999999999995,1.77,,1.77,23.9,,24.6,,Normal,Normal
EXP.1,2024-03-20,11,10:00,2024-03-20 10:00:00,R3T1,T1,5.3,2.01,1.005,23.6,51.46,22.97,436.88,18.465833333333332,10.63,26.32,57.98916666666667,471.80041666666665,24.0,5.5,-0.20000000000000018,5.433333333333334,1.95,0.05999999999999983,1.9766666666666666,24.3,-0.6999999999999993,23.900000000000002,36200.0,pH_Low,Normal
EXP.2,2024-05-04,22,14:00,2024-05-04 14:00:00,R1T2,T2,6.3,2.5,1.25,22.9,56.91,24.39,443.4,22.152916666666666,17.85,26.65,62.1775,466.26875,24.0,6.3,0.0,6.333333333333333,2.59,-0.08999999999999986,2.5666666666666664,19.5,3.3999999999999986,21.599999999999998,32550.0,Normal,Normal
EXP.1,2024-04-01,23,14:00,2024-04-01 14:00:00,R1T1,T1,6.8,1.23,0.615,27.4,52.18,26.42,410.96,22.912499999999998,17.47,30.8,57.57416666666666,448.78541666666666,24.0,6.8,0.0,6.8,1.58,-0.3500000000000001,1.405,25.2,2.1999999999999993,26.299999999999997,,WaterTemp_High,Normal
EXP.1,2024-03-11,2,14:00,2024-03-11 14:00:00,R2T1,T1,5.8,2.02,1.01,22.1,48.13,24.63,413.96,17.557916666666667,9.81,25.72,55.17083333333333,448.75083333333333,24.0,5.8,0.0,6.166666666666667,2.02,0.0,1.87,19.1,3.0,21.233333333333334,61270.0,Humidity_Low,Normal
EXP.2,2024-05-12,30,14:00,2024-05-12 14:00:00,R1T1,T1,7.1,1.76,0.88,22.5,54.47,24.42,427.85,21.3575,17.48,25.23,59.34791666666666,446.99291666666664,24.0,7.1,0.0,6.8999999999999995,1.75,0.010000000000000009,1.7499999999999998,19.8,2.6999999999999993,21.8,3090.0,pH_High,
EXP.1,2024-03-12,3,10:00,2024-03-12 10:00:00,R1T2,T2,5.4,1.98,0.99,21.4,50.18,23.12,411.77,17.968125,11.27,25.45,57.156875,432.4475,16.0,5.4,0.0,5.466666666666666,1.94,0.040000000000000036,1.9533333333333331,22.5,-1.1000000000000014,20.833333333333332,60540.0,pH_Low,pH_Low
EXP.3,2024-06-08,19,10:00,2024-06-08 10:00:00,R2T1,T1,6.2,3.05,1.525,22.7,61.53,28.84,461.1,26.795833333333334,23.75,31.0,63.401250000000005,459.2945833333333,24.0,6.8,-0.5999999999999996,6.533333333333334,2.02,1.0299999999999998,2.21,22.5,0.1999999999999993,23.03333333333333,,EC_High,Multiple_Stress
EXP.2,2024-05-09,27,10:00,2024-05-09 10:00:00,R2T1,T1,6.4,1.68,0.84,18.5,55.59,24.02,440.42,21.942083333333333,16.7,25.15,55.362500000000004,438.23333333333335,24.0,6.4,0.0,6.333333333333333,1.75,-0.07000000000000006,1.7633333333333334,19.5,-1.0,18.966666666666665,27070.0,Normal,Normal
EXP.2,2024-04-24,12,14:00,2024-04-24 14:00:00,R3T2,T2,5.6,2.25,1.125,29.8,42.44,30.86,413.91,26.683333333333334,19.89,34.84,50.62583333333333,442.87125,24.0,5.7,-0.10000000000000053,5.633333333333333,2.24,0.009999999999999787,2.24,26.7,3.1000000000000014,28.23333333333333,5162.0,Multiple_Stress,Normal
EXP.1,2024-03-20,11,10:00,2024-03-20 10:00:00,R1T1,T1,5.4,1.9,0.95,22.2,51.46,22.97,436.88,18.465833333333332,10.63,26.32,57.98916666666667,471.80041666666665,24.0,5.6,-0.1999999999999993,5.533333333333332,1.89,0.010000000000000009,1.89,25.1,-2.900000000000002,23.3,36200.0,pH_Low,Normal
EXP.3,2024-06-09,20,10:00,2024-06-09 10:00:00,R2T1,T1,6.3,3.05,1.525,21.9,63.88,27.41,442.02,25.879583333333333,23.42,28.86,65.02166666666666,441.12166666666667,24.0,6.2,0.09999999999999964,6.233333333333333,3.05,0.0,3.05,25.1,-3.200000000000003,23.233333333333334,,EC_High,EC_High
EXP.3,2024-06-14,25,10:00,2024-06-14 10:00:00,R3T2,T2,7.3,2.96,1.48,,49.68,40.45,468.82,30.522499999999997,24.39,44.49,57.343333333333334,456.2191666666667,24.0,7.2,0.09999999999999964,7.266666666666667,2.94,0.020000000000000018,3.01,24.5,,24.5,,Multiple_Stress,Multiple_Stress
EXP.2,2024-04-22,10,14:00,2024-04-22 14:00:00,R2T2,T2,5.9,2.28,1.14,25.7,46.81,27.06,427.15,22.242083333333337,16.06,27.87,56.00833333333333,462.3645833333333,24.0,6.0,-0.09999999999999964,6.0,2.28,0.0,2.263333333333333,24.2,1.5,23.73333333333333,79490.0,Humidity_Low,Humidity_Low
EXP.1,2024-03-20,11,10:00,2024-03-20 10:00:00,R3T1,T1,5.3,2.01,1.005,23.6,51.46,22.97,436.88,18.465833333333332,10.63,26.32,57.98916666666667,471.80041666666665,24.0,5.5,-0.20000000000000018,5.433333333333334,1.95,0.05999999999999983,1.9766666666666666,24.3,-0.6999999999999993,23.900000000000002,36200.0,pH_Low,Normal
EXP.1,2024-03-20,11,10:00,2024-03-20 10:00:00,R2T2,T2,5.4,1.99,0.995,22.1,51.46,22.97,436.88,18.465833333333332,10.63,26.32,57.98916666666667,471.80041666666665,24.0,5.7,-0.2999999999999998,5.633333333333333,1.94,0.050000000000000044,1.9633333333333332,23.0,-0.8999999999999986,22.633333333333336,36200.0,pH_Low,Normal
EXP.1,2024-03-20,11,10:00,2024-03-20 10:00:00,R1T2,T2,5.0,1.93,0.965,24.1,51.46,22.97,436.88,18.465833333333332,10.63,26.32,57.98916666666667,471.80041666666665,24.0,5.2,-0.20000000000000018,5.133333333333333,1.87,0.05999999999999983,1.9033333333333333,25.4,-1.2999999999999972,24.733333333333334,36200.0,pH_Low,Normal
EXP.3,2024-06-13,24,10:00,2024-06-13 10:00:00,R2T2,T2,7.3,2.16,1.08,22.6,64.0,27.83,449.24,26.022916666666664,22.96,30.33,65.69125,447.28833333333336,24.0,,,7.3,3.18,-1.02,2.84,23.2,-0.5999999999999979,23.333333333333332,23290.0,pH_High,Multiple_Stress
EXP.3,2024-06-12,23,10:00,2024-06-12 10:00:00,R3T2,T2,,3.15,1.575,23.5,63.9,26.44,450.86,24.946250000000003,21.88,28.31,65.50083333333333,451.4566666666667,24.0,7.3,,7.3,3.15,0.0,3.143333333333333,24.5,-1.0,23.766666666666666,26830.0,EC_High,Multiple_Stress
EXP.2,2024-05-06,24,14:00,2024-05-06 14:00:00,R1T2,T2,6.4,2.52,1.26,21.1,52.5,25.73,439.29,20.535,16.73,25.73,55.959583333333335,462.6325,24.0,6.5,-0.09999999999999964,6.433333333333334,2.58,-0.06000000000000005,2.533333333333333,17.2,3.900000000000002,20.03333333333333,35770.0,EC_High,Normal
EXP.3,2024-06-10,21,14:00,2024-06-10 14:00:00,R2T2,T2,7.1,2.71,1.355,24.5,60.1,28.96,436.92,25.564166666666665,23.01,29.41,66.66666666666667,453.6458333333333,24.0,7.1,0.0,7.1,2.75,-0.040000000000000036,2.736666666666667,20.8,3.6999999999999993,22.766666666666666,,Multiple_Stress,Multiple_Stress
EXP.2,2024-05-06,24,10:00,2024-05-06 10:00:00,R1T2,T2,6.5,2.58,1.29,17.2,55.98,24.26,460.83,20.535,16.73,25.73,55.959583333333335,462.6325,24.0,6.4,0.09999999999999964,6.433333333333334,2.5,0.08000000000000007,2.5233333333333334,21.8,-4.600000000000001,19.36666666666667,2870.0,Multiple_Stress,EC_High
EXP.3,2024-06-12,23,14:00,2024-06-12 14:00:00,R3T1,T1,7.3,2.9,1.45,,58.12,28.01,430.31,24.946250000000003,21.88,28.31,65.50083333333333,451.4566666666667,24.0,,,7.05,3.09,-0.18999999999999995,3.026666666666666,22.7,,23.599999999999998,23550.0,Multiple_Stress,Multiple_Stress
EXP.1,2024-03-20,11,14:00,2024-03-20 14:00:00,R3T2,T2,5.8,1.75,0.875,26.7,51.07,22.97,424.04,18.465833333333332,10.63,26.32,57.98916666666667,471.80041666666665,24.0,5.4,0.39999999999999947,5.633333333333334,1.84,-0.09000000000000008,1.7833333333333334,26.1,0.5999999999999979,26.7,,WaterTemp_High,Normal
EXP.1,2024-03-20,11,10:00,2024-03-20 10:00:00,R1T2,T2,5.0,1.93,0.965,24.1,51.46,22.97,436.88,18.465833333333332,10.63,26.32,57.98916666666667,471.80041666666665,24.0,5.2,-0.20000000000000018,5.133333333333333,1.87,0.05999999999999983,1.9033333333333333,25.4,-1.2999999999999972,24.733333333333334,36200.0,pH_Low,Normal
EXP.2,2024-05-12,30,10:00,2024-05-12 10:00:00,R1T1,T1,7.1,1.75,0.875,19.8,58.0,23.38,443.59,21.3575,17.48,25.23,59.34791666666666,446.99291666666664,24.0,6.5,0.5999999999999996,6.7,1.74,0.010000000000000009,1.7599999999999998,23.1,-3.3000000000000007,20.566666666666666,33100.0,pH_High,pH_High
EXP.2,2024-04-19,7,14:00,2024-04-19 14:00:00,R2T2,T2,6.1,2.23,1.115,28.6,50.41,26.37,425.01,22.238333333333333,17.55,28.12,58.35375,454.3254166666666,24.0,6.0,0.09999999999999964,6.2,2.3,-0.06999999999999984,2.2666666666666666,24.9,3.700000000000003,26.433333333333334,,WaterTemp_High,Normal
EXP.1,2024-04-01,23,10:00,2024-04-01 10:00:00,R3T2,T2,6.3,1.63,0.815,29.2,53.56,27.25,428.75,22.912499999999998,17.47,30.8,57.57416666666666,448.78541666666666,24.0,,,6.3,,,1.63,,,29.2,,WaterTemp_High,Multiple_Stress
EXP.1,2024-03-20,11,10:00,2024-03-20 10:00:00,R3T1,T1,5.3,2.01,1.005,23.6,51.46,22.97,436.88,18.465833333333332,10.63,26.32,57.98916666666667,471.80041666666665,24.0,5.5,-0.20000000000000018,5.433333333333334,1.95,0.05999999999999983,1.9766666666666666,24.3,-0.6999999999999993,23.900000000000002,36200.0,pH_Low,Normal
EXP.1,2024-03-26,17,10:00,2024-03-26 10:00:00,R3T1,T1,5.9,1.82,0.91,22.7,48.26,24.78,439.17,18.962083333333336,11.18,26.05,56.142500000000005,478.01416666666665,24.0,,,5.9,,,1.82,,,22.4,74420.0,Humidity_Low,Humidity_Low
EXP.3,2024-06-17,28,10:00,2024-06-17 10:00:00,R2T2,T2,7.6,2.86,1.43,21.2,61.52,25.28,450.88,25.07375,22.48,27.5,63.709583333333335,456.3416666666667,24.0,7.6,0.0,7.566666666666666,2.83,0.029999999999999805,2.893333333333333,23.4,-2.1999999999999993,25.333333333333332,,Multiple_Stress,Multiple_Stress
EXP.2,2024-04-19,7,14:00,2024-04-19 14:00:00,R1T2,T2,6.2,2.21,1.105,28.3,50.41,26.37,425.01,22.238333333333333,17.55,28.12,58.35375,454.3254166666666,24.0,6.1,0.10000000000000053,6.333333333333333,2.22,-0.010000000000000231,2.1999999999999997,24.6,3.6999999999999993,26.3,,WaterTemp_High,Normal
EXP.3,2024-06-17,28,14:00,2024-06-17 14:00:00,R2T1,T1,7.4,3.53,1.765,22.6,56.84,27.5,439.5,25.07375,22.48,27.5,63.709583333333335,456.3416666666667,24.0,7.4,0.0,7.366666666666667,3.39,0.13999999999999968,3.4133333333333336,21.1,1.5,22.399999999999995,,Multiple_Stress,Multiple_Stress
EXP.2,2024-04-14,2,14:00,2024-04-14 14:00:00,R1T2,T2,7.1,2.2,1.1,20.7,64.2,25.3,,,,,,,,6.8,0.2999999999999998,6.833333333333333,1.9,0.30000000000000027,2.186666666666667,18.1,2.599999999999998,19.033333333333335,12720.0,pH_High,Normal
EXP.3,2024-06-09,20,10:00,2024-06-09 10:00:00,R3T1,T1,6.2,2.85,1.425,21.8,63.88,27.41,442.02,25.879583333333333,23.42,28.86,65.02166666666666,441.12166666666667,24.0,6.1,0.10000000000000053,6.1000000000000005,2.88,-0.029999999999999805,2.8766666666666665,25.0,-3.1999999999999993,23.133333333333336,,EC_High,EC_High
EXP.1,2024-03-12,3,10:00,2024-03-12 10:00:00,R1T2,T2,5.4,1.98,0.99,21.4,50.18,23.12,411.77,17.968125,11.27,25.45,57.156875,432.4475,16.0,5.4,0.0,5.466666666666666,1.94,0.040000000000000036,1.9533333333333331,22.5,-1.1000000000000014,20.833333333333332,60540.0,pH_Low,pH_Low
EXP.2,2024-05-10,28,14:00,2024-05-10 14:00:00,R2T1,T1,6.6,1.65,0.825,20.8,50.75,25.01,410.95,23.433333333333334,20.66,26.33,53.267500000000005,426.5108333333333,24.0,6.4,0.1999999999999993,6.466666666666666,1.78,-0.13000000000000012,1.7300000000000002,18.6,2.1999999999999993,19.900000000000002,22800.0,Normal,Normal
EXP.1,2024-03-31,22,10:00,2024-03-31 10:00:00,R1T1,T1,,,0.0,,54.25,27.45,440.89,22.840416666666666,17.48,28.45,59.55291666666667,460.57124999999996,24.0,6.7,,6.800000000000001,1.73,,1.7200000000000002,27.9,,27.199999999999996,77820.0,Normal,Normal
EXP.2,2024-04-18,6,10:00,2024-04-18 10:00:00,R2T2,T2,6.5,2.27,1.135,24.9,50.42,27.31,443.69,23.874166666666667,19.62,28.26,56.20291666666666,448.48291666666665,24.0,6.0,0.5,6.5,1.91,0.3600000000000001,2.0433333333333334,26.9,-2.0,25.933333333333334,,Normal,Humidity_Low
EXP.2,2024-04-23,11,10:00,2024-04-23 10:00:00,R3T1,T1,5.7,1.73,0.865,24.3,47.19,30.0,442.42,24.49625,17.34,34.79,53.95791666666667,456.20625,24.0,6.0,-0.2999999999999998,5.933333333333334,1.73,0.0,1.73,25.4,-1.0999999999999979,25.03333333333333,70360.0,Humidity_Low,Multiple_Stress
EXP.1,2024-03-30,21,14:00,2024-03-30 14:00:00,R3T2,T2,7.2,1.43,0.715,28.5,53.07,25.79,419.13,21.84875,17.33,26.97,60.32583333333333,455.5841666666667,24.0,6.7,0.5,6.866666666666667,1.67,-0.24,1.6266666666666667,24.0,4.5,26.566666666666666,,Multiple_Stress,Normal
EXP.1,2024-03-20,11,10:00,2024-03-20 10:00:00,R1T2,T2,5.0,1.93,0.965,24.1,51.46,22.97,436.88,18.465833333333332,10.63,26.32,57.98916666666667,471.80041666666665,24.0,5.2,-0.20000000000000018,5.133333333333333,1.87,0.05999999999999983,1.9033333333333333,25.4,-1.2999999999999972,24.733333333333334,36200.0,pH_Low,Normal
EXP.3,2024-06-12,23,10:00,2024-06-12 10:00:00,R1T1,T1,,3.03,1.515,23.2,63.9,26.44,450.86,24.946250000000003,21.88,28.31,65.50083333333333,451.4566666666667,24.0,6.8,,6.850000000000001,3.02,0.009999999999999787,3.0500000000000003,24.9,-1.6999999999999993,23.900000000000002,26830.0,EC_High,EC_High
EXP.1,2024-03-26,17,10:00,2024-03-26 10:00:00,R2T2,T2,6.0,1.83,0.915,21.4,48.26,24.78,439.17,18.962083333333336,11.18,26.05,56.142500000000005,478.01416666666665,24.0,,,5.95,,,1.8250000000000002,,,21.7,74420.0,Humidity_Low,Humidity_Low
EXP.1,2024-03-27,18,10:00,2024-03-27 10:00:00,R3T2,T2,6.5,1.82,0.91,27.9,49.17,25.06,441.42,21.109583333333333,16.16,26.28,55.38833333333333,450.795,24.0,6.0,0.5,6.1000000000000005,1.82,0.0,1.8266666666666669,27.7,0.1999999999999993,27.400000000000002,79530.0,Multiple_Stress,Multiple_Stress
EXP.1,2024-03-20,11,10:00,2024-03-20 10:00:00,R3T1,T1,5.3,2.01,1.005,23.6,51.46,22.97,436.88,18.465833333333332,10.63,26.32,57.98916666666667,471.80041666666665,24.0,5.5,-0.20000000000000018,5.433333333333334,1.95,0.05999999999999983,1.9766666666666666,24.3,-0.6999999999999993,23.900000000000002,36200.0,pH_Low,Normal
EXP.2,2024-05-10,28,10:00,2024-05-10 10:00:00,R1T2,T2,6.4,2.36,1.18,18.1,51.58,24.34,420.96,23.433333333333334,20.66,26.33,53.267500000000005,426.5108333333333,24.0,6.4,0.0,6.433333333333334,2.35,0.009999999999999787,2.3466666666666662,20.0,-1.8999999999999986,18.8,23500.0,Normal,Normal
EXP.2,2024-04-23,11,10:00,2024-04-23 10:00:00,R3T1,T1,5.7,1.73,0.865,24.3,47.19,30.0,442.42,24.49625,17.34,34.79,53.95791666666667,456.20625,24.0,6.0,-0.2999999999999998,5.933333333333334,1.73,0.0,1.73,25.4,-1.0999999999999979,25.03333333333333,70360.0,Humidity_Low,Multiple_Stress
EXP.2,2024-04-28,16,14:00,2024-04-28 14:00:00,R2T1,T1,5.9,1.7,0.85,26.2,56.07,24.15,442.47,22.252499999999998,18.61,27.42,61.467083333333335,463.61291666666665,24.0,5.9,0.0,5.933333333333334,1.7,0.0,1.7,22.0,4.199999999999999,24.799999999999997,32660.0,WaterTemp_High,Normal
EXP.2,2024-05-12,30,10:00,2024-05-12 10:00:00,R1T1,T1,7.1,1.75,0.875,19.8,58.0,23.38,443.59,21.3575,17.48,25.23,59.34791666666666,446.99291666666664,24.0,6.5,0.5999999999999996,6.7,1.74,0.010000000000000009,1.7599999999999998,23.1,-3.3000000000000007,20.566666666666666,33100.0,pH_High,pH_High
EXP.2,2024-05-12,30,14:00,2024-05-12 14:00:00,R1T1,T1,7.1,1.76,0.88,22.5,54.47,24.42,427.85,21.3575,17.48,25.23,59.34791666666666,446.99291666666664,24.0,7.1,0.0,6.8999999999999995,1.75,0.010000000000000009,1.7499999999999998,19.8,2.6999999999999993,21.8,3090.0,pH_High,
EXP.3,2024-06-09,20,14:00,2024-06-09 14:00:00,R3T1,T1,6.2,2.83,1.415,23.6,58.81,27.94,420.01,25.879583333333333,23.42,28.86,65.02166666666666,441.12166666666667,24.0,6.2,0.0,6.166666666666667,2.85,-0.020000000000000018,2.853333333333333,21.8,1.8000000000000007,23.46666666666667,,EC_High,EC_High
EXP.1,2024-03-26,17,10:00,2024-03-26 10:00:00,R1T1,T1,6.3,1.81,0.905,22.8,48.26,24.78,439.17,18.962083333333336,11.18,26.05,56.142500000000005,478.01416666666665,24.0,,,6.35,,,1.815,,,22.200000000000003,74420.0,Humidity_Low,Multiple_Stress
EXP.2,2024-05-10,28,14:00,2024-05-10 14:00:00,R1T2,T2,6.6,,13.35,20.6,50.75,25.01,410.95,23.433333333333334,20.66,26.33,53.267500000000005,426.5108333333333,24.0,6.4,0.1999999999999993,6.466666666666666,2.36,,2.3549999999999995,18.1,2.5,19.566666666666666,22800.0,Normal,Normal
EXP.1,2024-03-20,11,10:00,2024-03-20 10:00:00,R1T2,T2,5.0,1.93,0.965,24.1,51.46,22.97,436.88,18.465833333333332,10.63,26.32,57.98916666666667,471.80041666666665,24.0,5.2,-0.20000000000000018,5.133333333333333,1.87,0.05999999999999983,1.9033333333333333,25.4,-1.2999999999999972,24.733333333333334,36200.0,pH_Low,Normal
EXP.2,2024-04-23,11,10:00,2024-04-23 10:00:00,R1T1,T1,5.7,1.76,0.88,24.3,47.19,30.0,442.42,24.49625,17.34,34.79,53.95791666666667,456.20625,24.0,6.1,-0.39999999999999947,6.0,1.75,0.010000000000000009,1.7566666666666666,25.6,-1.3000000000000007,24.5,70360.0,Humidity_Low,Multiple_Stress
EXP.2,2024-05-04,22,14:00,2024-05-04 14:00:00,R3T2,T2,6.5,2.25,1.125,23.2,56.91,24.39,443.4,22.152916666666666,17.85,26.65,62.1775,466.26875,24.0,6.4,0.09999999999999964,6.433333333333334,2.23,0.020000000000000018,2.276666666666667,20.3,2.8999999999999986,22.099999999999998,32550.0,Normal,Normal
EXP.3,2024-06-09,20,10:00,2024-06-09 10:00:00,R3T2,T2,6.9,2.93,1.465,22.1,63.88,27.41,442.02,25.879583333333333,23.42,28.86,65.02166666666666,441.12166666666667,24.0,7.1,-0.1999999999999993,7.0,2.91,0.020000000000000018,2.9133333333333336,25.6,-3.5,23.600000000000005,,EC_High,EC_High
EXP.2,2024-04-24,12,14:00,2024-04-24 14:00:00,R2T2,T2,5.7,2.21,1.105,29.0,42.44,30.86,413.91,26.683333333333334,19.89,34.84,50.62583333333333,442.87125,24.0,5.8,-0.09999999999999964,5.733333333333333,2.22,-0.010000000000000231,2.243333333333333,25.8,3.1999999999999993,27.600000000000005,5162.0,Multiple_Stress,Normal
EXP.3,2024-06-13,24,14:00,2024-06-13 14:00:00,R2T2,T2,7.1,3.19,1.595,24.1,57.17,30.33,437.98,26.022916666666664,22.96,30.33,65.69125,447.28833333333336,24.0,7.3,-0.20000000000000018,7.199999999999999,2.16,1.0299999999999998,2.8433333333333337,22.6,1.5,23.3,23550.0,Multiple_Stress,Multiple_Stress
EXP.3,2024-06-09,20,10:00,2024-06-09 10:00:00,R3T2,T2,6.9,2.93,1.465,22.1,63.88,27.41,442.02,25.879583333333333,23.42,28.86,65.02166666666666,441.12166666666667,24.0,7.1,-0.1999999999999993,7.0,2.91,0.020000000000000018,2.9133333333333336,25.6,-3.5,23.600000000000005,,EC_High,EC_High
EXP.3,2024-05-21,1,14:00,2024-05-21 14:00:00,R1T2,T2,7.4,2.8,1.4,23.2,53.42,27.65,426.63,25.346666666666668,22.29,27.7,59.06458333333333,450.37083333333334,24.0,7.6,-0.1999999999999993,7.5,2.4,0.3999999999999999,2.5999999999999996,21.3,1.8999999999999986,22.25,,Multiple_Stress,Multiple_Stress
EXP.3,2024-06-09,20,10:00,2024-06-09 10:00:00,R2T2,T2,7.0,2.77,1.385,22.0,63.88,27.41,442.02,25.879583333333333,23.42,28.86,65.02166666666666,441.12166666666667,24.0,7.1,-0.09999999999999964,7.033333333333334,2.71,0.06000000000000005,2.733333333333333,25.1,-3.1000000000000014,23.3,,EC_High,Multiple_Stress
EXP.2,2024-04-26,14,14:00,2024-04-26 14:00:00,R3T2,T2,5.6,2.23,1.115,27.0,55.75,23.24,436.06,22.731739130434786,18.97,27.27,60.44869565217391,453.9904347826087,23.0,5.5,0.09999999999999964,5.533333333333332,2.25,-0.020000000000000018,2.2466666666666666,23.8,3.1999999999999993,26.133333333333336,46260.0,WaterTemp_High,Normal
EXP.2,2024-04-19,7,14:00,2024-04-19 14:00:00,R2T2,T2,6.1,2.23,1.115,28.6,50.41,26.37,425.01,22.238333333333333,17.55,28.12,58.35375,454.3254166666666,24.0,6.0,0.09999999999999964,6.2,2.3,-0.06999999999999984,2.2666666666666666,24.9,3.700000000000003,26.433333333333334,,WaterTemp_High,Normal
EXP.1,2024-03-12,3,10:00,2024-03-12 10:00:00,R1T2,T2,5.4,1.98,0.99,21.4,50.18,23.12,411.77,17.968125,11.27,25.45,57.156875,432.4475,16.0,5.4,0.0,5.466666666666666,1.94,0.040000000000000036,1.9533333333333331,22.5,-1.1000000000000014,20.833333333333332,60540.0,pH_Low,pH_Low
EXP.1,2024-03-23,14,14:00,2024-03-23 14:00:00,R3T2,T2,,,0.0,,48.25,24.7,408.7,18.180799999999998,10.34,25.37,56.098,457.46479999999997,25.0,5.8,,5.8,1.74,,1.735,26.9,,25.950000000000003,,Humidity_Low,WaterTemp_High
EXP.2,2024-04-26,14,10:00,2024-04-26 10:00:00,R3T1,T1,5.9,1.75,0.875,23.6,60.11,23.95,456.51,22.731739130434786,18.97,27.27,60.44869565217391,453.9904347826087,23.0,5.9,0.0,5.866666666666667,1.74,0.010000000000000009,1.7466666666666668,27.0,-3.3999999999999986,25.866666666666664,20070.0,Normal,WaterTemp_High
EXP.3,2024-06-08,19,14:00,2024-06-08 14:00:00,R3T1,T1,6.1,2.88,1.44,25.0,57.39,30.61,437.68,26.795833333333334,23.75,31.0,63.401250000000005,459.2945833333333,24.0,6.0,0.09999999999999964,6.366666666666667,2.9,-0.020000000000000018,2.4766666666666666,22.6,2.3999999999999986,23.266666666666666,,Multiple_Stress,EC_High
EXP.1,2024-03-22,13,14:00,2024-03-22 14:00:00,R1T1,T1,5.8,1.87,0.935,24.7,49.81,23.95,406.99,18.142083333333336,10.66,25.6,57.46875,456.0833333333333,24.0,5.8,0.0,5.8,1.86,0.010000000000000009,1.8666666666666665,25.1,-0.40000000000000213,23.8,,Humidity_Low,Humidity_Low
EXP.1,2024-03-27,18,14:00,2024-03-27 14:00:00,R2T1,T1,6.6,1.77,0.885,25.3,47.77,24.09,418.54,21.109583333333333,16.16,26.28,55.38833333333333,450.795,24.0,6.4,0.1999999999999993,6.333333333333333,1.76,0.010000000000000009,1.7833333333333334,24.0,1.3000000000000007,24.7,36530.0,Humidity_Low,Normal
EXP.2,2024-04-23,11,10:00,2024-04-23 10:00:00,R2T1,T1,5.5,1.71,0.855,24.5,47.19,30.0,442.42,24.49625,17.34,34.79,53.95791666666667,456.20625,24.0,5.9,-0.40000000000000036,5.8,1.71,0.0,1.71,25.6,-1.1000000000000014,24.633333333333336,70360.0,Humidity_Low,Multiple_Stress
EXP.2,2024-04-26,14,14:00,2024-04-26 14:00:00,R3T1,T1,5.9,1.74,0.87,26.5,55.75,23.24,436.06,22.731739130434786,18.97,27.27,60.44869565217391,453.9904347826087,23.0,5.9,0.0,5.9,1.75,-0.010000000000000009,1.7433333333333334,23.6,2.8999999999999986,25.7,46260.0,WaterTemp_High,Normal
EXP.1,2024-03-18,9,10:00,2024-03-18 10:00:00,R1T2,T2,5.2,1.91,0.955,24.7,53.95,26.53,426.75,18.576249999999998,13.61,26.53,59.49125,457.72125,24.0,5.1,0.10000000000000053,5.3,1.89,0.020000000000000018,1.9166666666666667,24.9,-0.1999999999999993,24.933333333333334,27600.0,pH_Low,pH_Low
EXP.1,2024-03-16,7,10:00,2024-03-16 10:00:00,R1T1,T1,5.7,1.94,0.97,23.0,55.42,26.09,431.68,19.078333333333333,13.63,26.09,57.51125,455.28416666666664,24.0,5.8,-0.09999999999999964,5.833333333333333,1.94,0.0,1.9366666666666665,24.3,-1.3000000000000007,24.433333333333334,22050.0,Normal,Normal
EXP.2,2024-04-28,16,10:00,2024-04-28 10:00:00,R2T2,T2,5.9,2.3,1.15,26.4,60.98,24.4,462.26,22.252499999999998,18.61,27.42,61.467083333333335,463.61291666666665,24.0,5.9,0.0,5.9,2.3,0.0,2.3,26.5,-0.10000000000000142,25.066666666666666,25030.0,WaterTemp_High,WaterTemp_High
EXP.3,2024-05-21,1,14:00,2024-05-21 14:00:00,R1T2,T2,7.4,2.8,1.4,23.2,53.42,27.65,426.63,25.346666666666668,22.29,27.7,59.06458333333333,450.37083333333334,24.0,7.6,-0.1999999999999993,7.5,2.4,0.3999999999999999,2.5999999999999996,21.3,1.8999999999999986,22.25,,Multiple_Stress,Multiple_Stress
EXP.3,2024-06-08,19,14:00,2024-06-08 14:00:00,R2T2,T2,7.1,2.71,1.355,25.1,57.39,30.61,437.68,26.795833333333334,23.75,31.0,63.401250000000005,459.2945833333333,24.0,7.0,0.09999999999999964,7.2,2.72,-0.010000000000000231,2.3433333333333337,22.8,2.3000000000000007,23.433333333333337,,Multiple_Stress,EC_High
EXP.1,2024-03-18,9,10:00,2024-03-18 10:00:00,R1T1,T1,5.6,1.88,0.94,22.6,53.95,26.53,426.75,18.576249999999998,13.61,26.53,59.49125,457.72125,24.0,5.6,0.0,5.633333333333333,1.88,0.0,1.8866666666666667,23.2,-0.5999999999999979,23.233333333333334,27600.0,Normal,Normal
EXP.2,2024-05-02,20,14:00,2024-05-02 14:00:00,R3T2,T2,6.7,1.51,0.755,22.3,57.49,24.52,446.11,22.66875,19.23,25.25,63.38916666666666,458.70166666666665,24.0,6.7,0.0,6.733333333333333,1.83,-0.32000000000000006,1.696666666666667,23.9,-1.5999999999999979,23.13333333333333,3030.0,Normal,Normal
EXP.2,2024-04-22,10,10:00,2024-04-22 10:00:00,R3T1,T1,6.1,1.73,0.865,25.4,49.44,25.39,445.85,22.242083333333337,16.06,27.87,56.00833333333333,462.3645833333333,24.0,6.2,-0.10000000000000053,6.0,1.73,0.0,1.7366666666666666,26.0,-0.6000000000000014,25.0,77040.0,Humidity_Low,Humidity_Low
EXP.3,2024-05-21,1,10:00,2024-05-21 10:00:00,R1T2,T2,7.6,2.4,1.2,21.3,56.85,27.24,457.03,25.346666666666668,22.29,27.7,59.06458333333333,450.37083333333334,24.0,,,7.6,,,2.4,,,21.3,,pH_High,Multiple_Stress
EXP.1,2024-03-24,15,14:00,2024-03-24 14:00:00,R2T1,T1,5.8,1.73,0.865,24.0,53.74,24.9,432.04,17.954166666666666,12.38,24.9,58.39208333333334,463.9470833333333,24.0,,,5.75,,,1.8050000000000002,,,24.2,,Normal,Normal
EXP.2,2024-04-18,6,14:00,2024-04-18 14:00:00,R2T2,T2,6.5,2.27,1.135,25.8,49.91,26.83,421.75,23.874166666666667,19.62,28.26,56.20291666666666,448.48291666666665,24.0,6.5,0.0,6.333333333333333,2.27,0.0,2.15,24.9,0.9000000000000021,25.866666666666664,,Humidity_Low,Normal
EXP.1,2024-03-26,17,14:00,2024-03-26 14:00:00,R1T1,T1,6.1,1.82,0.91,27.9,49.47,22.7,426.84,18.962083333333336,11.18,26.05,56.142500000000005,478.01416666666665,24.0,6.3,-0.20000000000000018,6.199999999999999,1.81,0.010000000000000009,1.815,22.8,5.099999999999998,25.35,,Multiple_Stress,Humidity_Low
EXP.2,2024-05-09,27,10:00,2024-05-09 10:00:00,R1T2,T2,6.5,2.33,1.165,18.3,55.59,24.02,440.42,21.942083333333333,16.7,25.15,55.362500000000004,438.23333333333335,24.0,6.4,0.09999999999999964,6.5,2.13,0.20000000000000018,2.3200000000000003,21.9,-3.599999999999998,19.400000000000002,27070.0,Normal,Normal
EXP.1,2024-03-20,11,10:00,2024-03-20 10:00:00,R1T2,T2,5.0,1.93,0.965,24.1,51.46,22.97,436.88,18.465833333333332,10.63,26.32,57.98916666666667,471.80041666666665,24.0,5.2,-0.20000000000000018,5.133333333333333,1.87,0.05999999999999983,1.9033333333333333,25.4,-1.2999999999999972,24.733333333333334,36200.0,pH_Low,Normal
EXP.3,2024-05-23,3,10:00,2024-05-23 10:00:00,R3T1,T1,7.2,1.75,0.875,22.5,58.77,27.08,448.88,25.587500000000002,23.22,30.39,61.07333333333333,448.56375,24.0,7.1,0.10000000000000053,7.266666666666667,2.55,-0.7999999999999998,2.143333333333333,21.5,1.0,22.100000000000005,1664.0,pH_High,pH_High
EXP.1,2024-04-01,23,10:00,2024-04-01 10:00:00,R3T2,T2,6.3,1.63,0.815,29.2,53.56,27.25,428.75,22.912499999999998,17.47,30.8,57.57416666666666,448.78541666666666,24.0,,,6.3,,,1.63,,,29.2,,WaterTemp_High,Multiple_Stress
EXP.2,2024-05-05,23,14:00,2024-05-05 14:00:00,R2T2,T2,6.4,2.51,1.255,21.9,52.18,22.72,438.32,20.685,16.17,28.31,54.78863636363636,459.26,22.0,6.4,0.0,6.366666666666667,2.52,-0.010000000000000231,2.6466666666666665,19.0,2.8999999999999986,21.166666666666668,41770.0,EC_High,Normal
EXP.1,2024-04-03,25,10:00,2024-04-03 10:00:00,R3T2,T2,6.4,1.64,0.82,28.4,,,,,,,,,,6.5,-0.09999999999999964,6.433333333333334,1.71,-0.07000000000000006,1.6933333333333334,29.4,-1.0,28.866666666666664,,WaterTemp_High,WaterTemp_High
EXP.3,2024-06-09,20,10:00,2024-06-09 10:00:00,R3T2,T2,6.9,2.93,1.465,22.1,63.88,27.41,442.02,25.879583333333333,23.42,28.86,65.02166666666666,441.12166666666667,24.0,7.1,-0.1999999999999993,7.0,2.91,0.020000000000000018,2.9133333333333336,25.6,-3.5,23.600000000000005,,EC_High,EC_High
EXP.1,2024-03-30,21,14:00,2024-03-30 14:00:00,R1T1,T1,6.7,1.73,0.865,27.9,53.07,25.79,419.13,21.84875,17.33,26.97,60.32583333333333,455.5841666666667,24.0,6.9,-0.20000000000000018,6.766666666666667,1.71,0.020000000000000018,1.7700000000000002,26.5,1.3999999999999986,27.03333333333333,,WaterTemp_High,Normal
EXP.1,2024-03-20,11,10:00,2024-03-20 10:00:00,R1T1,T1,5.4,1.9,0.95,22.2,51.46,22.97,436.88,18.465833333333332,10.63,26.32,57.98916666666667,471.80041666666665,24.0,5.6,-0.1999999999999993,5.533333333333332,1.89,0.010000000000000009,1.89,25.1,-2.900000000000002,23.3,36200.0,pH_Low,Normal
EXP.2,2024-04-22,10,14:00,2024-04-22 14:00:00,R1T1,T1,6.1,1.75,0.875,25.6,46.81,27.06,427.15,22.242083333333337,16.06,27.87,56.00833333333333,462.3645833333333,24.0,6.2,-0.10000000000000053,6.1000000000000005,1.76,-0.010000000000000009,1.7633333333333334,23.6,2.0,24.366666666666664,79490.0,Humidity_Low,Humidity_Low
EXP.1,2024-03-20,11,10:00,2024-03-20 10:00:00,R1T2,T2,5.0,1.93,0.965,24.1,51.46,22.97,436.88,18.465833333333332,10.63,26.32,57.98916666666667,471.80041666666665,24.0,5.2,-0.20000000000000018,5.133333333333333,1.87,0.05999999999999983,1.9033333333333333,25.4,-1.2999999999999972,24.733333333333334,36200.0,pH_Low,Normal
EXP.1,2024-03-20,11,10:00,2024-03-20 10:00:00,R2T2,T2,5.4,1.99,0.995,22.1,51.46,22.97,436.88,18.465833333333332,10.63,26.32,57.98916666666667,471.80041666666665,24.0,5.7,-0.2999999999999998,5.633333333333333,1.94,0.050000000000000044,1.9633333333333332,23.0,-0.8999999999999986,22.633333333333336,36200.0,pH_Low,Normal
EXP.1,2024-03-23,14,14:00,2024-03-23 14:00:00,R2T1,T1,,,0.0,,48.25,24.7,408.7,18.180799999999998,10.34,25.37,56.098,457.46479999999997,25.0,5.7,,5.749999999999999,1.88,,1.88,24.4,,24.199999999999996,,Humidity_Low,Normal
EXP.3,2024-06-10,21,10:00,2024-06-10 10:00:00,R1T2,T2,6.7,2.77,1.385,21.0,66.53,27.37,481.77,25.564166666666665,23.01,29.41,66.66666666666667,453.6458333333333,24.0,6.7,0.0,6.733333333333334,2.76,0.010000000000000231,2.76,23.3,-2.3000000000000007,22.066666666666663,,EC_High,EC_High
EXP.1,2024-03-19,10,10:00,2024-03-19 10:00:00,R1T2,T2,5.2,1.87,0.935,25.4,54.42,26.66,437.08,18.850416666666664,12.59,28.13,59.45541666666667,459.2029166666667,24.0,5.2,0.0,5.166666666666667,1.91,-0.039999999999999813,1.89,24.7,0.6999999999999993,25.0,75050.0,pH_Low,pH_Low
EXP.2,2024-04-24,12,10:00,2024-04-24 10:00:00,R2T2,T2,5.8,2.22,1.11,25.8,43.51,34.4,469.54,26.683333333333334,19.89,34.84,50.62583333333333,442.87125,24.0,5.7,0.09999999999999964,5.7,2.3,-0.07999999999999963,2.27,28.0,-2.1999999999999993,26.2,7254.0,Multiple_Stress,Multiple_Stress
EXP.3,2024-05-23,3,10:00,2024-05-23 10:00:00,R3T1,T1,7.2,1.75,0.875,22.5,58.77,27.08,448.88,25.587500000000002,23.22,30.39,61.07333333333333,448.56375,24.0,7.1,0.10000000000000053,7.266666666666667,2.55,-0.7999999999999998,2.143333333333333,21.5,1.0,22.100000000000005,1664.0,pH_High,pH_High
EXP.3,2024-06-13,24,14:00,2024-06-13 14:00:00,R2T1,T1,7.5,2.88,1.44,24.2,57.17,30.33,437.98,26.022916666666664,22.96,30.33,65.69125,447.28833333333336,24.0,7.2,0.2999999999999998,7.233333333333333,3.11,-0.22999999999999998,3.0700000000000003,22.2,2.0,23.233333333333334,23550.0,Multiple_Stress,Multiple_Stress
EXP.1,2024-03-26,17,14:00,2024-03-26 14:00:00,R3T2,T2,6.0,1.82,0.91,27.7,49.47,22.7,426.84,18.962083333333336,11.18,26.05,56.142500000000005,478.01416666666665,24.0,5.8,0.20000000000000018,5.9,1.84,-0.020000000000000018,1.83,26.6,1.0999999999999979,27.15,,Multiple_Stress,Multiple_Stress
EXP.2,2024-04-27,15,14:00,2024-04-27 14:00:00,R1T2,T2,5.9,2.19,1.095,26.4,56.15,23.47,437.55,22.160416666666666,18.46,26.74,61.01666666666667,458.7083333333333,24.0,5.8,0.10000000000000053,5.8,2.2,-0.010000000000000231,2.1966666666666668,22.2,4.199999999999999,25.099999999999998,29810.0,WaterTemp_High,Normal
EXP.3,2024-06-18,29,10:00,2024-06-18 10:00:00,R2T1,T1,7.7,3.46,1.73,22.2,64.8,26.89,454.87,25.60875,23.2,28.48,65.8225,452.4554166666667,24.0,7.4,0.2999999999999998,7.5,3.53,-0.06999999999999984,3.4599999999999995,22.6,-0.40000000000000213,21.966666666666665,,Multiple_Stress,
EXP.3,2024-06-10,21,14:00,2024-06-10 14:00:00,R3T2,T2,7.0,2.91,1.455,24.9,60.1,28.96,436.92,25.564166666666665,23.01,29.41,66.66666666666667,453.6458333333333,24.0,6.8,0.20000000000000018,6.866666666666667,2.91,0.0,2.9133333333333336,21.7,3.1999999999999993,23.46666666666667,,EC_High,Multiple_Stress
EXP.1,2024-04-03,25,10:00,2024-04-03 10:00:00,R3T2,T2,6.4,1.64,0.82,28.4,,,,,,,,,,6.5,-0.09999999999999964,6.433333333333334,1.71,-0.07000000000000006,1.6933333333333334,29.4,-1.0,28.866666666666664,,WaterTemp_High,WaterTemp_High
EXP.3,2024-05-21,1,10:00,2024-05-21 10:00:00,R1T2,T2,7.6,2.4,1.2,21.3,56.85,27.24,457.03,25.346666666666668,22.29,27.7,59.06458333333333,450.37083333333334,24.0,,,7.6,,,2.4,,,21.3,,pH_High,Multiple_Stress
EXP.3,2024-05-23,3,10:00,2024-05-23 10:00:00,R2T2,T2,7.6,1.76,0.88,22.5,58.77,27.08,448.88,25.587500000000002,23.22,30.39,61.07333333333333,448.56375,24.0,7.7,-0.10000000000000053,7.633333333333333,2.5,-0.74,2.2533333333333334,21.2,1.3000000000000007,22.3,1664.0,pH_High,pH_High
EXP.2,2024-05-06,24,10:00,2024-05-06 10:00:00,R3T1,T1,6.5,2.8,1.4,17.3,55.98,24.26,460.83,20.535,16.73,25.73,55.959583333333335,462.6325,24.0,6.4,0.09999999999999964,6.433333333333334,2.8,0.0,2.6300000000000003,22.3,-5.0,19.533333333333335,2870.0,Multiple_Stress,EC_High
EXP.1,2024-03-23,14,14:00,2024-03-23 14:00:00,R1T2,T2,,,0.0,,48.25,24.7,408.7,18.180799999999998,10.34,25.37,56.098,457.46479999999997,25.0,5.5,,5.549999999999999,1.8,,1.8,25.5,,24.5,,Humidity_Low,Normal
EXP.1,2024-03-15,6,10:00,2024-03-15 10:00:00,R2T2,T2,5.9,2.1,1.05,23.4,47.81,26.82,407.63,19.426666666666666,11.81,29.17,54.786249999999995,447.69416666666666,24.0,5.9,0.0,5.9,2.02,0.08000000000000007,2.0399999999999996,25.6,-2.200000000000003,23.96666666666667,,Humidity_Low,Normal
EXP.1,2024-03-12,3,14:00,2024-03-12 14:00:00,R1T2,T2,5.4,1.98,0.99,25.4,50.59,22.78,404.6,17.968125,11.27,25.45,57.156875,432.4475,16.0,5.4,0.0,5.4,1.98,0.0,1.9666666666666668,21.4,4.0,23.099999999999998,45190.0,pH_Low,Normal
EXP.2,2024-04-20,8,14:00,2024-04-20 14:00:00,R1T1,T1,6.1,1.79,0.895,28.3,49.29,26.91,418.79,22.569999999999997,16.61,29.55,57.791666666666664,447.3833333333334,24.0,5.9,0.1999999999999993,6.033333333333332,1.79,0.0,1.7933333333333332,22.8,5.5,26.3,,Multiple_Stress,Normal
EXP.3,2024-06-10,21,10:00,2024-06-10 10:00:00,R1T1,T1,6.1,2.73,1.365,21.6,66.53,27.37,481.77,25.564166666666665,23.01,29.41,66.66666666666667,453.6458333333333,24.0,6.1,0.0,6.1,2.68,0.04999999999999982,2.72,23.7,-2.099999999999998,22.400000000000002,,EC_High,EC_High
EXP.2,2024-05-12,30,10:00,2024-05-12 10:00:00,R1T1,T1,7.1,1.75,0.875,19.8,58.0,23.38,443.59,21.3575,17.48,25.23,59.34791666666666,446.99291666666664,24.0,6.5,0.5999999999999996,6.7,1.74,0.010000000000000009,1.7599999999999998,23.1,-3.3000000000000007,20.566666666666666,33100.0,pH_High,pH_High
EXP.3,2024-05-23,3,10:00,2024-05-23 10:00:00,R2T2,T2,7.6,1.76,0.88,22.5,58.77,27.08,448.88,25.587500000000002,23.22,30.39,61.07333333333333,448.56375,24.0,7.7,-0.10000000000000053,7.633333333333333,2.5,-0.74,2.2533333333333334,21.2,1.3000000000000007,22.3,1664.0,pH_High,pH_High
EXP.2,2024-04-28,16,14:00,2024-04-28 14:00:00,R3T2,T2,5.7,2.24,1.12,26.5,56.07,24.15,442.47,22.252499999999998,18.61,27.42,61.467083333333335,463.61291666666665,24.0,5.7,0.0,5.733333333333333,2.24,0.0,2.236666666666667,22.3,4.199999999999999,25.099999999999998,32660.0,WaterTemp_High,Normal
EXP.2,2024-05-06,24,10:00,2024-05-06 10:00:00,R3T2,T2,6.5,2.18,1.09,21.9,55.98,24.26,460.83,20.535,16.73,25.73,55.959583333333335,462.6325,24.0,6.6,-0.09999999999999964,6.533333333333334,2.21,-0.029999999999999805,2.19,22.0,-0.10000000000000142,21.23333333333333,2870.0,Normal,Normal
EXP.3,2024-06-10,21,10:00,2024-06-10 10:00:00,R3T1,T1,6.2,2.86,1.43,21.0,66.53,27.37,481.77,25.564166666666665,23.01,29.41,66.66666666666667,453.6458333333333,24.0,6.2,0.0,6.2,2.83,0.029999999999999805,2.846666666666667,23.6,-2.6000000000000014,22.133333333333336,,EC_High,EC_High
EXP.3,2024-06-09,20,10:00,2024-06-09 10:00:00,R2T2,T2,7.0,2.77,1.385,22.0,63.88,27.41,442.02,25.879583333333333,23.42,28.86,65.02166666666666,441.12166666666667,24.0,7.1,-0.09999999999999964,7.033333333333334,2.71,0.06000000000000005,2.733333333333333,25.1,-3.1000000000000014,23.3,,EC_High,Multiple_Stress
EXP.2,2024-05-12,30,14:00,2024-05-12 14:00:00,R1T1,T1,7.1,1.76,0.88,22.5,54.47,24.42,427.85,21.3575,17.48,25.23,59.34791666666666,446.99291666666664,24.0,7.1,0.0,6.8999999999999995,1.75,0.010000000000000009,1.7499999999999998,19.8,2.6999999999999993,21.8,3090.0,pH_High,
EXP.3,2024-06-12,23,10:00,2024-06-12 10:00:00,R3T2,T2,,3.15,1.575,23.5,63.9,26.44,450.86,24.946250000000003,21.88,28.31,65.50083333333333,451.4566666666667,24.0,7.3,,7.3,3.15,0.0,3.143333333333333,24.5,-1.0,23.766666666666666,26830.0,EC_High,Multiple_Stress
EXP.1,2024-03-12,3,14:00,2024-03-12 14:00:00,R3T1,T1,5.7,2.01,1.005,26.0,50.59,22.78,404.6,17.968125,11.27,25.45,57.156875,432.4475,16.0,5.7,0.0,5.7,2.01,0.0,2.01,20.6,5.399999999999999,22.96666666666667,45190.0,Normal,Normal
EXP.3,2024-06-18,29,10:00,2024-06-18 10:00:00,R2T1,T1,7.7,3.46,1.73,22.2,64.8,26.89,454.87,25.60875,23.2,28.48,65.8225,452.4554166666667,24.0,7.4,0.2999999999999998,7.5,3.53,-0.06999999999999984,3.4599999999999995,22.6,-0.40000000000000213,21.966666666666665,,Multiple_Stress,
EXP.1,2024-03-10,1,14:00,2024-03-10 14:00:00,R2T1,T1,6.9,1.57,0.78,22.5,47.64,24.74,410.58,20.493846153846157,13.26,25.27,50.81230769230769,429.5115384615384,13.0,,,6.9,,,1.57,,,22.5,48300.0,Humidity_Low,Humidity_Low
EXP.1,2024-03-28,19,14:00,2024-03-28 14:00:00,R1T2,T2,,,0.0,,50.84,24.77,426.76,21.36791666666667,14.18,27.25,55.85958333333334,470.43625,24.0,6.0,,6.15,1.8,,1.78,23.7,,25.199999999999996,,Normal,Normal
EXP.2,2024-04-14,2,10:00,2024-04-14 10:00:00,R3T2,T2,6.9,2.13,1.065,19.2,59.4,30.0,,,,,,,,7.0,-0.09999999999999964,6.95,2.1,0.029999999999999805,2.115,19.0,0.1999999999999993,19.1,2554.0,Normal,pH_High
EXP.2,2024-04-14,2,14:00,2024-04-14 14:00:00,R3T1,T1,7.1,1.95,0.975,20.6,64.2,25.3,,,,,,,,6.8,0.2999999999999998,6.866666666666667,1.9,0.050000000000000044,1.9266666666666665,18.1,2.5,18.900000000000002,12720.0,pH_High,Normal
EXP.3,2024-06-09,20,14:00,2024-06-09 14:00:00,R2T1,T1,6.4,3.04,1.52,23.7,58.81,27.94,420.01,25.879583333333333,23.42,28.86,65.02166666666666,441.12166666666667,24.0,6.3,0.10000000000000053,6.3,3.05,-0.009999999999999787,3.046666666666667,21.9,1.8000000000000007,23.566666666666663,,EC_High,EC_High
EXP.2,2024-04-23,11,10:00,2024-04-23 10:00:00,R1T2,T2,5.7,2.18,1.09,24.8,47.19,30.0,442.42,24.49625,17.34,34.79,53.95791666666667,456.20625,24.0,6.1,-0.39999999999999947,5.966666666666666,2.17,0.010000000000000231,2.17,25.7,-0.8999999999999986,24.899999999999995,70360.0,Humidity_Low,Humidity_Low
EXP.2,2024-04-27,15,14:00,2024-04-27 14:00:00,R2T2,T2,5.9,2.3,1.15,26.5,56.15,23.47,437.55,22.160416666666666,18.46,26.74,61.01666666666667,458.7083333333333,24.0,5.9,0.0,5.833333333333333,2.3,0.0,2.2966666666666664,22.3,4.199999999999999,25.233333333333334,29810.0,WaterTemp_High,WaterTemp_High
EXP.1,2024-03-30,21,14:00,2024-03-30 14:00:00,R1T1,T1,6.7,1.73,0.865,27.9,53.07,25.79,419.13,21.84875,17.33,26.97,60.32583333333333,455.5841666666667,24.0,6.9,-0.20000000000000018,6.766666666666667,1.71,0.020000000000000018,1.7700000000000002,26.5,1.3999999999999986,27.03333333333333,,WaterTemp_High,Normal
EXP.1,2024-03-16,7,10:00,2024-03-16 10:00:00,R3T2,T2,5.9,1.85,0.925,25.0,55.42,26.09,431.68,19.078333333333333,13.63,26.09,57.51125,455.28416666666664,24.0,6.0,-0.09999999999999964,6.1000000000000005,1.88,-0.029999999999999805,1.8499999999999999,28.5,-3.5,27.166666666666668,22050.0,Normal,Normal
EXP.1,2024-03-12,3,10:00,2024-03-12 10:00:00,R1T2,T2,5.4,1.98,0.99,21.4,50.18,23.12,411.77,17.968125,11.27,25.45,57.156875,432.4475,16.0,5.4,0.0,5.466666666666666,1.94,0.040000000000000036,1.9533333333333331,22.5,-1.1000000000000014,20.833333333333332,60540.0,pH_Low,pH_Low
EXP.2,2024-04-24,12,10:00,2024-04-24 10:00:00,R2T1,T1,5.8,1.71,0.855,25.2,43.51,34.4,469.54,26.683333333333334,19.89,34.84,50.62583333333333,442.87125,24.0,5.7,0.09999999999999964,5.666666666666667,1.73,-0.020000000000000018,1.7166666666666666,27.4,-2.1999999999999993,25.7,7254.0,Multiple_Stress,Multiple_Stress
EXP.1,2024-03-19,10,10:00,2024-03-19 10:00:00,R1T2,T2,5.2,1.87,0.935,25.4,54.42,26.66,437.08,18.850416666666664,12.59,28.13,59.45541666666667,459.2029166666667,24.0,5.2,0.0,5.166666666666667,1.91,-0.039999999999999813,1.89,24.7,0.6999999999999993,25.0,75050.0,pH_Low,pH_Low
EXP.3,2024-06-12,23,14:00,2024-06-12 14:00:00,R1T1,T1,6.9,3.1,1.55,24.2,58.12,28.01,430.31,24.946250000000003,21.88,28.31,65.50083333333333,451.4566666666667,24.0,,,6.85,3.03,0.07000000000000028,3.0500000000000003,23.2,1.0,24.099999999999998,23550.0,EC_High,Multiple_Stress
EXP.2,2024-04-26,14,14:00,2024-04-26 14:00:00,R1T2,T2,5.7,2.2,1.1,26.7,55.75,23.24,436.06,22.731739130434786,18.97,27.27,60.44869565217391,453.9904347826087,23.0,5.6,0.10000000000000053,5.633333333333333,2.2,0.0,2.2,23.7,3.0,25.966666666666665,46260.0,WaterTemp_High,Normal
EXP.1,2024-03-12,3,14:00,2024-03-12 14:00:00,R1T2,T2,5.4,1.98,0.99,25.4,50.59,22.78,404.6,17.968125,11.27,25.45,57.156875,432.4475,16.0,5.4,0.0,5.4,1.98,0.0,1.9666666666666668,21.4,4.0,23.099999999999998,45190.0,pH_Low,Normal
EXP.2,2024-04-18,6,14:00,2024-04-18 14:00:00,R2T1,T1,6.7,1.75,0.875,25.8,49.91,26.83,421.75,23.874166666666667,19.62,28.26,56.20291666666666,448.48291666666665,24.0,6.7,0.0,6.7,1.71,0.040000000000000036,1.61,25.8,0.0,26.333333333333332,,Humidity_Low,Normal
EXP.2,2024-05-05,23,14:00,2024-05-05 14:00:00,R3T1,T1,6.4,2.8,1.4,22.3,52.18,22.72,438.32,20.685,16.17,28.31,54.78863636363636,459.26,22.0,6.4,0.0,6.4,2.29,0.5099999999999998,2.4066666666666667,19.0,3.3000000000000007,21.433333333333337,41770.0,EC_High,Multiple_Stress
EXP.1,2024-03-20,11,10:00,2024-03-20 10:00:00,R1T2,T2,5.0,1.93,0.965,24.1,51.46,22.97,436.88,18.465833333333332,10.63,26.32,57.98916666666667,471.80041666666665,24.0,5.2,-0.20000000000000018,5.133333333333333,1.87,0.05999999999999983,1.9033333333333333,25.4,-1.2999999999999972,24.733333333333334,36200.0,pH_Low,Normal
EXP.3,2024-05-23,3,14:00,2024-05-23 14:00:00,R3T1,T1,7.3,2.0,1.0,23.8,54.77,27.05,431.44,25.587500000000002,23.22,30.39,61.07333333333333,448.56375,24.0,7.2,0.09999999999999964,7.2,1.75,0.25,2.0999999999999996,22.5,1.3000000000000007,22.599999999999998,33360.0,pH_High,pH_High
EXP.1,2024-03-11,2,10:00,2024-03-11 10:00:00,R2T2,T2,5.8,2.01,1.005,19.7,48.4,24.34,425.57,17.557916666666667,9.81,25.72,55.17083333333333,448.75083333333333,24.0,7.0,-1.2000000000000002,6.4,1.56,0.44999999999999973,1.785,22.9,-3.1999999999999993,21.299999999999997,50330.0,Humidity_Low,Humidity_Low
EXP.2,2024-04-24,12,14:00,2024-04-24 14:00:00,R2T1,T1,5.9,1.74,0.87,27.9,42.44,30.86,413.91,26.683333333333334,19.89,34.84,50.62583333333333,442.87125,24.0,5.8,0.10000000000000053,5.8,1.71,0.030000000000000027,1.7266666666666666,25.2,2.6999999999999993,26.833333333333332,5162.0,Multiple_Stress,Normal
EXP.1,2024-03-20,11,10:00,2024-03-20 10:00:00,R1T1,T1,5.4,1.9,0.95,22.2,51.46,22.97,436.88,18.465833333333332,10.63,26.32,57.98916666666667,471.80041666666665,24.0,5.6,-0.1999999999999993,5.533333333333332,1.89,0.010000000000000009,1.89,25.1,-2.900000000000002,23.3,36200.0,pH_Low,Normal
EXP.3,2024-06-12,23,14:00,2024-06-12 14:00:00,R1T1,T1,6.9,3.1,1.55,24.2,58.12,28.01,430.31,24.946250000000003,21.88,28.31,65.50083333333333,451.4566666666667,24.0,,,6.85,3.03,0.07000000000000028,3.0500000000000003,23.2,1.0,24.099999999999998,23550.0,EC_High,Multiple_Stress
EXP.3,2024-06-14,25,10:00,2024-06-14 10:00:00,R2T2,T2,7.3,3.19,1.595,23.9,49.68,40.45,468.82,30.522499999999997,24.39,44.49,57.343333333333334,456.2191666666667,24.0,7.1,0.20000000000000018,7.233333333333333,3.19,0.0,2.8466666666666662,24.1,-0.20000000000000284,23.53333333333333,,Multiple_Stress,Multiple_Stress
EXP.2,2024-04-14,2,14:00,2024-04-14 14:00:00,R3T2,T2,7.1,2.2,1.1,21.2,64.2,25.3,,,,,,,,6.9,0.1999999999999993,7.0,2.13,0.07000000000000028,2.143333333333333,19.2,2.0,19.8,12720.0,pH_High,Normal
EXP.2,2024-04-23,11,10:00,2024-04-23 10:00:00,R2T1,T1,5.5,1.71,0.855,24.5,47.19,30.0,442.42,24.49625,17.34,34.79,53.95791666666667,456.20625,24.0,5.9,-0.40000000000000036,5.8,1.71,0.0,1.71,25.6,-1.1000000000000014,24.633333333333336,70360.0,Humidity_Low,Multiple_Stress
EXP.1,2024-03-14,5,14:00,2024-03-14 14:00:00,R1T1,T1,6.0,1.93,0.965,26.0,51.77,23.6,410.9,19.02125,13.28,25.03,59.577916666666674,449.6683333333333,24.0,6.0,0.0,6.0,1.92,0.010000000000000009,1.9566666666666668,26.6,-0.6000000000000014,24.866666666666664,,Normal,Humidity_Low
EXP.1,2024-03-19,10,10:00,2024-03-19 10:00:00,R1T1,T1,5.6,1.89,0.945,25.1,54.42,26.66,437.08,18.850416666666664,12.59,28.13,59.45541666666667,459.2029166666667,24.0,5.6,0.0,5.6,1.88,0.010000000000000009,1.883333333333333,22.6,2.5,23.633333333333336,75050.0,Normal,pH_Low
EXP.3,2024-05-22,2,10:00,2024-05-22 10:00:00,R2T1,T1,7.2,2.63,1.315,21.7,58.98,26.31,442.47,25.58583333333333,23.05,28.88,60.81166666666667,445.5541666666666,24.0,7.1,0.10000000000000053,7.166666666666667,2.62,0.009999999999999787,2.6233333333333335,22.8,-1.1000000000000014,21.933333333333334,1944.0,Multiple_Stress,Normal
EXP.2,2024-05-12,30,10:00,2024-05-12 10:00:00,R1T1,T1,7.1,1.75,0.875,19.8,58.0,23.38,443.59,21.3575,17.48,25.23,59.34791666666666,446.99291666666664,24.0,6.5,0.5999999999999996,6.7,1.74,0.010000000000000009,1.7599999999999998,23.1,-3.3000000000000007,20.566666666666666,33100.0,pH_High,pH_High
EXP.1,2024-03-14,5,10:00,2024-03-14 10:00:00,R3T2,T2,6.4,1.82,0.91,26.2,54.44,22.36,425.7,19.02125,13.28,25.03,59.577916666666674,449.6683333333333,24.0,6.5,-0.09999999999999964,6.466666666666666,1.87,-0.050000000000000044,1.8533333333333335,26.0,0.1999999999999993,25.066666666666666,,WaterTemp_High,WaterTemp_High
EXP.1,2024-03-23,14,14:00,2024-03-23 14:00:00,R3T1,T1,,,0.0,,48.25,24.7,408.7,18.180799999999998,10.34,25.37,56.098,457.46479999999997,25.0,5.8,,5.8500000000000005,1.87,,1.8650000000000002,24.7,,24.299999999999997,,Humidity_Low,Normal
EXP.3,2024-06-13,24,14:00,2024-06-13 14:00:00,R2T1,T1,7.5,2.88,1.44,24.2,57.17,30.33,437.98,26.022916666666664,22.96,30.33,65.69125,447.28833333333336,24.0,7.2,0.2999999999999998,7.233333333333333,3.11,-0.22999999999999998,3.0700000000000003,22.2,2.0,23.233333333333334,23550.0,Multiple_Stress,Multiple_Stress
EXP.1,2024-03-18,9,10:00,2024-03-18 10:00:00,R1T2,T2,5.2,1.91,0.955,24.7,53.95,26.53,426.75,18.576249999999998,13.61,26.53,59.49125,457.72125,24.0,5.1,0.10000000000000053,5.3,1.89,0.020000000000000018,1.9166666666666667,24.9,-0.1999999999999993,24.933333333333334,27600.0,pH_Low,pH_Low
EXP.2,2024-04-20,8,10:00,2024-04-20 10:00:00,R3T2,T2,6.7,2.25,1.125,24.7,50.75,27.57,437.49,22.569999999999997,16.61,29.55,57.791666666666664,447.3833333333334,24.0,6.9,-0.20000000000000018,6.466666666666666,2.25,0.0,2.256666666666667,27.6,-2.900000000000002,26.03333333333333,,Normal,Multiple_Stress
EXP.2,2024-05-04,22,14:00,2024-05-04 14:00:00,R2T2,T2,6.3,2.91,1.455,22.6,56.91,24.39,443.4,22.152916666666666,17.85,26.65,62.1775,466.26875,24.0,6.3,0.0,6.333333333333333,2.56,0.3500000000000001,2.69,19.3,3.3000000000000007,21.46666666666667,32550.0,EC_High,EC_High
EXP.1,2024-03-31,22,14:00,2024-03-31 14:00:00,R1T2,T2,,,0.0,,52.71,26.99,426.11,22.840416666666666,17.48,28.45,59.55291666666667,460.57124999999996,24.0,,,6.7,,,1.74,,,27.5,,Normal,WaterTemp_High
EXP.2,2024-04-14,2,14:00,2024-04-14 14:00:00,R2T2,T2,7.2,2.5,1.25,20.0,64.2,25.3,,,,,,,,6.7,0.5,7.0,2.26,0.2400000000000002,2.44,17.9,2.1000000000000014,18.8,12720.0,pH_High,Normal
EXP.1,2024-03-11,2,10:00,2024-03-11 10:00:00,R3T2,T2,5.6,2.16,1.08,22.9,48.4,24.34,425.57,17.557916666666667,9.81,25.72,55.17083333333333,448.75083333333333,24.0,6.9,-1.3000000000000007,6.25,1.56,0.6000000000000001,1.86,23.0,-0.10000000000000142,22.95,50330.0,Humidity_Low,Humidity_Low
EXP.1,2024-03-19,10,10:00,2024-03-19 10:00:00,R1T2,T2,5.2,1.87,0.935,25.4,54.42,26.66,437.08,18.850416666666664,12.59,28.13,59.45541666666667,459.2029166666667,24.0,5.2,0.0,5.166666666666667,1.91,-0.039999999999999813,1.89,24.7,0.6999999999999993,25.0,75050.0,pH_Low,pH_Low
EXP.2,2024-04-30,18,14:00,2024-04-30 14:00:00,R1T2,T2,6.0,2.18,1.09,26.3,57.39,24.31,440.96,22.271666666666665,18.46,26.36,62.16041666666666,453.81333333333333,24.0,6.0,0.0,6.0,2.19,-0.009999999999999787,2.0233333333333334,23.2,3.1000000000000014,24.933333333333334,37780.0,WaterTemp_High,Normal
EXP.1,2024-03-27,18,14:00,2024-03-27 14:00:00,R3T1,T1,6.4,1.78,0.89,25.0,47.77,24.09,418.54,21.109583333333333,16.16,26.28,55.38833333333333,450.795,24.0,6.2,0.20000000000000018,6.166666666666667,1.78,0.0,1.7933333333333332,24.6,0.3999999999999986,24.633333333333336,36530.0,Humidity_Low,Normal
EXP.2,2024-04-26,14,14:00,2024-04-26 14:00:00,R1T1,T1,6.0,1.75,0.875,26.2,55.75,23.24,436.06,22.731739130434786,18.97,27.27,60.44869565217391,453.9904347826087,23.0,6.0,0.0,6.0,1.75,0.0,1.7533333333333332,23.6,2.599999999999998,25.599999999999998,46260.0,WaterTemp_High,Normal
EXP.1,2024-03-15,6,10:00,2024-03-15 10:00:00,R3T1,T1,5.7,2.01,1.005,24.8,47.81,26.82,407.63,19.426666666666666,11.81,29.17,54.786249999999995,447.69416666666666,24.0,5.9,-0.20000000000000018,5.800000000000001,1.98,0.029999999999999805,1.9933333333333332,25.0,-0.1999999999999993,24.599999999999998,,Humidity_Low,Normal
EXP.1,2024-03-27,18,10:00,2024-03-27 10:00:00,R2T2,T2,6.5,1.78,0.89,24.1,49.17,25.06,441.42,21.109583333333333,16.16,26.28,55.38833333333333,450.795,24.0,6.1,0.40000000000000036,6.2,1.82,-0.040000000000000036,1.8099999999999998,24.6,-0.5,23.366666666666664,79530.0,Humidity_Low,Humidity_Low
EXP.2,2024-04-14,2,14:00,2024-04-14 14:00:00,R1T2,T2,7.1,2.2,1.1,20.7,64.2,25.3,,,,,,,,6.8,0.2999999999999998,6.833333333333333,1.9,0.30000000000000027,2.186666666666667,18.1,2.599999999999998,19.033333333333335,12720.0,pH_High,Normal
EXP.2,2024-04-23,11,10:00,2024-04-23 10:00:00,R1T1,T1,5.7,1.76,0.88,24.3,47.19,30.0,442.42,24.49625,17.34,34.79,53.95791666666667,456.20625,24.0,6.1,-0.39999999999999947,6.0,1.75,0.010000000000000009,1.7566666666666666,25.6,-1.3000000000000007,24.5,70360.0,Humidity_Low,Multiple_Stress
EXP.1,2024-03-20,11,14:00,2024-03-20 14:00:00,R1T1,T1,5.6,1.82,0.91,25.0,51.07,22.97,424.04,18.465833333333332,10.63,26.32,57.98916666666667,471.80041666666665,24.0,5.4,0.1999999999999993,5.533333333333334,1.9,-0.07999999999999985,1.8699999999999999,22.2,2.8000000000000007,24.099999999999998,,Normal,Normal
EXP.1,2024-03-26,17,10:00,2024-03-26 10:00:00,R3T2,T2,5.8,1.84,0.92,26.6,48.26,24.78,439.17,18.962083333333336,11.18,26.05,56.142500000000005,478.01416666666665,24.0,,,5.8,,,1.8250000000000002,,,25.75,74420.0,Multiple_Stress,Multiple_Stress
EXP.2,2024-04-19,7,14:00,2024-04-19 14:00:00,R2T1,T1,5.9,1.76,0.88,27.6,50.41,26.37,425.01,22.238333333333333,17.55,28.12,58.35375,454.3254166666666,24.0,6.2,-0.2999999999999998,6.266666666666667,1.79,-0.030000000000000027,1.7666666666666666,25.0,2.6000000000000014,26.133333333333336,,WaterTemp_High,Normal
EXP.1,2024-03-30,21,10:00,2024-03-30 10:00:00,R1T2,T2,6.7,1.72,0.86,24.9,54.83,25.98,436.82,21.84875,17.33,26.97,60.32583333333333,455.5841666666667,24.0,6.6,0.10000000000000053,6.65,1.85,-0.13000000000000012,1.7850000000000001,25.8,-0.9000000000000021,25.35,,Normal,WaterTemp_High
EXP.3,2024-06-14,25,10:00,2024-06-14 10:00:00,R3T1,T1,7.5,2.85,1.425,23.3,49.68,40.45,468.82,30.522499999999997,24.39,44.49,57.343333333333334,456.2191666666667,24.0,7.4,0.09999999999999964,7.366666666666667,2.85,0.0,2.9033333333333338,24.0,-0.6999999999999993,23.133333333333336,,Multiple_Stress,Multiple_Stress
EXP.1,2024-03-11,2,14:00,2024-03-11 14:00:00,R3T2,T2,5.6,2.16,1.08,22.9,48.13,24.63,413.96,17.557916666666667,9.81,25.72,55.17083333333333,448.75083333333333,24.0,5.6,0.0,6.033333333333334,2.16,0.0,1.9600000000000002,22.9,0.0,22.933333333333334,61270.0,Humidity_Low,Normal
EXP.1,2024-03-12,3,10:00,2024-03-12 10:00:00,R2T2,T2,5.9,2.02,1.01,22.0,50.18,23.12,411.77,17.968125,11.27,25.45,57.156875,432.4475,16.0,5.8,0.10000000000000053,5.833333333333333,2.02,0.0,2.016666666666666,22.3,-0.3000000000000007,21.333333333333332,60540.0,Normal,Normal
EXP.3,2024-06-13,24,10:00,2024-06-13 10:00:00,R2T2,T2,7.3,2.16,1.08,22.6,64.0,27.83,449.24,26.022916666666664,22.96,30.33,65.69125,447.28833333333336,24.0,,,7.3,3.18,-1.02,2.84,23.2,-0.5999999999999979,23.333333333333332,23290.0,pH_High,Multiple_Stress
EXP.2,2024-05-02,20,10:00,2024-05-02 10:00:00,R1T1,T1,6.6,2.04,1.02,24.3,61.58,24.28,449.52,22.66875,19.23,25.25,63.38916666666666,458.70166666666665,24.0,6.8,-0.20000000000000018,6.6000000000000005,1.96,0.08000000000000007,1.9133333333333333,23.0,1.3000000000000007,24.53333333333333,39420.0,Normal,Normal
EXP.3,2024-06-14,25,14:00,2024-06-14 14:00:00,R3T2,T2,7.6,3.04,1.52,32.7,37.73,44.49,493.81,30.522499999999997,24.39,44.49,57.343333333333334,456.2191666666667,24.0,7.3,0.2999999999999998,7.366666666666666,2.96,0.08000000000000007,2.9800000000000004,,,28.6,28890.0,Multiple_Stress,Multiple_Stress
EXP.1,2024-03-20,11,14:00,2024-03-20 14:00:00,R2T2,T2,5.8,1.78,0.89,24.6,51.07,22.97,424.04,18.465833333333332,10.63,26.32,57.98916666666667,471.80041666666665,24.0,5.4,0.39999999999999947,5.633333333333333,1.99,-0.20999999999999996,1.9033333333333333,22.1,2.5,23.233333333333334,,Normal,Normal
EXP.1,2024-03-19,10,10:00,2024-03-19 10:00:00,R1T2,T2,5.2,1.87,0.935,25.4,54.42,26.66,437.08,18.850416666666664,12.59,28.13,59.45541666666667,459.2029166666667,24.0,5.2,0.0,5.166666666666667,1.91,-0.039999999999999813,1.89,24.7,0.6999999999999993,25.0,75050.0,pH_Low,pH_Low
EXP.2,2024-04-18,6,10:00,2024-04-18 10:00:00,R3T2,T2,6.3,2.22,1.11,25.6,50.42,27.31,443.69,23.874166666666667,19.62,28.26,56.20291666666666,448.48291666666665,24.0,6.1,0.20000000000000018,6.433333333333334,1.9,0.3200000000000003,1.9733333333333334,28.4,-2.799999999999997,26.433333333333334,,Normal,Multiple_Stress
EXP.2,2024-04-16,4,10:00,2024-04-16 10:00:00,R1T2,T2,6.9,1.89,0.945,25.0,57.77,28.28,485.7,24.50857142857143,19.07,28.57,57.79714285714285,455.0364285714286,14.0,7.1,-0.1999999999999993,6.933333333333334,2.2,-0.3100000000000003,1.9966666666666668,20.7,4.300000000000001,21.266666666666666,7750.0,Normal,Multiple_Stress
EXP.1,2024-03-20,11,10:00,2024-03-20 10:00:00,R1T2,T2,5.0,1.93,0.965,24.1,51.46,22.97,436.88,18.465833333333332,10.63,26.32,57.98916666666667,471.80041666666665,24.0,5.2,-0.20000000000000018,5.133333333333333,1.87,0.05999999999999983,1.9033333333333333,25.4,-1.2999999999999972,24.733333333333334,36200.0,pH_Low,Normal
EXP.1,2024-04-03,25,10:00,2024-04-03 10:00:00,R3T2,T2,6.4,1.64,0.82,28.4,,,,,,,,,,6.5,-0.09999999999999964,6.433333333333334,1.71,-0.07000000000000006,1.6933333333333334,29.4,-1.0,28.866666666666664,,WaterTemp_High,WaterTemp_High
EXP.1,2024-04-03,25,14:00,2024-04-03 14:00:00,R3T1,T1,6.4,1.53,,26.6,61.7,26.3,,,,,,,,6.3,0.10000000000000053,6.366666666666667,1.53,0.0,1.5533333333333335,25.0,1.6000000000000014,26.2,65870.0,WaterTemp_High,Multiple_Stress
EXP.1,2024-03-19,10,10:00,2024-03-19 10:00:00,R3T1,T1,5.5,1.95,0.975,24.3,54.42,26.66,437.08,18.850416666666664,12.59,28.13,59.45541666666667,459.2029166666667,24.0,5.5,0.0,5.466666666666666,1.97,-0.020000000000000018,1.96,23.8,0.5,24.0,75050.0,Normal,pH_Low
EXP.2,2024-04-19,7,14:00,2024-04-19 14:00:00,R3T2,T2,6.9,2.25,1.125,27.6,50.41,26.37,425.01,22.238333333333333,17.55,28.12,58.35375,454.3254166666666,24.0,5.8,1.1000000000000005,6.333333333333333,2.27,-0.020000000000000018,2.24,25.8,1.8000000000000007,26.666666666666668,,WaterTemp_High,Normal
EXP.1,2024-03-20,11,10:00,2024-03-20 10:00:00,R1T1,T1,5.4,1.9,0.95,22.2,51.46,22.97,436.88,18.465833333333332,10.63,26.32,57.98916666666667,471.80041666666665,24.0,5.6,-0.1999999999999993,5.533333333333332,1.89,0.010000000000000009,1.89,25.1,-2.900000000000002,23.3,36200.0,pH_Low,Normal
EXP.3,2024-06-09,20,10:00,2024-06-09 10:00:00,R1T1,T1,6.1,2.75,1.375,21.9,63.88,27.41,442.02,25.879583333333333,23.42,28.86,65.02166666666666,441.12166666666667,24.0,6.1,0.0,6.066666666666666,2.7,0.04999999999999982,2.736666666666667,25.3,-3.400000000000002,23.400000000000002,,EC_High,EC_High
EXP.3,2024-06-08,19,10:00,2024-06-08 10:00:00,R1T2,T2,6.8,2.74,1.37,22.3,61.53,28.84,461.1,26.795833333333334,23.75,31.0,63.401250000000005,459.2945833333333,24.0,7.3,-0.5,7.166666666666667,1.55,1.1900000000000002,2.0866666666666664,22.2,0.10000000000000142,21.63333333333333,,EC_High,Multiple_Stress
EXP.1,2024-04-01,23,10:00,2024-04-01 10:00:00,R2T1,T1,6.7,1.51,0.755,25.2,53.56,27.25,428.75,22.912499999999998,17.47,30.8,57.57416666666666,448.78541666666666,24.0,,,6.7,,,1.51,,,25.2,,Normal,Multiple_Stress
EXP.3,2024-05-23,3,10:00,2024-05-23 10:00:00,R3T2,T2,7.7,1.75,0.875,22.8,58.77,27.08,448.88,25.587500000000002,23.22,30.39,61.07333333333333,448.56375,24.0,7.6,0.10000000000000053,7.6000000000000005,2.8,-1.0499999999999998,2.4166666666666665,22.0,0.8000000000000007,22.833333333333332,1664.0,pH_High,Multiple_Stress
EXP.1,2024-03-27,18,14:00,2024-03-27 14:00:00,R3T1,T1,6.4,1.78,0.89,25.0,47.77,24.09,418.54,21.109583333333333,16.16,26.28,55.38833333333333,450.795,24.0,6.2,0.20000000000000018,6.166666666666667,1.78,0.0,1.7933333333333332,24.6,0.3999999999999986,24.633333333333336,36530.0,Humidity_Low,Normal
EXP.2,2024-05-09,27,14:00,2024-05-09 14:00:00,R3T2,T2,6.5,2.13,1.065,21.2,51.2,24.49,418.25,21.942083333333333,16.7,25.15,55.362500000000004,438.23333333333335,24.0,6.4,0.09999999999999964,6.466666666666666,2.16,-0.03000000000000025,2.1366666666666667,19.0,2.1999999999999993,20.833333333333332,36770.0,Normal,Normal
EXP.3,2024-05-23,3,14:00,2024-05-23 14:00:00,R2T1,T1,7.0,2.54,1.27,23.9,54.77,27.05,431.44,25.587500000000002,23.22,30.39,61.07333333333333,448.56375,24.0,6.9,0.09999999999999964,7.033333333333334,2.32,0.2200000000000002,2.4966666666666666,22.2,1.6999999999999993,22.599999999999998,33360.0,EC_High,Normal
EXP.2,2024-04-14,2,14:00,2024-04-14 14:00:00,R3T1,T1,7.1,1.95,0.975,20.6,64.2,25.3,,,,,,,,6.8,0.2999999999999998,6.866666666666667,1.9,0.050000000000000044,1.9266666666666665,18.1,2.5,18.900000000000002,12720.0,pH_High,Normal
EXP.1,2024-03-20,11,10:00,2024-03-20 10:00:00,R1T1,T1,5.4,1.9,0.95,22.2,51.46,22.97,436.88,18.465833333333332,10.63,26.32,57.98916666666667,471.80041666666665,24.0,5.6,-0.1999999999999993,5.533333333333332,1.89,0.010000000000000009,1.89,25.1,-2.900000000000002,23.3,36200.0,pH_Low,Normal
EXP.3,2024-06-12,23,14:00,2024-06-12 14:00:00,R2T1,T1,7.0,3.22,1.61,23.3,58.12,28.01,430.31,24.946250000000003,21.88,28.31,65.50083333333333,451.4566666666667,24.0,,,6.95,3.28,-0.05999999999999961,3.26,22.9,0.40000000000000213,23.633333333333336,23550.0,EC_High,Multiple_Stress
EXP.2,2024-04-20,8,14:00,2024-04-20 14:00:00,R1T2,T2,5.7,2.3,1.15,25.8,49.29,26.91,418.79,22.569999999999997,16.61,29.55,57.791666666666664,447.3833333333334,24.0,5.8,-0.09999999999999964,5.8999999999999995,2.22,0.07999999999999963,2.243333333333333,25.2,0.6000000000000014,26.433333333333334,,Humidity_Low,Normal
EXP.3,2024-06-09,20,10:00,2024-06-09 10:00:00,R2T2,T2,7.0,2.77,1.385,22.0,63.88,27.41,442.02,25.879583333333333,23.42,28.86,65.02166666666666,441.12166666666667,24.0,7.1,-0.09999999999999964,7.033333333333334,2.71,0.06000000000000005,2.733333333333333,25.1,-3.1000000000000014,23.3,,EC_High,Multiple_Stress
EXP.1,2024-03-20,11,10:00,2024-03-20 10:00:00,R1T1,T1,5.4,1.9,0.95,22.2,51.46,22.97,436.88,18.465833333333332,10.63,26.32,57.98916666666667,471.80041666666665,24.0,5.6,-0.1999999999999993,5.533333333333332,1.89,0.010000000000000009,1.89,25.1,-2.900000000000002,23.3,36200.0,pH_Low,Normal
EXP.1,2024-03-27,18,14:00,2024-03-27 14:00:00,R3T1,T1,6.4,1.78,0.89,25.0,47.77,24.09,418.54,21.109583333333333,16.16,26.28,55.38833333333333,450.795,24.0,6.2,0.20000000000000018,6.166666666666667,1.78,0.0,1.7933333333333332,24.6,0.3999999999999986,24.633333333333336,36530.0,Humidity_Low,Normal
EXP.2,2024-04-24,12,10:00,2024-04-24 10:00:00,R1T1,T1,6.0,1.75,0.875,25.0,43.51,34.4,469.54,26.683333333333334,19.89,34.84,50.62583333333333,442.87125,24.0,5.7,0.2999999999999998,5.8,1.76,-0.010000000000000009,1.7566666666666668,27.3,-2.3000000000000007,25.53333333333333,7254.0,Multiple_Stress,Multiple_Stress
EXP.2,2024-04-14,2,14:00,2024-04-14 14:00:00,R3T2,T2,7.1,2.2,1.1,21.2,64.2,25.3,,,,,,,,6.9,0.1999999999999993,7.0,2.13,0.07000000000000028,2.143333333333333,19.2,2.0,19.8,12720.0,pH_High,Normal
EXP.2,2024-04-19,7,14:00,2024-04-19 14:00:00,R3T1,T1,6.3,1.75,0.875,28.2,50.41,26.37,425.01,22.238333333333333,17.55,28.12,58.35375,454.3254166666666,24.0,6.3,0.0,6.466666666666666,1.75,0.0,1.74,24.3,3.8999999999999986,26.099999999999998,,WaterTemp_High,Normal
EXP.3,2024-05-23,3,10:00,2024-05-23 10:00:00,R3T1,T1,7.2,1.75,0.875,22.5,58.77,27.08,448.88,25.587500000000002,23.22,30.39,61.07333333333333,448.56375,24.0,7.1,0.10000000000000053,7.266666666666667,2.55,-0.7999999999999998,2.143333333333333,21.5,1.0,22.100000000000005,1664.0,pH_High,pH_High
EXP.3,2024-05-21,1,14:00,2024-05-21 14:00:00,R2T2,T2,7.6,2.5,1.25,23.2,53.42,27.65,426.63,25.346666666666668,22.29,27.7,59.06458333333333,450.37083333333334,24.0,7.8,-0.20000000000000018,7.699999999999999,2.8,-0.2999999999999998,2.65,21.3,1.8999999999999986,22.25,,pH_High,pH_High
EXP.1,2024-03-20,11,10:00,2024-03-20 10:00:00,R3T1,T1,5.3,2.01,1.005,23.6,51.46,22.97,436.88,18.465833333333332,10.63,26.32,57.98916666666667,471.80041666666665,24.0,5.5,-0.20000000000000018,5.433333333333334,1.95,0.05999999999999983,1.9766666666666666,24.3,-0.6999999999999993,23.900000000000002,36200.0,pH_Low,Normal
EXP.1,2024-03-30,21,10:00,2024-03-30 10:00:00,R2T2,T2,6.9,1.65,0.825,24.3,54.83,25.98,436.82,21.84875,17.33,26.97,60.32583333333333,455.5841666666667,24.0,6.7,0.20000000000000018,6.800000000000001,1.76,-0.1100000000000001,1.705,26.3,-2.0,25.3,,Normal,WaterTemp_High
EXP.2,2024-05-04,22,10:00,2024-05-04 10:00:00,R2T2,T2,6.3,2.56,1.28,19.3,62.99,23.26,466.06,22.152916666666666,17.85,26.65,62.1775,466.26875,24.0,6.4,-0.10000000000000053,6.3999999999999995,2.6,-0.040000000000000036,2.48,22.5,-3.1999999999999993,20.933333333333334,25700.0,EC_High,EC_High
EXP.2,2024-04-13,1,10:00,2024-04-13 10:00:00,R1T1,T1,6.8,1.86,0.93,18.5,69.0,24.6,,,,,,,,,,6.8,,,1.86,,,18.5,26660.0,Normal,Normal
EXP.1,2024-03-22,13,14:00,2024-03-22 14:00:00,R3T1,T1,5.8,1.87,0.935,24.7,49.81,23.95,406.99,18.142083333333336,10.66,25.6,57.46875,456.0833333333333,24.0,5.9,-0.10000000000000053,5.866666666666667,1.86,0.010000000000000009,1.8733333333333333,23.9,0.8000000000000007,24.13333333333333,,Humidity_Low,Humidity_Low
EXP.2,2024-04-30,18,14:00,2024-04-30 14:00:00,R3T1,T1,6.2,1.79,0.895,26.3,57.39,24.31,440.96,22.271666666666665,18.46,26.36,62.16041666666666,453.81333333333333,24.0,6.2,0.0,6.166666666666667,1.79,0.0,1.7599999999999998,23.2,3.1000000000000014,24.899999999999995,37780.0,WaterTemp_High,Normal
EXP.3,2024-06-13,24,10:00,2024-06-13 10:00:00,R2T2,T2,7.3,2.16,1.08,22.6,64.0,27.83,449.24,26.022916666666664,22.96,30.33,65.69125,447.28833333333336,24.0,,,7.3,3.18,-1.02,2.84,23.2,-0.5999999999999979,23.333333333333332,23290.0,pH_High,Multiple_Stress
EXP.2,2024-04-27,15,10:00,2024-04-27 10:00:00,R3T1,T1,6.0,1.73,0.865,22.2,59.48,24.76,455.83,22.160416666666666,18.46,26.74,61.01666666666667,458.7083333333333,24.0,5.9,0.09999999999999964,5.933333333333334,1.74,-0.010000000000000009,1.74,26.5,-4.300000000000001,24.099999999999998,13230.0,Normal,WaterTemp_High
EXP.2,2024-04-23,11,14:00,2024-04-23 14:00:00,R3T1,T1,5.8,1.76,0.88,27.6,45.63,29.8,419.25,24.49625,17.34,34.79,53.95791666666667,456.20625,24.0,5.7,0.09999999999999964,5.833333333333333,1.73,0.030000000000000027,1.74,24.3,3.3000000000000007,25.766666666666666,6212.0,Multiple_Stress,Multiple_Stress
EXP.1,2024-03-10,1,14:00,2024-03-10 14:00:00,R2T2,T2,7.0,1.56,0.77,22.9,47.64,24.74,410.58,20.493846153846157,13.26,25.27,50.81230769230769,429.5115384615384,13.0,,,7.0,,,1.56,,,22.9,48300.0,Humidity_Low,Humidity_Low
EXP.1,2024-03-30,21,14:00,2024-03-30 14:00:00,R3T2,T2,7.2,1.43,0.715,28.5,53.07,25.79,419.13,21.84875,17.33,26.97,60.32583333333333,455.5841666666667,24.0,6.7,0.5,6.866666666666667,1.67,-0.24,1.6266666666666667,24.0,4.5,26.566666666666666,,Multiple_Stress,Normal
EXP.1,2024-03-23,14,14:00,2024-03-23 14:00:00,R3T1,T1,,,0.0,,48.25,24.7,408.7,18.180799999999998,10.34,25.37,56.098,457.46479999999997,25.0,5.8,,5.8500000000000005,1.87,,1.8650000000000002,24.7,,24.299999999999997,,Humidity_Low,Normal
EXP.1,2024-03-20,11,10:00,2024-03-20 10:00:00,R2T2,T2,5.4,1.99,0.995,22.1,51.46,22.97,436.88,18.465833333333332,10.63,26.32,57.98916666666667,471.80041666666665,24.0,5.7,-0.2999999999999998,5.633333333333333,1.94,0.050000000000000044,1.9633333333333332,23.0,-0.8999999999999986,22.633333333333336,36200.0,pH_Low,Normal
EXP.3,2024-06-13,24,10:00,2024-06-13 10:00:00,R2T2,T2,7.3,2.16,1.08,22.6,64.0,27.83,449.24,26.022916666666664,22.96,30.33,65.69125,447.28833333333336,24.0,,,7.3,3.18,-1.02,2.84,23.2,-0.5999999999999979,23.333333333333332,23290.0,pH_High,Multiple_Stress
EXP.2,2024-04-28,16,14:00,2024-04-28 14:00:00,R3T2,T2,5.7,2.24,1.12,26.5,56.07,24.15,442.47,22.252499999999998,18.61,27.42,61.467083333333335,463.61291666666665,24.0,5.7,0.0,5.733333333333333,2.24,0.0,2.236666666666667,22.3,4.199999999999999,25.099999999999998,32660.0,WaterTemp_High,Normal
EXP.2,2024-05-09,27,10:00,2024-05-09 10:00:00,R2T2,T2,6.5,2.38,1.19,18.5,55.59,24.02,440.42,21.942083333333333,16.7,25.15,55.362500000000004,438.23333333333335,24.0,6.5,0.0,6.466666666666666,2.43,-0.050000000000000266,2.4466666666666668,21.8,-3.3000000000000007,19.46666666666667,27070.0,Normal,Normal
EXP.3,2024-06-12,23,10:00,2024-06-12 10:00:00,R3T1,T1,,3.09,1.545,22.7,63.9,26.44,450.86,24.946250000000003,21.88,28.31,65.50083333333333,451.4566666666667,24.0,6.8,,6.8,3.09,0.0,3.0866666666666664,24.5,-1.8000000000000007,23.266666666666666,26830.0,EC_High,Multiple_Stress
EXP.2,2024-05-05,23,14:00,2024-05-05 14:00:00,R2T2,T2,6.4,2.51,1.255,21.9,52.18,22.72,438.32,20.685,16.17,28.31,54.78863636363636,459.26,22.0,6.4,0.0,6.366666666666667,2.52,-0.010000000000000231,2.6466666666666665,19.0,2.8999999999999986,21.166666666666668,41770.0,EC_High,Normal
EXP.2,2024-05-05,23,14:00,2024-05-05 14:00:00,R1T1,T1,6.6,1.99,0.995,21.6,52.18,22.72,438.32,20.685,16.17,28.31,54.78863636363636,459.26,22.0,6.7,-0.10000000000000053,6.6000000000000005,1.78,0.20999999999999996,2.223333333333333,19.7,1.9000000000000021,21.600000000000005,41770.0,Normal,Normal
EXP.2,2024-05-04,22,10:00,2024-05-04 10:00:00,R2T2,T2,6.3,2.56,1.28,19.3,62.99,23.26,466.06,22.152916666666666,17.85,26.65,62.1775,466.26875,24.0,6.4,-0.10000000000000053,6.3999999999999995,2.6,-0.040000000000000036,2.48,22.5,-3.1999999999999993,20.933333333333334,25700.0,EC_High,EC_High
EXP.2,2024-05-04,22,10:00,2024-05-04 10:00:00,R1T2,T2,6.3,2.59,1.295,19.5,62.99,23.26,466.06,22.152916666666666,17.85,26.65,62.1775,466.26875,24.0,6.4,-0.10000000000000053,6.366666666666667,2.61,-0.020000000000000018,2.5,22.4,-2.8999999999999986,20.733333333333334,25700.0,EC_High,Normal
EXP.1,2024-03-30,21,10:00,2024-03-30 10:00:00,R2T1,T1,6.8,1.67,0.835,25.1,54.83,25.98,436.82,21.84875,17.33,26.97,60.32583333333333,455.5841666666667,24.0,6.8,0.0,6.8,1.76,-0.09000000000000008,1.7150000000000003,25.9,-0.7999999999999972,25.5,,Normal,WaterTemp_High
EXP.1,2024-04-03,25,14:00,2024-04-03 14:00:00,R3T2,T2,6.5,1.65,,28.6,61.7,26.3,,,,,,,,6.4,0.09999999999999964,6.466666666666668,1.64,0.010000000000000009,1.6666666666666667,28.4,0.20000000000000284,28.8,65870.0,WaterTemp_High,Multiple_Stress
EXP.2,2024-04-27,15,10:00,2024-04-27 10:00:00,R1T2,T2,5.8,2.2,1.1,22.2,59.48,24.76,455.83,22.160416666666666,18.46,26.74,61.01666666666667,458.7083333333333,24.0,5.7,0.09999999999999964,5.7,2.2,0.0,2.2,26.7,-4.5,24.2,13230.0,Normal,WaterTemp_High
EXP.2,2024-05-09,27,10:00,2024-05-09 10:00:00,R3T1,T1,6.4,1.94,0.97,18.3,55.59,24.02,440.42,21.942083333333333,16.7,25.15,55.362500000000004,438.23333333333335,24.0,6.3,0.10000000000000053,6.3999999999999995,1.89,0.050000000000000044,2.046666666666667,18.9,-0.5999999999999979,18.5,27070.0,Normal,Normal
EXP.2,2024-05-04,22,14:00,2024-05-04 14:00:00,R1T1,T1,6.5,2.9,1.45,23.5,56.91,24.39,443.4,22.152916666666666,17.85,26.65,62.1775,466.26875,24.0,6.7,-0.20000000000000018,6.566666666666666,2.4,0.5,2.1333333333333333,20.0,3.5,22.366666666666664,32550.0,EC_High,Normal
EXP.1,2024-03-16,7,14:00,2024-03-16 14:00:00,R2T2,T2,6.0,2.02,1.01,23.4,51.83,25.06,418.29,19.078333333333333,13.63,26.09,57.51125,455.28416666666664,24.0,5.9,0.09999999999999964,5.933333333333334,2.02,0.0,2.046666666666667,21.4,2.0,22.73333333333333,,Normal,Normal
EXP.1,2024-03-18,9,10:00,2024-03-18 10:00:00,R1T2,T2,5.2,1.91,0.955,24.7,53.95,26.53,426.75,18.576249999999998,13.61,26.53,59.49125,457.72125,24.0,5.1,0.10000000000000053,5.3,1.89,0.020000000000000018,1.9166666666666667,24.9,-0.1999999999999993,24.933333333333334,27600.0,pH_Low,pH_Low
EXP.2,2024-04-23,11,10:00,2024-04-23 10:00:00,R2T2,T2,5.6,2.29,1.145,24.8,47.19,30.0,442.42,24.49625,17.34,34.79,53.95791666666667,456.20625,24.0,5.9,-0.3000000000000007,5.833333333333333,2.28,0.010000000000000231,2.283333333333333,25.7,-0.8999999999999986,24.900000000000002,70360.0,Humidity_Low,Multiple_Stress
EXP.1,2024-03-14,5,14:00,2024-03-14 14:00:00,R3T1,T1,5.9,1.98,0.99,25.0,51.77,23.6,410.9,19.02125,13.28,25.03,59.577916666666674,449.6683333333333,24.0,5.8,0.10000000000000053,5.8,1.99,-0.010000000000000009,1.99,24.0,1.0,25.0,,Normal,Humidity_Low
EXP.3,2024-06-08,19,10:00,2024-06-08 10:00:00,R3T2,T2,7.0,2.9,1.45,23.1,61.53,28.84,461.1,26.795833333333334,23.75,31.0,63.401250000000005,459.2945833333333,24.0,7.5,-0.5,7.366666666666667,1.58,1.3199999999999998,2.38,22.9,0.20000000000000284,22.26666666666667,,EC_High,Multiple_Stress
EXP.1,2024-03-15,6,10:00,2024-03-15 10:00:00,R2T2,T2,5.9,2.1,1.05,23.4,47.81,26.82,407.63,19.426666666666666,11.81,29.17,54.786249999999995,447.69416666666666,24.0,5.9,0.0,5.9,2.02,0.08000000000000007,2.0399999999999996,25.6,-2.200000000000003,23.96666666666667,,Humidity_Low,Normal
EXP.3,2024-05-23,3,14:00,2024-05-23 14:00:00,R2T2,T2,7.7,2.2,1.1,24.1,54.77,27.05,431.44,25.587500000000002,23.22,30.39,61.07333333333333,448.56375,24.0,7.6,0.10000000000000053,7.666666666666667,1.76,0.44000000000000017,2.1533333333333333,22.5,1.6000000000000014,22.599999999999998,33360.0,pH_High,pH_High
EXP.3,2024-06-17,28,14:00,2024-06-17 14:00:00,R2T2,T2,7.6,2.82,1.41,22.5,56.84,27.5,439.5,25.07375,22.48,27.5,63.709583333333335,456.3416666666667,24.0,7.6,0.0,7.6,2.86,-0.040000000000000036,2.8366666666666664,21.2,1.3000000000000007,22.366666666666664,,Multiple_Stress,
EXP.1,2024-04-03,25,14:00,2024-04-03 14:00:00,R2T1,T1,6.1,1.76,,26.5,61.7,26.3,,,,,,,,5.9,0.1999999999999993,6.033333333333334,1.76,0.0,1.78,24.5,2.0,26.333333333333332,65870.0,WaterTemp_High,Multiple_Stress
EXP.2,2024-05-09,27,14:00,2024-05-09 14:00:00,R2T2,T2,6.5,2.4,1.2,20.3,51.2,24.49,418.25,21.942083333333333,16.7,25.15,55.362500000000004,438.23333333333335,24.0,6.5,0.0,6.5,2.38,0.020000000000000018,2.4033333333333333,18.5,1.8000000000000007,20.2,36770.0,Normal,WaterTemp_Low
EXP.2,2024-05-09,27,14:00,2024-05-09 14:00:00,R1T2,T2,6.4,2.35,1.175,20.0,51.2,24.49,418.25,21.942083333333333,16.7,25.15,55.362500000000004,438.23333333333335,24.0,6.5,-0.09999999999999964,6.433333333333334,2.33,0.020000000000000018,2.27,18.3,1.6999999999999993,20.066666666666666,36770.0,Normal,Normal
EXP.2,2024-04-28,16,14:00,2024-04-28 14:00:00,R1T2,T2,5.9,2.2,1.1,26.2,56.07,24.15,442.47,22.252499999999998,18.61,27.42,61.467083333333335,463.61291666666665,24.0,5.9,0.0,5.9,2.2,0.0,2.1966666666666668,22.3,3.8999999999999986,24.96666666666667,32660.0,WaterTemp_High,Normal
EXP.2,2024-04-30,18,14:00,2024-04-30 14:00:00,R1T1,T1,6.4,1.74,0.87,26.3,57.39,24.31,440.96,22.271666666666665,18.46,26.36,62.16041666666666,453.81333333333333,24.0,6.4,0.0,6.3,1.74,0.0,1.7333333333333334,23.2,3.1000000000000014,24.833333333333332,37780.0,WaterTemp_High,Normal
EXP.2,2024-05-05,23,10:00,2024-05-05 10:00:00,R1T2,T2,6.4,2.49,1.245,19.1,54.66,24.89,455.73,20.685,16.17,28.31,54.78863636363636,459.26,22.0,6.3,0.10000000000000053,6.333333333333333,2.5,-0.009999999999999787,2.526666666666667,22.9,-3.799999999999997,20.5,24150.0,Normal,Normal
EXP.1,2024-03-31,22,14:00,2024-03-31 14:00:00,R3T1,T1,,,0.0,,52.71,26.99,426.11,22.840416666666666,17.48,28.45,59.55291666666667,460.57124999999996,24.0,,,6.7,,,1.74,,,27.5,,Normal,Normal
EXP.3,2024-05-23,3,10:00,2024-05-23 10:00:00,R3T1,T1,7.2,1.75,0.875,22.5,58.77,27.08,448.88,25.587500000000002,23.22,30.39,61.07333333333333,448.56375,24.0,7.1,0.10000000000000053,7.266666666666667,2.55,-0.7999999999999998,2.143333333333333,21.5,1.0,22.100000000000005,1664.0,pH_High,pH_High
EXP.2,2024-05-01,19,10:00,2024-05-01 10:00:00,R1T1,T1,6.8,1.96,0.98,23.0,61.9,23.59,455.0,22.669999999999998,18.46,26.3,63.21434782608696,456.29391304347826,23.0,6.4,0.39999999999999947,6.533333333333334,1.74,0.21999999999999997,1.8133333333333332,26.3,-3.3000000000000007,24.166666666666668,26880.0,Normal,Normal
EXP.2,2024-04-14,2,14:00,2024-04-14 14:00:00,R3T1,T1,7.1,1.95,0.975,20.6,64.2,25.3,,,,,,,,6.8,0.2999999999999998,6.866666666666667,1.9,0.050000000000000044,1.9266666666666665,18.1,2.5,18.900000000000002,12720.0,pH_High,Normal
EXP.2,2024-04-23,11,10:00,2024-04-23 10:00:00,R2T1,T1,5.5,1.71,0.855,24.5,47.19,30.0,442.42,24.49625,17.34,34.79,53.95791666666667,456.20625,24.0,5.9,-0.40000000000000036,5.8,1.71,0.0,1.71,25.6,-1.1000000000000014,24.633333333333336,70360.0,Humidity_Low,Multiple_Stress
EXP.1,2024-03-20,11,10:00,2024-03-20 10:00:00,R1T1,T1,5.4,1.9,0.95,22.2,51.46,22.97,436.88,18.465833333333332,10.63,26.32,57.98916666666667,471.80041666666665,24.0,5.6,-0.1999999999999993,5.533333333333332,1.89,0.010000000000000009,1.89,25.1,-2.900000000000002,23.3,36200.0,pH_Low,Normal
EXP.1,2024-03-10,1,14:00,2024-03-10 14:00:00,R1T1,T1,6.9,1.61,0.8,22.5,47.64,24.74,410.58,20.493846153846157,13.26,25.27,50.81230769230769,429.5115384615384,13.0,,,6.9,,,1.61,,,22.5,48300.0,Humidity_Low,Multiple_Stress
EXP.2,2024-05-09,27,14:00,2024-05-09 14:00:00,R2T1,T1,6.4,1.76,0.88,20.3,51.2,24.49,418.25,21.942083333333333,16.7,25.15,55.362500000000004,438.23333333333335,24.0,6.4,0.0,6.4,1.68,0.08000000000000007,1.7299999999999998,18.5,1.8000000000000007,19.433333333333334,36770.0,Normal,Normal
EXP.1,2024-04-01,23,14:00,2024-04-01 14:00:00,R2T1,T1,6.9,1.15,0.575,26.9,52.18,26.42,410.96,22.912499999999998,17.47,30.8,57.57416666666666,448.78541666666666,24.0,6.7,0.20000000000000018,6.800000000000001,1.51,-0.3600000000000001,1.33,25.2,1.6999999999999993,26.049999999999997,,Multiple_Stress,Normal
EXP.3,2024-06-17,28,14:00,2024-06-17 14:00:00,R1T2,T2,7.5,2.72,1.36,22.3,56.84,27.5,439.5,25.07375,22.48,27.5,63.709583333333335,456.3416666666667,24.0,7.5,0.0,7.5,2.7,0.020000000000000018,2.716666666666667,22.3,0.0,22.599999999999998,,Multiple_Stress,Multiple_Stress
EXP.3,2024-06-13,24,10:00,2024-06-13 10:00:00,R2T1,T1,7.2,3.11,1.555,22.2,64.0,27.83,449.24,26.022916666666664,22.96,30.33,65.69125,447.28833333333336,24.0,7.0,0.20000000000000018,7.1,3.22,-0.11000000000000032,3.203333333333333,23.3,-1.1000000000000014,22.799999999999997,23290.0,Multiple_Stress,Multiple_Stress
EXP.2,2024-04-28,16,14:00,2024-04-28 14:00:00,R2T1,T1,5.9,1.7,0.85,26.2,56.07,24.15,442.47,22.252499999999998,18.61,27.42,61.467083333333335,463.61291666666665,24.0,5.9,0.0,5.933333333333334,1.7,0.0,1.7,22.0,4.199999999999999,24.799999999999997,32660.0,WaterTemp_High,Normal
EXP.1,2024-03-14,5,10:00,2024-03-14 10:00:00,R1T1,T1,6.0,1.92,0.96,26.6,54.44,22.36,425.7,19.02125,13.28,25.03,59.577916666666674,449.6683333333333,24.0,6.0,0.0,5.966666666666666,2.02,-0.10000000000000009,1.97,22.0,4.600000000000001,23.53333333333333,,WaterTemp_High,Normal
EXP.3,2024-06-13,24,10:00,2024-06-13 10:00:00,R3T1,T1,7.2,3.01,1.505,22.1,64.0,27.83,449.24,26.022916666666664,22.96,30.33,65.69125,447.28833333333336,24.0,7.3,-0.09999999999999964,7.25,2.9,0.10999999999999988,3.0,,,22.4,23290.0,Multiple_Stress,Multiple_Stress
EXP.2,2024-05-05,23,14:00,2024-05-05 14:00:00,R3T1,T1,6.4,2.8,1.4,22.3,52.18,22.72,438.32,20.685,16.17,28.31,54.78863636363636,459.26,22.0,6.4,0.0,6.4,2.29,0.5099999999999998,2.4066666666666667,19.0,3.3000000000000007,21.433333333333337,41770.0,EC_High,Multiple_Stress
EXP.2,2024-04-28,16,14:00,2024-04-28 14:00:00,R1T2,T2,5.9,2.2,1.1,26.2,56.07,24.15,442.47,22.252499999999998,18.61,27.42,61.467083333333335,463.61291666666665,24.0,5.9,0.0,5.9,2.2,0.0,2.1966666666666668,22.3,3.8999999999999986,24.96666666666667,32660.0,WaterTemp_High,Normal
EXP.2,2024-04-19,7,10:00,2024-04-19 10:00:00,R1T1,T1,6.3,1.78,0.89,24.7,52.22,27.44,452.02,22.238333333333333,17.55,28.12,58.35375,454.3254166666666,24.0,6.8,-0.5,6.566666666666666,1.75,0.030000000000000027,1.75,25.8,-1.1000000000000014,25.266666666666666,,Normal,WaterTemp_High
EXP.2,2024-04-19,7,14:00,2024-04-19 14:00:00,R1T1,T1,6.1,1.8,0.9,27.8,50.41,26.37,425.01,22.238333333333333,17.55,28.12,58.35375,454.3254166666666,24.0,6.3,-0.20000000000000018,6.3999999999999995,1.78,0.020000000000000018,1.7766666666666666,24.7,3.1000000000000014,26.100000000000005,,WaterTemp_High,Normal
EXP.1,2024-03-20,11,10:00,2024-03-20 10:00:00,R1T2,T2,5.0,1.93,0.965,24.1,51.46,22.97,436.88,18.465833333333332,10.63,26.32,57.98916666666667,471.80041666666665,24.0,5.2,-0.20000000000000018,5.133333333333333,1.87,0.05999999999999983,1.9033333333333333,25.4,-1.2999999999999972,24.733333333333334,36200.0,pH_Low,Normal
EXP.1,2024-03-14,5,10:00,2024-03-14 10:00:00,R3T2,T2,6.4,1.82,0.91,26.2,54.44,22.36,425.7,19.02125,13.28,25.03,59.577916666666674,449.6683333333333,24.0,6.5,-0.09999999999999964,6.466666666666666,1.87,-0.050000000000000044,1.8533333333333335,26.0,0.1999999999999993,25.066666666666666,,WaterTemp_High,WaterTemp_High
EXP.3,2024-06-13,24,10:00,2024-06-13 10:00:00,R2T2,T2,7.3,2.16,1.08,22.6,64.0,27.83,449.24,26.022916666666664,22.96,30.33,65.69125,447.28833333333336,24.0,,,7.3,3.18,-1.02,2.84,23.2,-0.5999999999999979,23.333333333333332,23290.0,pH_High,Multiple_Stress
EXP.2,2024-04-14,2,14:00,2024-04-14 14:00:00,R3T2,T2,7.1,2.2,1.1,21.2,64.2,25.3,,,,,,,,6.9,0.1999999999999993,7.0,2.13,0.07000000000000028,2.143333333333333,19.2,2.0,19.8,12720.0,pH_High,Normal
EXP.3,2024-06-17,28,10:00,2024-06-17 10:00:00,R3T2,T2,7.5,3.13,1.565,22.2,61.52,25.28,450.88,25.07375,22.48,27.5,63.709583333333335,456.3416666666667,24.0,7.5,0.0,7.533333333333332,3.15,-0.020000000000000018,3.106666666666667,24.3,-2.1000000000000014,26.400000000000002,,Multiple_Stress,Multiple_Stress
EXP.2,2024-04-28,16,10:00,2024-04-28 10:00:00,R1T1,T1,6.2,1.71,0.855,22.0,60.98,24.4,462.26,22.252499999999998,18.61,27.42,61.467083333333335,463.61291666666665,24.0,6.2,0.0,6.2,1.71,0.0,1.7133333333333336,26.0,-4.0,23.333333333333332,25030.0,Normal,Normal
EXP.1,2024-03-11,2,14:00,2024-03-11 14:00:00,R1T1,T1,5.2,2.0,1.0,23.9,48.13,24.63,413.96,17.557916666666667,9.81,25.72,55.17083333333333,448.75083333333333,24.0,5.3,-0.09999999999999964,5.8,2.0,0.0,1.87,19.3,4.599999999999998,21.900000000000002,61270.0,Multiple_Stress,Normal
EXP.1,2024-03-22,13,10:00,2024-03-22 10:00:00,R3T1,T1,5.9,1.86,0.93,23.9,51.07,23.71,427.19,18.142083333333336,10.66,25.6,57.46875,456.0833333333333,24.0,5.9,0.0,5.9,1.89,-0.029999999999999805,1.8733333333333333,23.8,0.09999999999999787,22.633333333333336,,Normal,Humidity_Low
EXP.1,2024-03-20,11,10:00,2024-03-20 10:00:00,R1T2,T2,5.0,1.93,0.965,24.1,51.46,22.97,436.88,18.465833333333332,10.63,26.32,57.98916666666667,471.80041666666665,24.0,5.2,-0.20000000000000018,5.133333333333333,1.87,0.05999999999999983,1.9033333333333333,25.4,-1.2999999999999972,24.733333333333334,36200.0,pH_Low,Normal
EXP.1,2024-04-03,25,14:00,2024-04-03 14:00:00,R3T1,T1,6.4,1.53,,26.6,61.7,26.3,,,,,,,,6.3,0.10000000000000053,6.366666666666667,1.53,0.0,1.5533333333333335,25.0,1.6000000000000014,26.2,65870.0,WaterTemp_High,Multiple_Stress
EXP.3,2024-05-23,3,10:00,2024-05-23 10:00:00,R1T2,T2,7.6,1.73,0.865,22.1,58.77,27.08,448.88,25.587500000000002,23.22,30.39,61.07333333333333,448.56375,24.0,7.5,0.09999999999999964,7.5,2.8,-1.0699999999999998,2.443333333333333,21.3,0.8000000000000007,22.200000000000003,1664.0,pH_High,pH_High
EXP.2,2024-05-06,24,14:00,2024-05-06 14:00:00,R3T2,T2,6.5,2.2,1.1,21.9,52.5,25.73,439.29,20.535,16.73,25.73,55.959583333333335,462.6325,24.0,6.5,0.0,6.533333333333334,2.18,0.020000000000000018,2.1966666666666668,21.9,0.0,21.933333333333334,35770.0,Normal,WaterTemp_Low
EXP.1,2024-03-20,11,10:00,2024-03-20 10:00:00,R1T1,T1,5.4,1.9,0.95,22.2,51.46,22.97,436.88,18.465833333333332,10.63,26.32,57.98916666666667,471.80041666666665,24.0,5.6,-0.1999999999999993,5.533333333333332,1.89,0.010000000000000009,1.89,25.1,-2.900000000000002,23.3,36200.0,pH_Low,Normal
EXP.1,2024-03-24,15,14:00,2024-03-24 14:00:00,R3T2,T2,5.8,1.66,0.83,26.7,53.74,24.9,432.04,17.954166666666666,12.38,24.9,58.39208333333334,463.9470833333333,24.0,,,5.8,,,1.7,,,26.799999999999997,,WaterTemp_High,Normal
EXP.3,2024-06-13,24,10:00,2024-06-13 10:00:00,R1T2,T2,7.4,2.85,1.425,22.0,64.0,27.83,449.24,26.022916666666664,22.96,30.33,65.69125,447.28833333333336,24.0,,,7.4,2.91,-0.06000000000000005,2.9800000000000004,22.6,-0.6000000000000014,22.933333333333334,23290.0,Multiple_Stress,Multiple_Stress
EXP.1,2024-03-12,3,10:00,2024-03-12 10:00:00,R1T2,T2,5.4,1.98,0.99,21.4,50.18,23.12,411.77,17.968125,11.27,25.45,57.156875,432.4475,16.0,5.4,0.0,5.466666666666666,1.94,0.040000000000000036,1.9533333333333331,22.5,-1.1000000000000014,20.833333333333332,60540.0,pH_Low,pH_Low
EXP.3,2024-05-23,3,14:00,2024-05-23 14:00:00,R2T2,T2,7.7,2.2,1.1,24.1,54.77,27.05,431.44,25.587500000000002,23.22,30.39,61.07333333333333,448.56375,24.0,7.6,0.10000000000000053,7.666666666666667,1.76,0.44000000000000017,2.1533333333333333,22.5,1.6000000000000014,22.599999999999998,33360.0,pH_High,pH_High
EXP.1,2024-03-20,11,10:00,2024-03-20 10:00:00,R1T2,T2,5.0,1.93,0.965,24.1,51.46,22.97,436.88,18.465833333333332,10.63,26.32,57.98916666666667,471.80041666666665,24.0,5.2,-0.20000000000000018,5.133333333333333,1.87,0.05999999999999983,1.9033333333333333,25.4,-1.2999999999999972,24.733333333333334,36200.0,pH_Low,Normal
EXP.2,2024-04-28,16,14:00,2024-04-28 14:00:00,R2T1,T1,5.9,1.7,0.85,26.2,56.07,24.15,442.47,22.252499999999998,18.61,27.42,61.467083333333335,463.61291666666665,24.0,5.9,0.0,5.933333333333334,1.7,0.0,1.7,22.0,4.199999999999999,24.799999999999997,32660.0,WaterTemp_High,Normal
EXP.2,2024-04-26,14,14:00,2024-04-26 14:00:00,R2T2,T2,5.7,2.29,1.145,26.9,55.75,23.24,436.06,22.731739130434786,18.97,27.27,60.44869565217391,453.9904347826087,23.0,5.7,0.0,5.633333333333333,2.3,-0.009999999999999787,2.2966666666666664,23.9,3.0,26.133333333333336,46260.0,WaterTemp_High,Normal
EXP.1,2024-04-03,25,14:00,2024-04-03 14:00:00,R2T2,T2,6.6,1.55,,27.2,61.7,26.3,,,,,,,,6.5,0.09999999999999964,6.6000000000000005,1.56,-0.010000000000000009,1.5766666666666669,24.5,2.6999999999999993,26.399999999999995,65870.0,WaterTemp_High,Multiple_Stress
EXP.3,2024-05-21,1,10:00,2024-05-21 10:00:00,R3T1,T1,7.6,2.6,1.3,21.3,56.85,27.24,457.03,25.346666666666668,22.29,27.7,59.06458333333333,450.37083333333334,24.0,,,7.6,,,2.6,,,21.3,,Multiple_Stress,pH_High
EXP.2,2024-05-12,30,10:00,2024-05-12 10:00:00,R3T2,T2,6.9,1.93,0.965,20.4,58.0,23.38,443.59,21.3575,17.48,25.23,59.34791666666666,446.99291666666664,24.0,6.6,0.3000000000000007,6.633333333333333,1.98,-0.050000000000000044,2.0166666666666666,22.0,-1.6000000000000014,20.333333333333332,33100.0,Normal,Normal
EXP.3,2024-05-23,3,14:00,2024-05-23 14:00:00,R2T2,T2,7.7,2.2,1.1,24.1,54.77,27.05,431.44,25.587500000000002,23.22,30.39,61.07333333333333,448.56375,24.0,7.6,0.10000000000000053,7.666666666666667,1.76,0.44000000000000017,2.1533333333333333,22.5,1.6000000000000014,22.599999999999998,33360.0,pH_High,pH_High
EXP.2,2024-04-24,12,10:00,2024-04-24 10:00:00,R1T2,T2,5.8,2.18,1.09,25.6,43.51,34.4,469.54,26.683333333333334,19.89,34.84,50.62583333333333,442.87125,24.0,5.8,0.0,5.766666666666667,2.18,0.0,2.18,22.9,2.700000000000003,24.433333333333334,7254.0,Multiple_Stress,Multiple_Stress
EXP.3,2024-06-14,25,14:00,2024-06-14 14:00:00,R1T2,T2,7.3,3.2,1.6,31.3,37.73,44.49,493.81,30.522499999999997,24.39,44.49,57.343333333333334,456.2191666666667,24.0,7.3,0.0,7.233333333333333,3.01,0.1900000000000004,3.0766666666666667,23.3,8.0,26.133333333333336,28890.0,Multiple_Stress,Multiple_Stress
EXP.3,2024-05-21,1,14:00,2024-05-21 14:00:00,R1T1,T1,6.8,2.6,1.3,22.5,53.42,27.65,426.63,25.346666666666668,22.29,27.7,59.06458333333333,450.37083333333334,24.0,6.9,-0.10000000000000053,6.85,2.17,0.43000000000000016,2.385,21.4,1.1000000000000014,21.95,,EC_High,EC_High
EXP.3,2024-06-10,21,14:00,2024-06-10 14:00:00,R1T2,T2,7.0,2.77,1.385,24.1,60.1,28.96,436.92,25.564166666666665,23.01,29.41,66.66666666666667,453.6458333333333,24.0,6.7,0.2999999999999998,6.8,2.77,0.0,2.766666666666666,21.0,3.1000000000000014,22.8,,EC_High,Multiple_Stress
EXP.2,2024-05-10,28,14:00,2024-05-10 14:00:00,R1T1,T1,6.6,1.74,0.87,21.5,50.75,25.01,410.95,23.433333333333334,20.66,26.33,53.267500000000005,426.5108333333333,24.0,6.5,0.09999999999999964,6.466666666666666,1.78,-0.040000000000000036,1.763333333333333,18.9,2.6000000000000014,20.333333333333332,22800.0,Normal,Normal
EXP.3,2024-05-23,3,14:00,2024-05-23 14:00:00,R1T2,T2,7.6,1.79,0.895,24.0,54.77,27.05,431.44,25.587500000000002,23.22,30.39,61.07333333333333,448.56375,24.0,7.6,0.0,7.566666666666666,1.73,0.06000000000000005,2.1066666666666665,22.1,1.8999999999999986,22.46666666666667,33360.0,pH_High,pH_High
EXP.1,2024-03-26,17,14:00,2024-03-26 14:00:00,R3T1,T1,5.9,1.82,0.91,24.3,49.47,22.7,426.84,18.962083333333336,11.18,26.05,56.142500000000005,478.01416666666665,24.0,5.9,0.0,5.9,1.82,0.0,1.82,22.7,1.6000000000000014,23.5,,Humidity_Low,Humidity_Low
EXP.1,2024-04-04,26,14:00,2024-04-04 14:00:00,R2T1,T1,6.0,1.86,,28.3,46.64,25.53,419.54,25.20266666666667,17.74,37.27,50.618,444.90333333333336,15.0,6.1,-0.09999999999999964,6.0,1.76,0.10000000000000009,1.7933333333333337,26.5,1.8000000000000007,26.433333333333334,69530.0,Multiple_Stress,
EXP.3,2024-05-23,3,10:00,2024-05-23 10:00:00,R3T1,T1,7.2,1.75,0.875,22.5,58.77,27.08,448.88,25.587500000000002,23.22,30.39,61.07333333333333,448.56375,24.0,7.1,0.10000000000000053,7.266666666666667,2.55,-0.7999999999999998,2.143333333333333,21.5,1.0,22.100000000000005,1664.0,pH_High,pH_High
EXP.2,2024-05-12,30,10:00,2024-05-12 10:00:00,R1T1,T1,7.1,1.75,0.875,19.8,58.0,23.38,443.59,21.3575,17.48,25.23,59.34791666666666,446.99291666666664,24.0,6.5,0.5999999999999996,6.7,1.74,0.010000000000000009,1.7599999999999998,23.1,-3.3000000000000007,20.566666666666666,33100.0,pH_High,pH_High
EXP.1,2024-03-18,9,10:00,2024-03-18 10:00:00,R3T1,T1,5.5,1.97,0.985,23.8,53.95,26.53,426.75,18.576249999999998,13.61,26.53,59.49125,457.72125,24.0,5.4,0.09999999999999964,5.6000000000000005,1.96,0.010000000000000009,1.9833333333333334,23.9,-0.09999999999999787,23.933333333333334,27600.0,Normal,Normal
EXP.2,2024-04-14,2,14:00,2024-04-14 14:00:00,R1T1,T1,6.9,1.88,0.94,21.7,64.2,25.3,,,,,,,,7.0,-0.09999999999999964,6.8999999999999995,1.87,0.009999999999999787,1.87,18.6,3.099999999999998,19.599999999999998,12720.0,Normal,Normal
EXP.3,2024-06-09,20,10:00,2024-06-09 10:00:00,R2T1,T1,6.3,3.05,1.525,21.9,63.88,27.41,442.02,25.879583333333333,23.42,28.86,65.02166666666666,441.12166666666667,24.0,6.2,0.09999999999999964,6.233333333333333,3.05,0.0,3.05,25.1,-3.200000000000003,23.233333333333334,,EC_High,EC_High
EXP.1,2024-03-16,7,14:00,2024-03-16 14:00:00,R2T1,T1,6.1,2.01,1.005,23.6,51.83,25.06,418.29,19.078333333333333,13.63,26.09,57.51125,455.28416666666664,24.0,5.9,0.1999999999999993,5.966666666666666,2.01,0.0,2.016666666666666,24.1,-0.5,24.200000000000003,,Normal,Normal
EXP.2,2024-04-26,14,14:00,2024-04-26 14:00:00,R3T2,T2,5.6,2.23,1.115,27.0,55.75,23.24,436.06,22.731739130434786,18.97,27.27,60.44869565217391,453.9904347826087,23.0,5.5,0.09999999999999964,5.533333333333332,2.25,-0.020000000000000018,2.2466666666666666,23.8,3.1999999999999993,26.133333333333336,46260.0,WaterTemp_High,Normal
EXP.3,2024-05-23,3,10:00,2024-05-23 10:00:00,R2T2,T2,7.6,1.76,0.88,22.5,58.77,27.08,448.88,25.587500000000002,23.22,30.39,61.07333333333333,448.56375,24.0,7.7,-0.10000000000000053,7.633333333333333,2.5,-0.74,2.2533333333333334,21.2,1.3000000000000007,22.3,1664.0,pH_High,pH_High
EXP.2,2024-05-12,30,14:00,2024-05-12 14:00:00,R1T1,T1,7.1,1.76,0.88,22.5,54.47,24.42,427.85,21.3575,17.48,25.23,59.34791666666666,446.99291666666664,24.0,7.1,0.0,6.8999999999999995,1.75,0.010000000000000009,1.7499999999999998,19.8,2.6999999999999993,21.8,3090.0,pH_High,
EXP.3,2024-06-17,28,14:00,2024-06-17 14:00:00,R3T1,T1,7.5,3.06,1.53,22.1,56.84,27.5,439.5,25.07375,22.48,27.5,63.709583333333335,456.3416666666667,24.0,7.5,0.0,7.466666666666666,2.99,0.06999999999999984,3.22,21.1,1.0,22.100000000000005,,Multiple_Stress,Multiple_Stress
EXP.2,2024-04-24,12,14:00,2024-04-24 14:00:00,R2T1,T1,5.9,1.74,0.87,27.9,42.44,30.86,413.91,26.683333333333334,19.89,34.84,50.62583333333333,442.87125,24.0,5.8,0.10000000000000053,5.8,1.71,0.030000000000000027,1.7266666666666666,25.2,2.6999999999999993,26.833333333333332,5162.0,Multiple_Stress,Normal
EXP.2,2024-04-19,7,14:00,2024-04-19 14:00:00,R3T2,T2,6.9,2.25,1.125,27.6,50.41,26.37,425.01,22.238333333333333,17.55,28.12,58.35375,454.3254166666666,24.0,5.8,1.1000000000000005,6.333333333333333,2.27,-0.020000000000000018,2.24,25.8,1.8000000000000007,26.666666666666668,,WaterTemp_High,Normal
EXP.1,2024-03-26,17,14:00,2024-03-26 14:00:00,R2T1,T1,6.0,1.82,0.91,24.8,49.47,22.7,426.84,18.962083333333336,11.18,26.05,56.142500000000005,478.01416666666665,24.0,6.0,0.0,6.0,1.81,0.010000000000000009,1.8150000000000004,21.9,2.900000000000002,23.35,,Humidity_Low,Humidity_Low
EXP.2,2024-05-05,23,14:00,2024-05-05 14:00:00,R3T1,T1,6.4,2.8,1.4,22.3,52.18,22.72,438.32,20.685,16.17,28.31,54.78863636363636,459.26,22.0,6.4,0.0,6.4,2.29,0.5099999999999998,2.4066666666666667,19.0,3.3000000000000007,21.433333333333337,41770.0,EC_High,Multiple_Stress
EXP.1,2024-03-20,11,10:00,2024-03-20 10:00:00,R1T1,T1,5.4,1.9,0.95,22.2,51.46,22.97,436.88,18.465833333333332,10.63,26.32,57.98916666666667,471.80041666666665,24.0,5.6,-0.1999999999999993,5.533333333333332,1.89,0.010000000000000009,1.89,25.1,-2.900000000000002,23.3,36200.0,pH_Low,Normal
EXP.1,2024-03-12,3,10:00,2024-03-12 10:00:00,R1T1,T1,5.7,1.95,0.975,22.0,50.18,23.12,411.77,17.968125,11.27,25.45,57.156875,432.4475,16.0,5.2,0.5,5.3999999999999995,2.0,-0.050000000000000044,1.9833333333333334,23.9,-1.8999999999999986,21.733333333333334,60540.0,Normal,Normal
EXP.3,2024-05-23,3,10:00,2024-05-23 10:00:00,R3T2,T2,7.7,1.75,0.875,22.8,58.77,27.08,448.88,25.587500000000002,23.22,30.39,61.07333333333333,448.56375,24.0,7.6,0.10000000000000053,7.6000000000000005,2.8,-1.0499999999999998,2.4166666666666665,22.0,0.8000000000000007,22.833333333333332,1664.0,pH_High,Multiple_Stress
EXP.1,2024-03-12,3,10:00,2024-03-12 10:00:00,R1T2,T2,5.4,1.98,0.99,21.4,50.18,23.12,411.77,17.968125,11.27,25.45,57.156875,432.4475,16.0,5.4,0.0,5.466666666666666,1.94,0.040000000000000036,1.9533333333333331,22.5,-1.1000000000000014,20.833333333333332,60540.0,pH_Low,pH_Low
EXP.1,2024-03-28,19,14:00,2024-03-28 14:00:00,R3T1,T1,,,0.0,,50.84,24.77,426.76,21.36791666666667,14.18,27.25,55.85958333333334,470.43625,24.0,6.1,,6.25,1.79,,1.7849999999999997,24.9,,24.95,,Normal,WaterTemp_High
EXP.1,2024-03-12,3,14:00,2024-03-12 14:00:00,R3T2,T2,6.3,1.86,0.93,26.0,50.59,22.78,404.6,17.968125,11.27,25.45,57.156875,432.4475,16.0,6.9,-0.6000000000000005,6.266666666666667,1.54,0.32000000000000006,1.8533333333333335,22.6,3.3999999999999986,23.833333333333332,45190.0,Normal,Normal
EXP.2,2024-04-14,2,14:00,2024-04-14 14:00:00,R2T1,T1,7.0,1.74,0.87,21.0,64.2,25.3,,,,,,,,7.0,0.0,6.8999999999999995,1.67,0.07000000000000006,1.6900000000000002,18.3,2.6999999999999993,19.366666666666667,12720.0,Normal,Normal
EXP.1,2024-04-03,25,10:00,2024-04-03 10:00:00,R3T1,T1,6.3,1.53,0.765,25.0,,,,,,,,,,6.4,-0.10000000000000053,6.366666666666667,1.6,-0.07000000000000006,1.5766666666666669,27.0,-2.0,25.833333333333332,,Normal,WaterTemp_High
EXP.2,2024-04-20,8,14:00,2024-04-20 14:00:00,R3T1,T1,5.8,1.78,0.89,27.6,49.29,26.91,418.79,22.569999999999997,16.61,29.55,57.791666666666664,447.3833333333334,24.0,5.6,0.20000000000000018,5.8999999999999995,1.78,0.0,1.7700000000000002,24.6,3.0,26.8,,Multiple_Stress,Normal
EXP.3,2024-06-10,21,14:00,2024-06-10 14:00:00,R3T2,T2,7.0,2.91,1.455,24.9,60.1,28.96,436.92,25.564166666666665,23.01,29.41,66.66666666666667,453.6458333333333,24.0,6.8,0.20000000000000018,6.866666666666667,2.91,0.0,2.9133333333333336,21.7,3.1999999999999993,23.46666666666667,,EC_High,Multiple_Stress
EXP.2,2024-04-22,10,10:00,2024-04-22 10:00:00,R2T1,T1,6.0,1.71,0.855,23.8,49.44,25.39,445.85,22.242083333333337,16.06,27.87,56.00833333333333,462.3645833333333,24.0,6.2,-0.20000000000000018,5.966666666666666,1.73,-0.020000000000000018,1.7333333333333334,25.8,-2.0,24.233333333333334,77040.0,Humidity_Low,Humidity_Low
EXP.1,2024-03-12,3,10:00,2024-03-12 10:00:00,R1T2,T2,5.4,1.98,0.99,21.4,50.18,23.12,411.77,17.968125,11.27,25.45,57.156875,432.4475,16.0,5.4,0.0,5.466666666666666,1.94,0.040000000000000036,1.9533333333333331,22.5,-1.1000000000000014,20.833333333333332,60540.0,pH_Low,pH_Low
EXP.2,2024-05-04,22,14:00,2024-05-04 14:00:00,R1T1,T1,6.5,2.9,1.45,23.5,56.91,24.39,443.4,22.152916666666666,17.85,26.65,62.1775,466.26875,24.0,6.7,-0.20000000000000018,6.566666666666666,2.4,0.5,2.1333333333333333,20.0,3.5,22.366666666666664,32550.0,EC_High,Normal
EXP.3,2024-06-13,24,14:00,2024-06-13 14:00:00,R1T1,T1,7.3,3.16,1.58,25.2,57.17,30.33,437.98,26.022916666666664,22.96,30.33,65.69125,447.28833333333336,24.0,7.2,0.09999999999999964,7.133333333333333,2.87,0.29000000000000004,3.0433333333333334,22.5,2.6999999999999993,23.966666666666665,23550.0,Multiple_Stress,Multiple_Stress
EXP.2,2024-04-30,18,14:00,2024-04-30 14:00:00,R3T1,T1,6.2,1.79,0.895,26.3,57.39,24.31,440.96,22.271666666666665,18.46,26.36,62.16041666666666,453.81333333333333,24.0,6.2,0.0,6.166666666666667,1.79,0.0,1.7599999999999998,23.2,3.1000000000000014,24.899999999999995,37780.0,WaterTemp_High,Normal
EXP.1,2024-03-30,21,10:00,2024-03-30 10:00:00,R1T1,T1,6.9,1.71,0.855,26.5,54.83,25.98,436.82,21.84875,17.33,26.97,60.32583333333333,455.5841666666667,24.0,6.7,0.20000000000000018,6.800000000000001,1.87,-0.16000000000000014,1.79,26.7,-0.1999999999999993,26.6,,WaterTemp_High,WaterTemp_High
EXP.2,2024-04-22,10,14:00,2024-04-22 14:00:00,R1T2,T2,6.1,2.17,1.085,25.7,46.81,27.06,427.15,22.242083333333337,16.06,27.87,56.00833333333333,462.3645833333333,24.0,6.1,0.0,6.066666666666666,2.16,0.009999999999999787,2.1966666666666668,24.2,1.5,25.366666666666664,79490.0,Humidity_Low,Humidity_Low
EXP.1,2024-04-03,25,14:00,2024-04-03 14:00:00,R2T2,T2,6.6,1.55,,27.2,61.7,26.3,,,,,,,,6.5,0.09999999999999964,6.6000000000000005,1.56,-0.010000000000000009,1.5766666666666669,24.5,2.6999999999999993,26.399999999999995,65870.0,WaterTemp_High,Multiple_Stress
EXP.2,2024-05-04,22,14:00,2024-05-04 14:00:00,R2T2,T2,6.3,2.91,1.455,22.6,56.91,24.39,443.4,22.152916666666666,17.85,26.65,62.1775,466.26875,24.0,6.3,0.0,6.333333333333333,2.56,0.3500000000000001,2.69,19.3,3.3000000000000007,21.46666666666667,32550.0,EC_High,EC_High
EXP.3,2024-06-10,21,10:00,2024-06-10 10:00:00,R1T1,T1,6.1,2.73,1.365,21.6,66.53,27.37,481.77,25.564166666666665,23.01,29.41,66.66666666666667,453.6458333333333,24.0,6.1,0.0,6.1,2.68,0.04999999999999982,2.72,23.7,-2.099999999999998,22.400000000000002,,EC_High,EC_High
EXP.1,2024-03-20,11,10:00,2024-03-20 10:00:00,R1T2,T2,5.0,1.93,0.965,24.1,51.46,22.97,436.88,18.465833333333332,10.63,26.32,57.98916666666667,471.80041666666665,24.0,5.2,-0.20000000000000018,5.133333333333333,1.87,0.05999999999999983,1.9033333333333333,25.4,-1.2999999999999972,24.733333333333334,36200.0,pH_Low,Normal
EXP.3,2024-05-21,1,14:00,2024-05-21 14:00:00,R2T2,T2,7.6,2.5,1.25,23.2,53.42,27.65,426.63,25.346666666666668,22.29,27.7,59.06458333333333,450.37083333333334,24.0,7.8,-0.20000000000000018,7.699999999999999,2.8,-0.2999999999999998,2.65,21.3,1.8999999999999986,22.25,,pH_High,pH_High
EXP.1,2024-03-19,10,10:00,2024-03-19 10:00:00,R1T2,T2,5.2,1.87,0.935,25.4,54.42,26.66,437.08,18.850416666666664,12.59,28.13,59.45541666666667,459.2029166666667,24.0,5.2,0.0,5.166666666666667,1.91,-0.039999999999999813,1.89,24.7,0.6999999999999993,25.0,75050.0,pH_Low,pH_Low
EXP.3,2024-06-18,29,10:00,2024-06-18 10:00:00,R3T1,T1,7.5,2.99,1.495,21.1,64.8,26.89,454.87,25.60875,23.2,28.48,65.8225,452.4554166666667,24.0,7.5,0.0,7.5,3.06,-0.06999999999999984,3.0133333333333336,22.1,-1.0,21.433333333333334,,Multiple_Stress,
EXP.1,2024-03-20,11,10:00,2024-03-20 10:00:00,R1T1,T1,5.4,1.9,0.95,22.2,51.46,22.97,436.88,18.465833333333332,10.63,26.32,57.98916666666667,471.80041666666665,24.0,5.6,-0.1999999999999993,5.533333333333332,1.89,0.010000000000000009,1.89,25.1,-2.900000000000002,23.3,36200.0,pH_Low,Normal
EXP.3,2024-06-10,21,10:00,2024-06-10 10:00:00,R1T2,T2,6.7,2.77,1.385,21.0,66.53,27.37,481.77,25.564166666666665,23.01,29.41,66.66666666666667,453.6458333333333,24.0,6.7,0.0,6.733333333333334,2.76,0.010000000000000231,2.76,23.3,-2.3000000000000007,22.066666666666663,,EC_High,EC_High
EXP.2,2024-05-12,30,14:00,2024-05-12 14:00:00,R1T1,T1,7.1,1.76,0.88,22.5,54.47,24.42,427.85,21.3575,17.48,25.23,59.34791666666666,446.99291666666664,24.0,7.1,0.0,6.8999999999999995,1.75,0.010000000000000009,1.7499999999999998,19.8,2.6999999999999993,21.8,3090.0,pH_High,
EXP.2,2024-04-30,18,10:00,2024-04-30 10:00:00,R1T1,T1,6.4,1.74,0.87,23.2,60.1,24.32,452.01,22.271666666666665,18.46,26.36,62.16041666666666,453.81333333333333,24.0,6.1,0.3000000000000007,6.2,1.72,0.020000000000000018,1.7266666666666666,25.0,-1.8000000000000007,23.399999999999995,33450.0,Normal,WaterTemp_High
EXP.2,2024-04-23,11,10:00,2024-04-23 10:00:00,R2T1,T1,5.5,1.71,0.855,24.5,47.19,30.0,442.42,24.49625,17.34,34.79,53.95791666666667,456.20625,24.0,5.9,-0.40000000000000036,5.8,1.71,0.0,1.71,25.6,-1.1000000000000014,24.633333333333336,70360.0,Humidity_Low,Multiple_Stress
EXP.3,2024-06-10,21,14:00,2024-06-10 14:00:00,R2T1,T1,6.5,3.02,1.51,24.9,60.1,28.96,436.92,25.564166666666665,23.01,29.41,66.66666666666667,453.6458333333333,24.0,6.2,0.2999999999999998,6.366666666666667,3.1,-0.08000000000000007,3.0533333333333332,21.2,3.6999999999999993,23.266666666666666,,EC_High,EC_High
EXP.3,2024-05-22,2,10:00,2024-05-22 10:00:00,R1T1,T1,7.0,2.6,1.3,21.7,58.98,26.31,442.47,25.58583333333333,23.05,28.88,60.81166666666667,445.5541666666666,24.0,6.8,0.20000000000000018,6.8999999999999995,2.6,0.0,2.4566666666666666,22.5,-0.8000000000000007,21.866666666666664,1944.0,EC_High,pH_High
EXP.1,2024-03-23,14,14:00,2024-03-23 14:00:00,R2T1,T1,,,0.0,,48.25,24.7,408.7,18.180799999999998,10.34,25.37,56.098,457.46479999999997,25.0,5.7,,5.749999999999999,1.88,,1.88,24.4,,24.199999999999996,,Humidity_Low,Normal
EXP.3,2024-06-10,21,14:00,2024-06-10 14:00:00,R3T1,T1,6.4,2.8,1.4,24.2,60.1,28.96,436.92,25.564166666666665,23.01,29.41,66.66666666666667,453.6458333333333,24.0,6.2,0.20000000000000018,6.266666666666667,2.86,-0.06000000000000005,2.83,21.0,3.1999999999999993,22.933333333333337,,EC_High,EC_High
EXP.1,2024-03-28,19,10:00,2024-03-28 10:00:00,R3T2,T2,6.0,1.82,0.91,28.2,51.56,23.93,425.26,21.36791666666667,14.18,27.25,55.85958333333334,470.43625,24.0,6.1,-0.09999999999999964,6.199999999999999,1.82,0.0,1.82,27.9,0.3000000000000007,28.0,47100.0,WaterTemp_High,Normal
EXP.2,2024-05-12,30,10:00,2024-05-12 10:00:00,R1T1,T1,7.1,1.75,0.875,19.8,58.0,23.38,443.59,21.3575,17.48,25.23,59.34791666666666,446.99291666666664,24.0,6.5,0.5999999999999996,6.7,1.74,0.010000000000000009,1.7599999999999998,23.1,-3.3000000000000007,20.566666666666666,33100.0,pH_High,pH_High
EXP.3,2024-05-21,1,14:00,2024-05-21 14:00:00,R1T1,T1,6.8,2.6,1.3,22.5,53.42,27.65,426.63,25.346666666666668,22.29,27.7,59.06458333333333,450.37083333333334,24.0,6.9,-0.10000000000000053,6.85,2.17,0.43000000000000016,2.385,21.4,1.1000000000000014,21.95,,EC_High,EC_High
EXP.1,2024-03-31,22,14:00,2024-03-31 14:00:00,R2T2,T2,,,0.0,,52.71,26.99,426.11,22.840416666666666,17.48,28.45,59.55291666666667,460.57124999999996,24.0,,,6.6,,,1.73,,,28.7,,Normal,Normal
EXP.2,2024-04-24,12,10:00,2024-04-24 10:00:00,R3T1,T1,5.9,1.72,0.86,25.4,43.51,34.4,469.54,26.683333333333334,19.89,34.84,50.62583333333333,442.87125,24.0,5.8,0.10000000000000053,5.8,1.76,-0.040000000000000036,1.7366666666666666,27.6,-2.200000000000003,25.76666666666667,7254.0,Multiple_Stress,Multiple_Stress
EXP.1,2024-03-28,19,10:00,2024-03-28 10:00:00,R3T2,T2,6.0,1.82,0.91,28.2,51.56,23.93,425.26,21.36791666666667,14.18,27.25,55.85958333333334,470.43625,24.0,6.1,-0.09999999999999964,6.199999999999999,1.82,0.0,1.82,27.9,0.3000000000000007,28.0,47100.0,WaterTemp_High,Normal
EXP.1,2024-04-03,25,14:00,2024-04-03 14:00:00,R3T2,T2,6.5,1.65,,28.6,61.7,26.3,,,,,,,,6.4,0.09999999999999964,6.466666666666668,1.64,0.010000000000000009,1.6666666666666667,28.4,0.20000000000000284,28.8,65870.0,WaterTemp_High,Multiple_Stress
EXP.3,2024-06-09,20,14:00,2024-06-09 14:00:00,R1T2,T2,6.7,2.76,1.38,23.3,58.81,27.94,420.01,25.879583333333333,23.42,28.86,65.02166666666666,441.12166666666667,24.0,6.8,-0.09999999999999964,6.733333333333333,2.75,0.009999999999999787,2.7533333333333334,21.9,1.4000000000000021,23.366666666666664,,EC_High,EC_High
EXP.3,2024-05-23,3,14:00,2024-05-23 14:00:00,R1T1,T1,7.0,1.97,0.985,23.9,54.77,27.05,431.44,25.587500000000002,23.22,30.39,61.07333333333333,448.56375,24.0,7.2,-0.20000000000000018,7.066666666666666,1.74,0.22999999999999998,2.103333333333333,22.3,1.5999999999999979,22.633333333333336,33360.0,Normal,Normal
EXP.2,2024-05-04,22,10:00,2024-05-04 10:00:00,R3T2,T2,6.4,2.23,1.115,20.3,62.99,23.26,466.06,22.152916666666666,17.85,26.65,62.1775,466.26875,24.0,6.4,0.0,6.433333333333334,2.35,-0.1200000000000001,2.296666666666667,22.8,-2.5,21.3,25700.0,Normal,Normal
EXP.2,2024-04-16,4,10:00,2024-04-16 10:00:00,R2T1,T1,7.0,1.33,0.665,25.2,57.77,28.28,485.7,24.50857142857143,19.07,28.57,57.79714285714285,455.0364285714286,14.0,7.0,0.0,7.0,1.74,-0.4099999999999999,1.58,21.0,4.199999999999999,21.5,7750.0,Normal,Multiple_Stress
EXP.1,2024-03-20,11,10:00,2024-03-20 10:00:00,R3T1,T1,5.3,2.01,1.005,23.6,51.46,22.97,436.88,18.465833333333332,10.63,26.32,57.98916666666667,471.80041666666665,24.0,5.5,-0.20000000000000018,5.433333333333334,1.95,0.05999999999999983,1.9766666666666666,24.3,-0.6999999999999993,23.900000000000002,36200.0,pH_Low,Normal
EXP.3,2024-06-14,25,14:00,2024-06-14 14:00:00,R2T2,T2,7.5,2.99,1.495,31.4,37.73,44.49,493.81,30.522499999999997,24.39,44.49,57.343333333333334,456.2191666666667,24.0,7.3,0.20000000000000018,7.3,3.19,-0.19999999999999973,3.1233333333333335,23.9,7.5,26.46666666666667,28890.0,Multiple_Stress,Multiple_Stress
EXP.3,2024-05-23,3,10:00,2024-05-23 10:00:00,R1T1,T1,7.2,1.74,0.87,22.3,58.77,27.08,448.88,25.587500000000002,23.22,30.39,61.07333333333333,448.56375,24.0,7.0,0.20000000000000018,7.0,2.6,-0.8600000000000001,2.3133333333333335,21.7,0.6000000000000014,22.166666666666668,1664.0,pH_High,Normal
EXP.3,2024-05-22,2,10:00,2024-05-22 10:00:00,R1T1,T1,7.0,2.6,1.3,21.7,58.98,26.31,442.47,25.58583333333333,23.05,28.88,60.81166666666667,445.5541666666666,24.0,6.8,0.20000000000000018,6.8999999999999995,2.6,0.0,2.4566666666666666,22.5,-0.8000000000000007,21.866666666666664,1944.0,EC_High,pH_High
EXP.2,2024-04-13,1,10:00,2024-04-13 10:00:00,R1T2,T2,6.6,2.46,1.23,18.3,69.0,24.6,,,,,,,,,,6.6,,,2.46,,,18.3,26660.0,Normal,Normal
EXP.1,2024-03-20,11,10:00,2024-03-20 10:00:00,R3T1,T1,5.3,2.01,1.005,23.6,51.46,22.97,436.88,18.465833333333332,10.63,26.32,57.98916666666667,471.80041666666665,24.0,5.5,-0.20000000000000018,5.433333333333334,1.95,0.05999999999999983,1.9766666666666666,24.3,-0.6999999999999993,23.900000000000002,36200.0,pH_Low,Normal
EXP.3,2024-05-23,3,14:00,2024-05-23 14:00:00,R3T1,T1,7.3,2.0,1.0,23.8,54.77,27.05,431.44,25.587500000000002,23.22,30.39,61.07333333333333,448.56375,24.0,7.2,0.09999999999999964,7.2,1.75,0.25,2.0999999999999996,22.5,1.3000000000000007,22.599999999999998,33360.0,pH_High,pH_High
EXP.1,2024-04-01,23,14:00,2024-04-01 14:00:00,R2T2,T2,7.3,0.92,0.46,27.2,52.18,26.42,410.96,22.912499999999998,17.47,30.8,57.57416666666666,448.78541666666666,24.0,6.8,0.5,7.05,1.27,-0.35,1.095,25.8,1.3999999999999986,26.5,,Multiple_Stress,Normal
EXP.1,2024-03-20,11,10:00,2024-03-20 10:00:00,R2T2,T2,5.4,1.99,0.995,22.1,51.46,22.97,436.88,18.465833333333332,10.63,26.32,57.98916666666667,471.80041666666665,24.0,5.7,-0.2999999999999998,5.633333333333333,1.94,0.050000000000000044,1.9633333333333332,23.0,-0.8999999999999986,22.633333333333336,36200.0,pH_Low,Normal
EXP.3,2024-05-23,3,10:00,2024-05-23 10:00:00,R3T1,T1,7.2,1.75,0.875,22.5,58.77,27.08,448.88,25.587500000000002,23.22,30.39,61.07333333333333,448.56375,24.0,7.1,0.10000000000000053,7.266666666666667,2.55,-0.7999999999999998,2.143333333333333,21.5,1.0,22.100000000000005,1664.0,pH_High,pH_High
EXP.2,2024-05-12,30,14:00,2024-05-12 14:00:00,R1T1,T1,7.1,1.76,0.88,22.5,54.47,24.42,427.85,21.3575,17.48,25.23,59.34791666666666,446.99291666666664,24.0,7.1,0.0,6.8999999999999995,1.75,0.010000000000000009,1.7499999999999998,19.8,2.6999999999999993,21.8,3090.0,pH_High,
EXP.1,2024-03-24,15,14:00,2024-03-24 14:00:00,R1T1,T1,6.0,1.72,0.86,24.5,53.74,24.9,432.04,17.954166666666666,12.38,24.9,58.39208333333334,463.9470833333333,24.0,,,5.9,,,1.795,,,24.6,,Normal,Normal
EXP.1,2024-03-15,6,10:00,2024-03-15 10:00:00,R3T2,T2,6.0,1.88,0.94,28.5,47.81,26.82,407.63,19.426666666666666,11.81,29.17,54.786249999999995,447.69416666666666,24.0,6.4,-0.40000000000000036,6.266666666666667,1.82,0.05999999999999983,1.8399999999999999,28.0,0.5,27.566666666666666,,Multiple_Stress,Normal
EXP.1,2024-03-23,14,14:00,2024-03-23 14:00:00,R2T1,T1,,,0.0,,48.25,24.7,408.7,18.180799999999998,10.34,25.37,56.098,457.46479999999997,25.0,5.7,,5.749999999999999,1.88,,1.88,24.4,,24.199999999999996,,Humidity_Low,Normal
EXP.1,2024-03-22,13,14:00,2024-03-22 14:00:00,R3T2,T2,5.8,1.74,0.87,26.9,49.81,23.95,406.99,18.142083333333336,10.66,25.6,57.46875,456.0833333333333,24.0,5.8,0.0,5.833333333333333,1.73,0.010000000000000009,1.7366666666666666,25.0,1.8999999999999986,25.733333333333334,,Multiple_Stress,Humidity_Low
EXP.2,2024-04-27,15,14:00,2024-04-27 14:00:00,R3T2,T2,5.8,2.23,1.115,26.5,56.15,23.47,437.55,22.160416666666666,18.46,26.74,61.01666666666667,458.7083333333333,24.0,5.7,0.09999999999999964,5.699999999999999,2.24,-0.010000000000000231,2.2333333333333334,22.4,4.100000000000001,25.3,29810.0,WaterTemp_High,Normal
EXP.3,2024-06-18,29,10:00,2024-06-18 10:00:00,R1T1,T1,7.4,3.32,1.66,22.5,64.8,26.89,454.87,25.60875,23.2,28.48,65.8225,452.4554166666667,24.0,7.3,0.10000000000000053,7.333333333333333,3.41,-0.0900000000000003,3.3466666666666662,23.4,-0.8999999999999986,22.566666666666666,,Multiple_Stress,
EXP.1,2024-03-14,5,14:00,2024-03-14 14:00:00,R3T2,T2,6.4,1.82,0.91,28.0,51.77,23.6,410.9,19.02125,13.28,25.03,59.577916666666674,449.6683333333333,24.0,6.4,0.0,6.433333333333334,1.82,0.0,1.8366666666666667,26.2,1.8000000000000007,26.733333333333334,,WaterTemp_High,Multiple_Stress
EXP.2,2024-04-30,18,14:00,2024-04-30 14:00:00,R2T2,T2,6.1,2.22,1.11,26.2,57.39,24.31,440.96,22.271666666666665,18.46,26.36,62.16041666666666,453.81333333333333,24.0,6.1,0.0,6.066666666666666,2.22,0.0,2.2433333333333336,23.5,2.6999999999999993,25.03333333333333,37780.0,WaterTemp_High,Normal
EXP.2,2024-04-14,2,14:00,2024-04-14 14:00:00,R2T2,T2,7.2,2.5,1.25,20.0,64.2,25.3,,,,,,,,6.7,0.5,7.0,2.26,0.2400000000000002,2.44,17.9,2.1000000000000014,18.8,12720.0,pH_High,Normal
EXP.3,2024-06-09,20,14:00,2024-06-09 14:00:00,R1T1,T1,6.1,2.68,1.34,23.7,58.81,27.94,420.01,25.879583333333333,23.42,28.86,65.02166666666666,441.12166666666667,24.0,6.1,0.0,6.1,2.75,-0.06999999999999984,2.7100000000000004,21.9,1.8000000000000007,23.633333333333336,,EC_High,EC_High
EXP.3,2024-06-14,25,10:00,2024-06-14 10:00:00,R3T2,T2,7.3,2.96,1.48,,49.68,40.45,468.82,30.522499999999997,24.39,44.49,57.343333333333334,456.2191666666667,24.0,7.2,0.09999999999999964,7.266666666666667,2.94,0.020000000000000018,3.01,24.5,,24.5,,Multiple_Stress,Multiple_Stress
EXP.1,2024-03-12,3,14:00,2024-03-12 14:00:00,R1T2,T2,5.4,1.98,0.99,25.4,50.59,22.78,404.6,17.968125,11.27,25.45,57.156875,432.4475,16.0,5.4,0.0,5.4,1.98,0.0,1.9666666666666668,21.4,4.0,23.099999999999998,45190.0,pH_Low,Normal
EXP.1,2024-04-01,23,14:00,2024-04-01 14:00:00,R3T1,T1,6.9,1.29,0.645,26.7,52.18,26.42,410.96,22.912499999999998,17.47,30.8,57.57416666666666,448.78541666666666,24.0,6.6,0.3000000000000007,6.75,1.64,-0.34999999999999987,1.4649999999999999,25.4,1.3000000000000007,26.049999999999997,,WaterTemp_High,Normal
EXP.1,2024-03-26,17,14:00,2024-03-26 14:00:00,R2T1,T1,6.0,1.82,0.91,24.8,49.47,22.7,426.84,18.962083333333336,11.18,26.05,56.142500000000005,478.01416666666665,24.0,6.0,0.0,6.0,1.81,0.010000000000000009,1.8150000000000004,21.9,2.900000000000002,23.35,,Humidity_Low,Humidity_Low
EXP.1,2024-03-18,9,10:00,2024-03-18 10:00:00,R3T2,T2,5.6,1.81,0.905,27.9,53.95,26.53,426.75,18.576249999999998,13.61,26.53,59.49125,457.72125,24.0,5.4,0.1999999999999993,5.666666666666667,1.77,0.040000000000000036,1.8333333333333333,27.1,0.7999999999999972,26.566666666666663,27600.0,WaterTemp_High,WaterTemp_High
EXP.1,2024-03-19,10,10:00,2024-03-19 10:00:00,R1T2,T2,5.2,1.87,0.935,25.4,54.42,26.66,437.08,18.850416666666664,12.59,28.13,59.45541666666667,459.2029166666667,24.0,5.2,0.0,5.166666666666667,1.91,-0.039999999999999813,1.89,24.7,0.6999999999999993,25.0,75050.0,pH_Low,pH_Low
EXP.2,2024-04-27,15,14:00,2024-04-27 14:00:00,R1T2,T2,5.9,2.19,1.095,26.4,56.15,23.47,437.55,22.160416666666666,18.46,26.74,61.01666666666667,458.7083333333333,24.0,5.8,0.10000000000000053,5.8,2.2,-0.010000000000000231,2.1966666666666668,22.2,4.199999999999999,25.099999999999998,29810.0,WaterTemp_High,Normal
EXP.1,2024-04-03,25,14:00,2024-04-03 14:00:00,R2T1,T1,6.1,1.76,,26.5,61.7,26.3,,,,,,,,5.9,0.1999999999999993,6.033333333333334,1.76,0.0,1.78,24.5,2.0,26.333333333333332,65870.0,WaterTemp_High,Multiple_Stress
EXP.2,2024-04-22,10,10:00,2024-04-22 10:00:00,R2T1,T1,6.0,1.71,0.855,23.8,49.44,25.39,445.85,22.242083333333337,16.06,27.87,56.00833333333333,462.3645833333333,24.0,6.2,-0.20000000000000018,5.966666666666666,1.73,-0.020000000000000018,1.7333333333333334,25.8,-2.0,24.233333333333334,77040.0,Humidity_Low,Humidity_Low
EXP.2,2024-04-23,11,10:00,2024-04-23 10:00:00,R2T2,T2,5.6,2.29,1.145,24.8,47.19,30.0,442.42,24.49625,17.34,34.79,53.95791666666667,456.20625,24.0,5.9,-0.3000000000000007,5.833333333333333,2.28,0.010000000000000231,2.283333333333333,25.7,-0.8999999999999986,24.900000000000002,70360.0,Humidity_Low,Multiple_Stress
EXP.2,2024-05-06,24,14:00,2024-05-06 14:00:00,R2T2,T2,6.4,2.55,1.275,22.1,52.5,25.73,439.29,20.535,16.73,25.73,55.959583333333335,462.6325,24.0,6.5,-0.09999999999999964,6.433333333333334,2.18,0.36999999999999966,2.413333333333333,18.2,3.900000000000002,20.73333333333333,35770.0,EC_High,WaterTemp_Low
EXP.1,2024-03-20,11,10:00,2024-03-20 10:00:00,R1T1,T1,5.4,1.9,0.95,22.2,51.46,22.97,436.88,18.465833333333332,10.63,26.32,57.98916666666667,471.80041666666665,24.0,5.6,-0.1999999999999993,5.533333333333332,1.89,0.010000000000000009,1.89,25.1,-2.900000000000002,23.3,36200.0,pH_Low,Normal
EXP.3,2024-06-10,21,10:00,2024-06-10 10:00:00,R1T2,T2,6.7,2.77,1.385,21.0,66.53,27.37,481.77,25.564166666666665,23.01,29.41,66.66666666666667,453.6458333333333,24.0,6.7,0.0,6.733333333333334,2.76,0.010000000000000231,2.76,23.3,-2.3000000000000007,22.066666666666663,,EC_High,EC_High
EXP.1,2024-03-11,2,14:00,2024-03-11 14:00:00,R1T1,T1,5.2,2.0,1.0,23.9,48.13,24.63,413.96,17.557916666666667,9.81,25.72,55.17083333333333,448.75083333333333,24.0,5.3,-0.09999999999999964,5.8,2.0,0.0,1.87,19.3,4.599999999999998,21.900000000000002,61270.0,Multiple_Stress,Normal
EXP.1,2024-03-10,1,14:00,2024-03-10 14:00:00,R1T1,T1,6.9,1.61,0.8,22.5,47.64,24.74,410.58,20.493846153846157,13.26,25.27,50.81230769230769,429.5115384615384,13.0,,,6.9,,,1.61,,,22.5,48300.0,Humidity_Low,Multiple_Stress
EXP.1,2024-03-20,11,10:00,2024-03-20 10:00:00,R2T2,T2,5.4,1.99,0.995,22.1,51.46,22.97,436.88,18.465833333333332,10.63,26.32,57.98916666666667,471.80041666666665,24.0,5.7,-0.2999999999999998,5.633333333333333,1.94,0.050000000000000044,1.9633333333333332,23.0,-0.8999999999999986,22.633333333333336,36200.0,pH_Low,Normal
EXP.3,2024-05-22,2,10:00,2024-05-22 10:00:00,R2T1,T1,7.2,2.63,1.315,21.7,58.98,26.31,442.47,25.58583333333333,23.05,28.88,60.81166666666667,445.5541666666666,24.0,7.1,0.10000000000000053,7.166666666666667,2.62,0.009999999999999787,2.6233333333333335,22.8,-1.1000000000000014,21.933333333333334,1944.0,Multiple_Stress,Normal
EXP.2,2024-05-06,24,14:00,2024-05-06 14:00:00,R2T2,T2,6.4,2.55,1.275,22.1,52.5,25.73,439.29,20.535,16.73,25.73,55.959583333333335,462.6325,24.0,6.5,-0.09999999999999964,6.433333333333334,2.18,0.36999999999999966,2.413333333333333,18.2,3.900000000000002,20.73333333333333,35770.0,EC_High,WaterTemp_Low
EXP.2,2024-04-26,14,14:00,2024-04-26 14:00:00,R1T2,T2,5.7,2.2,1.1,26.7,55.75,23.24,436.06,22.731739130434786,18.97,27.27,60.44869565217391,453.9904347826087,23.0,5.6,0.10000000000000053,5.633333333333333,2.2,0.0,2.2,23.7,3.0,25.966666666666665,46260.0,WaterTemp_High,Normal
EXP.1,2024-04-01,23,14:00,2024-04-01 14:00:00,R3T1,T1,6.9,1.29,0.645,26.7,52.18,26.42,410.96,22.912499999999998,17.47,30.8,57.57416666666666,448.78541666666666,24.0,6.6,0.3000000000000007,6.75,1.64,-0.34999999999999987,1.4649999999999999,25.4,1.3000000000000007,26.049999999999997,,WaterTemp_High,Normal
EXP.3,2024-06-08,19,10:00,2024-06-08 10:00:00,R2T1,T1,6.2,3.05,1.525,22.7,61.53,28.84,461.1,26.795833333333334,23.75,31.0,63.401250000000005,459.2945833333333,24.0,6.8,-0.5999999999999996,6.533333333333334,2.02,1.0299999999999998,2.21,22.5,0.1999999999999993,23.03333333333333,,EC_High,Multiple_Stress
EXP.2,2024-05-06,24,14:00,2024-05-06 14:00:00,R3T1,T1,6.4,2.6,1.3,21.0,52.5,25.73,439.29,20.535,16.73,25.73,55.959583333333335,462.6325,24.0,6.5,-0.09999999999999964,6.433333333333334,2.8,-0.19999999999999973,2.733333333333333,17.3,3.6999999999999993,20.200000000000003,35770.0,EC_High,WaterTemp_Low
EXP.3,2024-05-23,3,10:00,2024-05-23 10:00:00,R3T1,T1,7.2,1.75,0.875,22.5,58.77,27.08,448.88,25.587500000000002,23.22,30.39,61.07333333333333,448.56375,24.0,7.1,0.10000000000000053,7.266666666666667,2.55,-0.7999999999999998,2.143333333333333,21.5,1.0,22.100000000000005,1664.0,pH_High,pH_High
EXP.3,2024-05-21,1,14:00,2024-05-21 14:00:00,R3T1,T1,7.5,2.13,1.065,22.3,53.42,27.65,426.63,25.346666666666668,22.29,27.7,59.06458333333333,450.37083333333334,24.0,7.6,-0.09999999999999964,7.55,2.6,-0.4700000000000002,2.365,21.3,1.0,21.8,,pH_High,Multiple_Stress
EXP.2,2024-04-14,2,14:00,2024-04-14 14:00:00,R3T1,T1,7.1,1.95,0.975,20.6,64.2,25.3,,,,,,,,6.8,0.2999999999999998,6.866666666666667,1.9,0.050000000000000044,1.9266666666666665,18.1,2.5,18.900000000000002,12720.0,pH_High,Normal
EXP.3,2024-05-22,2,10:00,2024-05-22 10:00:00,R2T2,T2,7.7,2.5,1.25,21.2,58.98,26.31,442.47,25.58583333333333,23.05,28.88,60.81166666666667,445.5541666666666,24.0,7.6,0.10000000000000053,7.7,2.5,0.0,2.6,23.2,-2.0,21.900000000000002,1944.0,pH_High,pH_High
EXP.1,2024-03-20,11,10:00,2024-03-20 10:00:00,R1T2,T2,5.0,1.93,0.965,24.1,51.46,22.97,436.88,18.465833333333332,10.63,26.32,57.98916666666667,471.80041666666665,24.0,5.2,-0.20000000000000018,5.133333333333333,1.87,0.05999999999999983,1.9033333333333333,25.4,-1.2999999999999972,24.733333333333334,36200.0,pH_Low,Normal
EXP.2,2024-04-26,14,14:00,2024-04-26 14:00:00,R1T2,T2,5.7,2.2,1.1,26.7,55.75,23.24,436.06,22.731739130434786,18.97,27.27,60.44869565217391,453.9904347826087,23.0,5.6,0.10000000000000053,5.633333333333333,2.2,0.0,2.2,23.7,3.0,25.966666666666665,46260.0,WaterTemp_High,Normal
EXP.1,2024-03-31,22,10:00,2024-03-31 10:00:00,R3T1,T1,,,0.0,,54.25,27.45,440.89,22.840416666666666,17.48,28.45,59.55291666666667,460.57124999999996,24.0,6.7,,6.6499999999999995,1.74,,1.7049999999999996,27.5,,26.4,77820.0,Normal,Normal
EXP.2,2024-04-19,7,14:00,2024-04-19 14:00:00,R1T2,T2,6.2,2.21,1.105,28.3,50.41,26.37,425.01,22.238333333333333,17.55,28.12,58.35375,454.3254166666666,24.0,6.1,0.10000000000000053,6.333333333333333,2.22,-0.010000000000000231,2.1999999999999997,24.6,3.6999999999999993,26.3,,WaterTemp_High,Normal
EXP.3,2024-06-12,23,10:00,2024-06-12 10:00:00,R3T2,T2,,3.15,1.575,23.5,63.9,26.44,450.86,24.946250000000003,21.88,28.31,65.50083333333333,451.4566666666667,24.0,7.3,,7.3,3.15,0.0,3.143333333333333,24.5,-1.0,23.766666666666666,26830.0,EC_High,Multiple_Stress
EXP.1,2024-03-27,18,10:00,2024-03-27 10:00:00,R2T1,T1,6.4,1.76,0.88,24.0,49.17,25.06,441.42,21.109583333333333,16.16,26.28,55.38833333333333,450.795,24.0,6.0,0.40000000000000036,6.133333333333333,1.82,-0.06000000000000005,1.7966666666666669,24.8,-0.8000000000000007,23.566666666666666,79530.0,Humidity_Low,Humidity_Low
EXP.3,2024-05-21,1,14:00,2024-05-21 14:00:00,R3T1,T1,7.5,2.13,1.065,22.3,53.42,27.65,426.63,25.346666666666668,22.29,27.7,59.06458333333333,450.37083333333334,24.0,7.6,-0.09999999999999964,7.55,2.6,-0.4700000000000002,2.365,21.3,1.0,21.8,,pH_High,Multiple_Stress
EXP.1,2024-03-24,15,14:00,2024-03-24 14:00:00,R2T2,T2,6.0,1.64,0.82,25.0,53.74,24.9,432.04,17.954166666666666,12.38,24.9,58.39208333333334,463.9470833333333,24.0,,,5.9,,,1.755,,,24.65,,Normal,Normal
EXP.2,2024-05-05,23,14:00,2024-05-05 14:00:00,R1T2,T2,6.4,2.5,1.25,21.8,52.18,22.72,438.32,20.685,16.17,28.31,54.78863636363636,459.26,22.0,6.4,0.0,6.366666666666667,2.49,0.009999999999999787,2.4966666666666666,19.1,2.6999999999999993,21.266666666666666,41770.0,Normal,Multiple_Stress
EXP.1,2024-03-14,5,10:00,2024-03-14 10:00:00,R1T1,T1,6.0,1.92,0.96,26.6,54.44,22.36,425.7,19.02125,13.28,25.03,59.577916666666674,449.6683333333333,24.0,6.0,0.0,5.966666666666666,2.02,-0.10000000000000009,1.97,22.0,4.600000000000001,23.53333333333333,,WaterTemp_High,Normal
EXP.2,2024-04-14,2,14:00,2024-04-14 14:00:00,R1T2,T2,7.1,2.2,1.1,20.7,64.2,25.3,,,,,,,,6.8,0.2999999999999998,6.833333333333333,1.9,0.30000000000000027,2.186666666666667,18.1,2.599999999999998,19.033333333333335,12720.0,pH_High,Normal
EXP.1,2024-03-30,21,14:00,2024-03-30 14:00:00,R1T1,T1,6.7,1.73,0.865,27.9,53.07,25.79,419.13,21.84875,17.33,26.97,60.32583333333333,455.5841666666667,24.0,6.9,-0.20000000000000018,6.766666666666667,1.71,0.020000000000000018,1.7700000000000002,26.5,1.3999999999999986,27.03333333333333,,WaterTemp_High,Normal
EXP.1,2024-03-10,1,14:00,2024-03-10 14:00:00,R2T2,T2,7.0,1.56,0.77,22.9,47.64,24.74,410.58,20.493846153846157,13.26,25.27,50.81230769230769,429.5115384615384,13.0,,,7.0,,,1.56,,,22.9,48300.0,Humidity_Low,Humidity_Low
EXP.1,2024-03-19,10,10:00,2024-03-19 10:00:00,R1T2,T2,5.2,1.87,0.935,25.4,54.42,26.66,437.08,18.850416666666664,12.59,28.13,59.45541666666667,459.2029166666667,24.0,5.2,0.0,5.166666666666667,1.91,-0.039999999999999813,1.89,24.7,0.6999999999999993,25.0,75050.0,pH_Low,pH_Low
EXP.3,2024-06-13,24,14:00,2024-06-13 14:00:00,R3T2,T2,7.2,2.94,1.47,24.5,57.17,30.33,437.98,26.022916666666664,22.96,30.33,65.69125,447.28833333333336,24.0,7.3,-0.09999999999999964,7.25,3.13,-0.18999999999999995,3.073333333333333,,,24.0,23550.0,Multiple_Stress,Multiple_Stress
EXP.3,2024-06-17,28,10:00,2024-06-17 10:00:00,R2T2,T2,7.6,2.86,1.43,21.2,61.52,25.28,450.88,25.07375,22.48,27.5,63.709583333333335,456.3416666666667,24.0,7.6,0.0,7.566666666666666,2.83,0.029999999999999805,2.893333333333333,23.4,-2.1999999999999993,25.333333333333332,,Multiple_Stress,Multiple_Stress
EXP.3,2024-06-12,23,10:00,2024-06-12 10:00:00,R1T1,T1,,3.03,1.515,23.2,63.9,26.44,450.86,24.946250000000003,21.88,28.31,65.50083333333333,451.4566666666667,24.0,6.8,,6.850000000000001,3.02,0.009999999999999787,3.0500000000000003,24.9,-1.6999999999999993,23.900000000000002,26830.0,EC_High,EC_High
EXP.2,2024-04-28,16,10:00,2024-04-28 10:00:00,R2T2,T2,5.9,2.3,1.15,26.4,60.98,24.4,462.26,22.252499999999998,18.61,27.42,61.467083333333335,463.61291666666665,24.0,5.9,0.0,5.9,2.3,0.0,2.3,26.5,-0.10000000000000142,25.066666666666666,25030.0,WaterTemp_High,WaterTemp_High
EXP.2,2024-04-19,7,14:00,2024-04-19 14:00:00,R1T2,T2,6.2,2.21,1.105,28.3,50.41,26.37,425.01,22.238333333333333,17.55,28.12,58.35375,454.3254166666666,24.0,6.1,0.10000000000000053,6.333333333333333,2.22,-0.010000000000000231,2.1999999999999997,24.6,3.6999999999999993,26.3,,WaterTemp_High,Normal
EXP.1,2024-03-18,9,10:00,2024-03-18 10:00:00,R1T2,T2,5.2,1.91,0.955,24.7,53.95,26.53,426.75,18.576249999999998,13.61,26.53,59.49125,457.72125,24.0,5.1,0.10000000000000053,5.3,1.89,0.020000000000000018,1.9166666666666667,24.9,-0.1999999999999993,24.933333333333334,27600.0,pH_Low,pH_Low
EXP.3,2024-05-21,1,14:00,2024-05-21 14:00:00,R2T1,T1,7.1,2.62,1.31,22.8,53.42,27.65,426.63,25.346666666666668,22.29,27.7,59.06458333333333,450.37083333333334,24.0,7.2,-0.10000000000000053,7.15,2.62,0.0,2.62,21.3,1.5,22.05,,Multiple_Stress,Multiple_Stress
EXP.2,2024-04-14,2,14:00,2024-04-14 14:00:00,R1T2,T2,7.1,2.2,1.1,20.7,64.2,25.3,,,,,,,,6.8,0.2999999999999998,6.833333333333333,1.9,0.30000000000000027,2.186666666666667,18.1,2.599999999999998,19.033333333333335,12720.0,pH_High,Normal
EXP.3,2024-06-09,20,10:00,2024-06-09 10:00:00,R1T2,T2,6.8,2.75,1.375,21.9,63.88,27.41,442.02,25.879583333333333,23.42,28.86,65.02166666666666,441.12166666666667,24.0,6.7,0.09999999999999964,6.766666666666666,2.75,0.0,2.7466666666666666,24.9,-3.0,23.03333333333333,,EC_High,EC_High
EXP.2,2024-04-18,6,14:00,2024-04-18 14:00:00,R2T1,T1,6.7,1.75,0.875,25.8,49.91,26.83,421.75,23.874166666666667,19.62,28.26,56.20291666666666,448.48291666666665,24.0,6.7,0.0,6.7,1.71,0.040000000000000036,1.61,25.8,0.0,26.333333333333332,,Humidity_Low,Normal
EXP.2,2024-04-19,7,10:00,2024-04-19 10:00:00,R2T2,T2,6.0,2.3,1.15,24.9,52.22,27.44,452.02,22.238333333333333,17.55,28.12,58.35375,454.3254166666666,24.0,6.5,-0.5,6.333333333333333,2.27,0.029999999999999805,2.28,25.8,-0.9000000000000021,25.2,,Normal,WaterTemp_High
EXP.1,2024-03-22,13,10:00,2024-03-22 10:00:00,R2T1,T1,5.8,1.88,0.94,24.0,51.07,23.71,427.19,18.142083333333336,10.66,25.6,57.46875,456.0833333333333,24.0,5.8,0.0,5.833333333333333,1.9,-0.020000000000000018,1.8966666666666667,23.9,0.10000000000000142,22.733333333333334,,Normal,Humidity_Low
EXP.1,2024-03-27,18,10:00,2024-03-27 10:00:00,R2T2,T2,6.5,1.78,0.89,24.1,49.17,25.06,441.42,21.109583333333333,16.16,26.28,55.38833333333333,450.795,24.0,6.1,0.40000000000000036,6.2,1.82,-0.040000000000000036,1.8099999999999998,24.6,-0.5,23.366666666666664,79530.0,Humidity_Low,Humidity_Low
EXP.1,2024-03-31,22,10:00,2024-03-31 10:00:00,R3T2,T2,,,0.0,,54.25,27.45,440.89,22.840416666666666,17.48,28.45,59.55291666666667,460.57124999999996,24.0,7.2,,6.950000000000001,1.43,,1.5499999999999998,28.5,,26.25,77820.0,Normal,Normal
EXP.1,2024-03-20,11,10:00,2024-03-20 10:00:00,R1T2,T2,5.0,1.93,0.965,24.1,51.46,22.97,436.88,18.465833333333332,10.63,26.32,57.98916666666667,471.80041666666665,24.0,5.2,-0.20000000000000018,5.133333333333333,1.87,0.05999999999999983,1.9033333333333333,25.4,-1.2999999999999972,24.733333333333334,36200.0,pH_Low,Normal
EXP.1,2024-03-20,11,14:00,2024-03-20 14:00:00,R3T2,T2,5.8,1.75,0.875,26.7,51.07,22.97,424.04,18.465833333333332,10.63,26.32,57.98916666666667,471.80041666666665,24.0,5.4,0.39999999999999947,5.633333333333334,1.84,-0.09000000000000008,1.7833333333333334,26.1,0.5999999999999979,26.7,,WaterTemp_High,Normal
EXP.3,2024-06-08,19,10:00,2024-06-08 10:00:00,R1T2,T2,6.8,2.74,1.37,22.3,61.53,28.84,461.1,26.795833333333334,23.75,31.0,63.401250000000005,459.2945833333333,24.0,7.3,-0.5,7.166666666666667,1.55,1.1900000000000002,2.0866666666666664,22.2,0.10000000000000142,21.63333333333333,,EC_High,Multiple_Stress
EXP.3,2024-06-08,19,10:00,2024-06-08 10:00:00,R2T2,T2,7.0,2.72,1.36,22.8,61.53,28.84,461.1,26.795833333333334,23.75,31.0,63.401250000000005,459.2945833333333,24.0,7.5,-0.5,7.333333333333333,1.6,1.12,2.1133333333333333,22.4,0.40000000000000213,21.900000000000002,,EC_High,Multiple_Stress
EXP.1,2024-03-12,3,14:00,2024-03-12 14:00:00,R1T2,T2,5.4,1.98,0.99,25.4,50.59,22.78,404.6,17.968125,11.27,25.45,57.156875,432.4475,16.0,5.4,0.0,5.4,1.98,0.0,1.9666666666666668,21.4,4.0,23.099999999999998,45190.0,pH_Low,Normal
EXP.1,2024-03-23,14,14:00,2024-03-23 14:00:00,R2T1,T1,,,0.0,,48.25,24.7,408.7,18.180799999999998,10.34,25.37,56.098,457.46479999999997,25.0,5.7,,5.749999999999999,1.88,,1.88,24.4,,24.199999999999996,,Humidity_Low,Normal
EXP.3,2024-06-17,28,10:00,2024-06-17 10:00:00,R3T1,T1,7.5,2.99,1.495,21.1,61.52,25.28,450.88,25.07375,22.48,27.5,63.709583333333335,456.3416666666667,24.0,7.4,0.09999999999999964,7.3999999999999995,3.61,-0.6199999999999997,3.266666666666667,23.1,-2.0,25.066666666666666,,Multiple_Stress,Multiple_Stress
EXP.1,2024-03-12,3,10:00,2024-03-12 10:00:00,R2T1,T1,5.8,2.02,1.01,21.2,50.18,23.12,411.77,17.968125,11.27,25.45,57.156875,432.4475,16.0,5.8,0.0,5.8,2.02,0.0,2.02,22.1,-0.9000000000000021,20.8,60540.0,Normal,Normal
EXP.3,2024-05-22,2,10:00,2024-05-22 10:00:00,R1T1,T1,7.0,2.6,1.3,21.7,58.98,26.31,442.47,25.58583333333333,23.05,28.88,60.81166666666667,445.5541666666666,24.0,6.8,0.20000000000000018,6.8999999999999995,2.6,0.0,2.4566666666666666,22.5,-0.8000000000000007,21.866666666666664,1944.0,EC_High,pH_High
EXP.1,2024-03-18,9,10:00,2024-03-18 10:00:00,R1T2,T2,5.2,1.91,0.955,24.7,53.95,26.53,426.75,18.576249999999998,13.61,26.53,59.49125,457.72125,24.0,5.1,0.10000000000000053,5.3,1.89,0.020000000000000018,1.9166666666666667,24.9,-0.1999999999999993,24.933333333333334,27600.0,pH_Low,pH_Low
EXP.2,2024-04-19,7,14:00,2024-04-19 14:00:00,R2T1,T1,5.9,1.76,0.88,27.6,50.41,26.37,425.01,22.238333333333333,17.55,28.12,58.35375,454.3254166666666,24.0,6.2,-0.2999999999999998,6.266666666666667,1.79,-0.030000000000000027,1.7666666666666666,25.0,2.6000000000000014,26.133333333333336,,WaterTemp_High,Normal
EXP.2,2024-05-12,30,14:00,2024-05-12 14:00:00,R2T1,T1,6.9,1.66,0.83,25.0,54.47,24.42,427.85,21.3575,17.48,25.23,59.34791666666666,446.99291666666664,24.0,7.0,-0.09999999999999964,6.766666666666667,1.64,0.020000000000000018,1.6866666666666665,19.4,5.600000000000001,22.433333333333334,3090.0,Normal,
EXP.2,2024-04-19,7,14:00,2024-04-19 14:00:00,R1T1,T1,6.1,1.8,0.9,27.8,50.41,26.37,425.01,22.238333333333333,17.55,28.12,58.35375,454.3254166666666,24.0,6.3,-0.20000000000000018,6.3999999999999995,1.78,0.020000000000000018,1.7766666666666666,24.7,3.1000000000000014,26.100000000000005,,WaterTemp_High,Normal
EXP.1,2024-03-26,17,10:00,2024-03-26 10:00:00,R1T2,T2,5.7,1.79,0.895,24.1,48.26,24.78,439.17,18.962083333333336,11.18,26.05,56.142500000000005,478.01416666666665,24.0,,,5.7,,,1.8,,,23.5,74420.0,Humidity_Low,Humidity_Low
EXP.2,2024-04-30,18,14:00,2024-04-30 14:00:00,R1T1,T1,6.4,1.74,0.87,26.3,57.39,24.31,440.96,22.271666666666665,18.46,26.36,62.16041666666666,453.81333333333333,24.0,6.4,0.0,6.3,1.74,0.0,1.7333333333333334,23.2,3.1000000000000014,24.833333333333332,37780.0,WaterTemp_High,Normal
EXP.3,2024-05-21,1,14:00,2024-05-21 14:00:00,R1T1,T1,6.8,2.6,1.3,22.5,53.42,27.65,426.63,25.346666666666668,22.29,27.7,59.06458333333333,450.37083333333334,24.0,6.9,-0.10000000000000053,6.85,2.17,0.43000000000000016,2.385,21.4,1.1000000000000014,21.95,,EC_High,EC_High
EXP.3,2024-06-09,20,14:00,2024-06-09 14:00:00,R1T1,T1,6.1,2.68,1.34,23.7,58.81,27.94,420.01,25.879583333333333,23.42,28.86,65.02166666666666,441.12166666666667,24.0,6.1,0.0,6.1,2.75,-0.06999999999999984,2.7100000000000004,21.9,1.8000000000000007,23.633333333333336,,EC_High,EC_High
EXP.1,2024-03-27,18,10:00,2024-03-27 10:00:00,R3T1,T1,6.2,1.78,0.89,24.6,49.17,25.06,441.42,21.109583333333333,16.16,26.28,55.38833333333333,450.795,24.0,5.9,0.2999999999999998,6.0,1.82,-0.040000000000000036,1.8066666666666666,24.3,0.3000000000000007,23.866666666666664,79530.0,Humidity_Low,Humidity_Low
EXP.2,2024-05-06,24,14:00,2024-05-06 14:00:00,R1T1,T1,6.5,1.98,0.99,27.6,52.5,25.73,439.29,20.535,16.73,25.73,55.959583333333335,462.6325,24.0,6.8,-0.2999999999999998,6.633333333333333,1.69,0.29000000000000004,1.8866666666666665,18.2,9.400000000000002,22.46666666666667,35770.0,WaterTemp_High,Multiple_Stress
EXP.1,2024-03-11,2,10:00,2024-03-11 10:00:00,R3T1,T1,5.6,2.02,1.01,18.9,48.4,24.34,425.57,17.557916666666667,9.81,25.72,55.17083333333333,448.75083333333333,24.0,6.9,-1.3000000000000007,6.25,1.56,0.45999999999999996,1.79,22.3,-3.400000000000002,20.6,50330.0,Humidity_Low,Humidity_Low
EXP.2,2024-05-10,28,14:00,2024-05-10 14:00:00,R3T2,T2,6.7,1.98,0.99,21.5,50.75,25.01,410.95,23.433333333333334,20.66,26.33,53.267500000000005,426.5108333333333,24.0,6.5,0.20000000000000018,6.566666666666667,2.18,-0.20000000000000018,2.096666666666667,19.0,2.5,20.566666666666666,22800.0,Normal,Normal
EXP.1,2024-03-30,21,14:00,2024-03-30 14:00:00,R2T2,T2,6.6,1.73,0.865,28.7,53.07,25.79,419.13,21.84875,17.33,26.97,60.32583333333333,455.5841666666667,24.0,6.9,-0.3000000000000007,6.733333333333333,1.65,0.08000000000000007,1.7133333333333332,24.3,4.399999999999999,26.433333333333334,,WaterTemp_High,Normal
EXP.2,2024-04-14,2,14:00,2024-04-14 14:00:00,R2T2,T2,7.2,2.5,1.25,20.0,64.2,25.3,,,,,,,,6.7,0.5,7.0,2.26,0.2400000000000002,2.44,17.9,2.1000000000000014,18.8,12720.0,pH_High,Normal
EXP.2,2024-04-14,2,14:00,2024-04-14 14:00:00,R2T2,T2,7.2,2.5,1.25,20.0,64.2,25.3,,,,,,,,6.7,0.5,7.0,2.26,0.2400000000000002,2.44,17.9,2.1000000000000014,18.8,12720.0,pH_High,Normal
EXP.1,2024-04-01,23,14:00,2024-04-01 14:00:00,R3T1,T1,6.9,1.29,0.645,26.7,52.18,26.42,410.96,22.912499999999998,17.47,30.8,57.57416666666666,448.78541666666666,24.0,6.6,0.3000000000000007,6.75,1.64,-0.34999999999999987,1.4649999999999999,25.4,1.3000000000000007,26.049999999999997,,WaterTemp_High,Normal
EXP.3,2024-06-09,20,10:00,2024-06-09 10:00:00,R2T1,T1,6.3,3.05,1.525,21.9,63.88,27.41,442.02,25.879583333333333,23.42,28.86,65.02166666666666,441.12166666666667,24.0,6.2,0.09999999999999964,6.233333333333333,3.05,0.0,3.05,25.1,-3.200000000000003,23.233333333333334,,EC_High,EC_High
EXP.2,2024-05-04,22,10:00,2024-05-04 10:00:00,R1T1,T1,6.7,2.4,1.2,20.0,62.99,23.26,466.06,22.152916666666666,17.85,26.65,62.1775,466.26875,24.0,6.5,0.20000000000000018,6.566666666666666,1.1,1.2999999999999998,1.8699999999999999,23.6,-3.6000000000000014,21.400000000000002,25700.0,Normal,EC_High
EXP.1,2024-03-19,10,10:00,2024-03-19 10:00:00,R1T2,T2,5.2,1.87,0.935,25.4,54.42,26.66,437.08,18.850416666666664,12.59,28.13,59.45541666666667,459.2029166666667,24.0,5.2,0.0,5.166666666666667,1.91,-0.039999999999999813,1.89,24.7,0.6999999999999993,25.0,75050.0,pH_Low,pH_Low
EXP.1,2024-03-11,2,14:00,2024-03-11 14:00:00,R3T1,T1,5.7,2.01,1.005,22.3,48.13,24.63,413.96,17.557916666666667,9.81,25.72,55.17083333333333,448.75083333333333,24.0,5.6,0.10000000000000053,6.066666666666666,2.02,-0.010000000000000231,1.8633333333333333,18.9,3.400000000000002,21.166666666666668,61270.0,Humidity_Low,Normal
EXP.1,2024-04-03,25,14:00,2024-04-03 14:00:00,R1T1,T1,6.2,1.63,,27.1,61.7,26.3,,,,,,,,6.0,0.20000000000000018,6.166666666666667,1.63,0.0,1.653333333333333,24.8,2.3000000000000007,26.400000000000002,65870.0,WaterTemp_High,Multiple_Stress
EXP.2,2024-04-26,14,14:00,2024-04-26 14:00:00,R1T1,T1,6.0,1.75,0.875,26.2,55.75,23.24,436.06,22.731739130434786,18.97,27.27,60.44869565217391,453.9904347826087,23.0,6.0,0.0,6.0,1.75,0.0,1.7533333333333332,23.6,2.599999999999998,25.599999999999998,46260.0,WaterTemp_High,Normal
EXP.2,2024-05-04,22,14:00,2024-05-04 14:00:00,R1T1,T1,6.5,2.9,1.45,23.5,56.91,24.39,443.4,22.152916666666666,17.85,26.65,62.1775,466.26875,24.0,6.7,-0.20000000000000018,6.566666666666666,2.4,0.5,2.1333333333333333,20.0,3.5,22.366666666666664,32550.0,EC_High,Normal
EXP.3,2024-06-09,20,10:00,2024-06-09 10:00:00,R2T2,T2,7.0,2.77,1.385,22.0,63.88,27.41,442.02,25.879583333333333,23.42,28.86,65.02166666666666,441.12166666666667,24.0,7.1,-0.09999999999999964,7.033333333333334,2.71,0.06000000000000005,2.733333333333333,25.1,-3.1000000000000014,23.3,,EC_High,Multiple_Stress
EXP.2,2024-04-14,2,14:00,2024-04-14 14:00:00,R3T2,T2,7.1,2.2,1.1,21.2,64.2,25.3,,,,,,,,6.9,0.1999999999999993,7.0,2.13,0.07000000000000028,2.143333333333333,19.2,2.0,19.8,12720.0,pH_High,Normal
EXP.2,2024-04-19,7,14:00,2024-04-19 14:00:00,R2T1,T1,5.9,1.76,0.88,27.6,50.41,26.37,425.01,22.238333333333333,17.55,28.12,58.35375,454.3254166666666,24.0,6.2,-0.2999999999999998,6.266666666666667,1.79,-0.030000000000000027,1.7666666666666666,25.0,2.6000000000000014,26.133333333333336,,WaterTemp_High,Normal
EXP.1,2024-03-20,11,10:00,2024-03-20 10:00:00,R2T2,T2,5.4,1.99,0.995,22.1,51.46,22.97,436.88,18.465833333333332,10.63,26.32,57.98916666666667,471.80041666666665,24.0,5.7,-0.2999999999999998,5.633333333333333,1.94,0.050000000000000044,1.9633333333333332,23.0,-0.8999999999999986,22.633333333333336,36200.0,pH_Low,Normal
EXP.2,2024-04-27,15,14:00,2024-04-27 14:00:00,R3T1,T1,6.0,1.72,0.86,26.4,56.15,23.47,437.55,22.160416666666666,18.46,26.74,61.01666666666667,458.7083333333333,24.0,6.0,0.0,5.966666666666666,1.73,-0.010000000000000009,1.7299999999999998,22.2,4.199999999999999,25.03333333333333,29810.0,WaterTemp_High,Normal
EXP.1,2024-03-30,21,14:00,2024-03-30 14:00:00,R3T1,T1,6.7,1.74,0.87,27.5,53.07,25.79,419.13,21.84875,17.33,26.97,60.32583333333333,455.5841666666667,24.0,6.6,0.10000000000000053,6.633333333333333,1.67,0.07000000000000006,1.7299999999999998,25.3,2.1999999999999993,26.333333333333332,,WaterTemp_High,Normal
EXP.1,2024-03-23,14,14:00,2024-03-23 14:00:00,R2T2,T2,,,0.0,,48.25,24.7,408.7,18.180799999999998,10.34,25.37,56.098,457.46479999999997,25.0,5.8,,5.85,1.87,,1.8250000000000002,24.3,,23.6,,Humidity_Low,Normal
EXP.3,2024-06-17,28,10:00,2024-06-17 10:00:00,R2T1,T1,7.4,3.39,1.695,21.1,61.52,25.28,450.88,25.07375,22.48,27.5,63.709583333333335,456.3416666666667,24.0,7.3,0.10000000000000053,7.333333333333333,3.32,0.07000000000000028,3.41,23.5,-2.3999999999999986,25.666666666666668,,Multiple_Stress,Multiple_Stress
EXP.2,2024-04-23,11,14:00,2024-04-23 14:00:00,R1T1,T1,5.7,1.76,0.88,27.3,45.63,29.8,419.25,24.49625,17.34,34.79,53.95791666666667,456.20625,24.0,5.7,0.0,5.833333333333333,1.76,0.0,1.7566666666666668,24.3,3.0,25.733333333333334,6212.0,Multiple_Stress,Multiple_Stress
EXP.1,2024-03-24,15,14:00,2024-03-24 14:00:00,R3T1,T1,5.8,1.73,0.865,23.9,53.74,24.9,432.04,17.954166666666666,12.38,24.9,58.39208333333334,463.9470833333333,24.0,,,5.8,,,1.8,,,24.299999999999997,,Normal,Normal
EXP.2,2024-05-06,24,10:00,2024-05-06 10:00:00,R3T1,T1,6.5,2.8,1.4,17.3,55.98,24.26,460.83,20.535,16.73,25.73,55.959583333333335,462.6325,24.0,6.4,0.09999999999999964,6.433333333333334,2.8,0.0,2.6300000000000003,22.3,-5.0,19.533333333333335,2870.0,Multiple_Stress,EC_High
EXP.3,2024-06-08,19,14:00,2024-06-08 14:00:00,R1T2,T2,6.7,2.75,1.375,24.9,57.39,30.61,437.68,26.795833333333334,23.75,31.0,63.401250000000005,459.2945833333333,24.0,6.8,-0.09999999999999964,6.933333333333334,2.74,0.009999999999999787,2.346666666666667,22.3,2.599999999999998,23.133333333333336,,Multiple_Stress,EC_High
EXP.2,2024-04-30,18,10:00,2024-04-30 10:00:00,R2T2,T2,6.1,2.22,1.11,23.5,60.1,24.32,452.01,22.271666666666665,18.46,26.36,62.16041666666666,453.81333333333333,24.0,6.0,0.09999999999999964,6.0,2.29,-0.06999999999999984,2.266666666666667,25.4,-1.8999999999999986,23.8,33450.0,Normal,WaterTemp_High
EXP.3,2024-06-12,23,10:00,2024-06-12 10:00:00,R2T1,T1,,3.28,1.64,22.9,63.9,26.44,450.86,24.946250000000003,21.88,28.31,65.50083333333333,451.4566666666667,24.0,6.9,,6.850000000000001,3.28,0.0,3.2733333333333334,24.7,-1.8000000000000007,23.46666666666667,26830.0,EC_High,EC_High
EXP.1,2024-03-12,3,14:00,2024-03-12 14:00:00,R1T2,T2,5.4,1.98,0.99,25.4,50.59,22.78,404.6,17.968125,11.27,25.45,57.156875,432.4475,16.0,5.4,0.0,5.4,1.98,0.0,1.9666666666666668,21.4,4.0,23.099999999999998,45190.0,pH_Low,Normal
EXP.3,2024-06-10,21,14:00,2024-06-10 14:00:00,R1T2,T2,7.0,2.77,1.385,24.1,60.1,28.96,436.92,25.564166666666665,23.01,29.41,66.66666666666667,453.6458333333333,24.0,6.7,0.2999999999999998,6.8,2.77,0.0,2.766666666666666,21.0,3.1000000000000014,22.8,,EC_High,Multiple_Stress
EXP.3,2024-05-22,2,10:00,2024-05-22 10:00:00,R1T1,T1,7.0,2.6,1.3,21.7,58.98,26.31,442.47,25.58583333333333,23.05,28.88,60.81166666666667,445.5541666666666,24.0,6.8,0.20000000000000018,6.8999999999999995,2.6,0.0,2.4566666666666666,22.5,-0.8000000000000007,21.866666666666664,1944.0,EC_High,pH_High
EXP.2,2024-04-23,11,10:00,2024-04-23 10:00:00,R2T2,T2,5.6,2.29,1.145,24.8,47.19,30.0,442.42,24.49625,17.34,34.79,53.95791666666667,456.20625,24.0,5.9,-0.3000000000000007,5.833333333333333,2.28,0.010000000000000231,2.283333333333333,25.7,-0.8999999999999986,24.900000000000002,70360.0,Humidity_Low,Multiple_Stress
EXP.1,2024-03-31,22,10:00,2024-03-31 10:00:00,R2T2,T2,,,0.0,,54.25,27.45,440.89,22.840416666666666,17.48,28.45,59.55291666666667,460.57124999999996,24.0,6.6,,6.75,1.73,,1.69,28.7,,26.5,77820.0,Normal,Normal
EXP.1,2024-03-20,11,14:00,2024-03-20 14:00:00,R3T2,T2,5.8,1.75,0.875,26.7,51.07,22.97,424.04,18.465833333333332,10.63,26.32,57.98916666666667,471.80041666666665,24.0,5.4,0.39999999999999947,5.633333333333334,1.84,-0.09000000000000008,1.7833333333333334,26.1,0.5999999999999979,26.7,,WaterTemp_High,Normal
EXP.3,2024-05-22,2,10:00,2024-05-22 10:00:00,R2T2,T2,7.7,2.5,1.25,21.2,58.98,26.31,442.47,25.58583333333333,23.05,28.88,60.81166666666667,445.5541666666666,24.0,7.6,0.10000000000000053,7.7,2.5,0.0,2.6,23.2,-2.0,21.900000000000002,1944.0,pH_High,pH_High
EXP.1,2024-03-20,11,10:00,2024-03-20 10:00:00,R1T2,T2,5.0,1.93,0.965,24.1,51.46,22.97,436.88,18.465833333333332,10.63,26.32,57.98916666666667,471.80041666666665,24.0,5.2,-0.20000000000000018,5.133333333333333,1.87,0.05999999999999983,1.9033333333333333,25.4,-1.2999999999999972,24.733333333333334,36200.0,pH_Low,Normal
EXP.2,2024-04-24,12,14:00,2024-04-24 14:00:00,R2T2,T2,5.7,2.21,1.105,29.0,42.44,30.86,413.91,26.683333333333334,19.89,34.84,50.62583333333333,442.87125,24.0,5.8,-0.09999999999999964,5.733333333333333,2.22,-0.010000000000000231,2.243333333333333,25.8,3.1999999999999993,27.600000000000005,5162.0,Multiple_Stress,Normal
EXP.1,2024-03-20,11,10:00,2024-03-20 10:00:00,R2T1,T1,5.5,1.96,0.98,23.7,51.46,22.97,436.88,18.465833333333332,10.63,26.32,57.98916666666667,471.80041666666665,24.0,5.7,-0.20000000000000018,5.633333333333333,1.93,0.030000000000000027,1.9466666666666665,24.5,-0.8000000000000007,23.599999999999998,36200.0,Normal,Normal
EXP.2,2024-04-22,10,10:00,2024-04-22 10:00:00,R3T2,T2,5.8,2.22,1.11,25.1,49.44,25.39,445.85,22.242083333333337,16.06,27.87,56.00833333333333,462.3645833333333,24.0,6.2,-0.40000000000000036,5.866666666666667,2.24,-0.020000000000000018,2.24,27.1,-2.0,25.7,77040.0,Humidity_Low,Multiple_Stress
EXP.1,2024-03-18,9,10:00,2024-03-18 10:00:00,R1T2,T2,5.2,1.91,0.955,24.7,53.95,26.53,426.75,18.576249999999998,13.61,26.53,59.49125,457.72125,24.0,5.1,0.10000000000000053,5.3,1.89,0.020000000000000018,1.9166666666666667,24.9,-0.1999999999999993,24.933333333333334,27600.0,pH_Low,pH_Low
EXP.3,2024-05-21,1,14:00,2024-05-21 14:00:00,R2T2,T2,7.6,2.5,1.25,23.2,53.42,27.65,426.63,25.346666666666668,22.29,27.7,59.06458333333333,450.37083333333334,24.0,7.8,-0.20000000000000018,7.699999999999999,2.8,-0.2999999999999998,2.65,21.3,1.8999999999999986,22.25,,pH_High,pH_High
EXP.3,2024-06-10,21,14:00,2024-06-10 14:00:00,R1T1,T1,6.4,2.72,1.36,25.8,60.1,28.96,436.92,25.564166666666665,23.01,29.41,66.66666666666667,453.6458333333333,24.0,6.1,0.3000000000000007,6.199999999999999,2.73,-0.009999999999999787,2.7099999999999995,21.6,4.199999999999999,23.7,,EC_High,EC_High
EXP.1,2024-03-20,11,10:00,2024-03-20 10:00:00,R1T2,T2,5.0,1.93,0.965,24.1,51.46,22.97,436.88,18.465833333333332,10.63,26.32,57.98916666666667,471.80041666666665,24.0,5.2,-0.20000000000000018,5.133333333333333,1.87,0.05999999999999983,1.9033333333333333,25.4,-1.2999999999999972,24.733333333333334,36200.0,pH_Low,Normal
EXP.1,2024-03-14,5,14:00,2024-03-14 14:00:00,R3T2,T2,6.4,1.82,0.91,28.0,51.77,23.6,410.9,19.02125,13.28,25.03,59.577916666666674,449.6683333333333,24.0,6.4,0.0,6.433333333333334,1.82,0.0,1.8366666666666667,26.2,1.8000000000000007,26.733333333333334,,WaterTemp_High,Multiple_Stress
EXP.2,2024-04-19,7,10:00,2024-04-19 10:00:00,R3T1,T1,6.3,1.75,0.875,24.3,52.22,27.44,452.02,22.238333333333333,17.55,28.12,58.35375,454.3254166666666,24.0,6.8,-0.5,6.633333333333333,1.72,0.030000000000000027,1.7333333333333334,25.8,-1.5,24.96666666666667,,Normal,WaterTemp_High
EXP.1,2024-04-03,25,10:00,2024-04-03 10:00:00,R1T2,T2,6.1,1.77,0.885,27.4,,,,,,,,,,6.2,-0.10000000000000053,6.166666666666667,1.82,-0.050000000000000044,1.8033333333333335,28.4,-1.0,27.866666666666664,,WaterTemp_High,WaterTemp_High
EXP.3,2024-06-08,19,14:00,2024-06-08 14:00:00,R1T2,T2,6.7,2.75,1.375,24.9,57.39,30.61,437.68,26.795833333333334,23.75,31.0,63.401250000000005,459.2945833333333,24.0,6.8,-0.09999999999999964,6.933333333333334,2.74,0.009999999999999787,2.346666666666667,22.3,2.599999999999998,23.133333333333336,,Multiple_Stress,EC_High
EXP.1,2024-03-11,2,10:00,2024-03-11 10:00:00,R2T1,T1,5.8,2.02,1.01,19.1,48.4,24.34,425.57,17.557916666666667,9.81,25.72,55.17083333333333,448.75083333333333,24.0,6.9,-1.1000000000000005,6.35,1.57,0.44999999999999996,1.795,22.5,-3.3999999999999986,20.8,50330.0,Humidity_Low,Humidity_Low
EXP.2,2024-04-30,18,14:00,2024-04-30 14:00:00,R2T1,T1,6.2,1.64,0.82,26.2,57.39,24.31,440.96,22.271666666666665,18.46,26.36,62.16041666666666,453.81333333333333,24.0,6.2,0.0,6.233333333333334,1.64,0.0,1.66,23.2,3.0,24.866666666666664,37780.0,WaterTemp_High,Normal
EXP.1,2024-03-12,3,10:00,2024-03-12 10:00:00,R1T2,T2,5.4,1.98,0.99,21.4,50.18,23.12,411.77,17.968125,11.27,25.45,57.156875,432.4475,16.0,5.4,0.0,5.466666666666666,1.94,0.040000000000000036,1.9533333333333331,22.5,-1.1000000000000014,20.833333333333332,60540.0,pH_Low,pH_Low
EXP.1,2024-04-03,25,10:00,2024-04-03 10:00:00,R1T2,T2,6.1,1.77,0.885,27.4,,,,,,,,,,6.2,-0.10000000000000053,6.166666666666667,1.82,-0.050000000000000044,1.8033333333333335,28.4,-1.0,27.866666666666664,,WaterTemp_High,WaterTemp_High
EXP.3,2024-06-17,28,10:00,2024-06-17 10:00:00,R2T2,T2,7.6,2.86,1.43,21.2,61.52,25.28,450.88,25.07375,22.48,27.5,63.709583333333335,456.3416666666667,24.0,7.6,0.0,7.566666666666666,2.83,0.029999999999999805,2.893333333333333,23.4,-2.1999999999999993,25.333333333333332,,Multiple_Stress,Multiple_Stress
EXP.3,2024-06-12,23,10:00,2024-06-12 10:00:00,R3T2,T2,,3.15,1.575,23.5,63.9,26.44,450.86,24.946250000000003,21.88,28.31,65.50083333333333,451.4566666666667,24.0,7.3,,7.3,3.15,0.0,3.143333333333333,24.5,-1.0,23.766666666666666,26830.0,EC_High,Multiple_Stress
EXP.2,2024-04-28,16,14:00,2024-04-28 14:00:00,R2T2,T2,5.9,2.3,1.15,26.4,56.07,24.15,442.47,22.252499999999998,18.61,27.42,61.467083333333335,463.61291666666665,24.0,5.9,0.0,5.9,2.3,0.0,2.3,26.4,0.0,26.433333333333334,32660.0,WaterTemp_High,Normal
EXP.2,2024-04-22,10,14:00,2024-04-22 14:00:00,R1T1,T1,6.1,1.75,0.875,25.6,46.81,27.06,427.15,22.242083333333337,16.06,27.87,56.00833333333333,462.3645833333333,24.0,6.2,-0.10000000000000053,6.1000000000000005,1.76,-0.010000000000000009,1.7633333333333334,23.6,2.0,24.366666666666664,79490.0,Humidity_Low,Humidity_Low
EXP.2,2024-05-09,27,10:00,2024-05-09 10:00:00,R1T1,T1,6.4,1.79,0.895,19.0,55.59,24.02,440.42,21.942083333333333,16.7,25.15,55.362500000000004,438.23333333333335,24.0,6.4,0.0,6.3,1.81,-0.020000000000000018,1.8099999999999998,19.9,-0.8999999999999986,19.233333333333334,27070.0,Normal,Normal
EXP.3,2024-06-13,24,10:00,2024-06-13 10:00:00,R1T1,T1,7.2,2.87,1.435,22.5,64.0,27.83,449.24,26.022916666666664,22.96,30.33,65.69125,447.28833333333336,24.0,6.9,0.2999999999999998,7.050000000000001,3.1,-0.22999999999999998,3.0,24.2,-1.6999999999999993,23.3,23290.0,Multiple_Stress,Multiple_Stress
EXP.1,2024-03-18,9,10:00,2024-03-18 10:00:00,R1T2,T2,5.2,1.91,0.955,24.7,53.95,26.53,426.75,18.576249999999998,13.61,26.53,59.49125,457.72125,24.0,5.1,0.10000000000000053,5.3,1.89,0.020000000000000018,1.9166666666666667,24.9,-0.1999999999999993,24.933333333333334,27600.0,pH_Low,pH_Low
EXP.2,2024-05-05,23,14:00,2024-05-05 14:00:00,R3T1,T1,6.4,2.8,1.4,22.3,52.18,22.72,438.32,20.685,16.17,28.31,54.78863636363636,459.26,22.0,6.4,0.0,6.4,2.29,0.5099999999999998,2.4066666666666667,19.0,3.3000000000000007,21.433333333333337,41770.0,EC_High,Multiple_Stress
EXP.1,2024-03-23,14,14:00,2024-03-23 14:00:00,R2T2,T2,,,0.0,,48.25,24.7,408.7,18.180799999999998,10.34,25.37,56.098,457.46479999999997,25.0,5.8,,5.85,1.87,,1.8250000000000002,24.3,,23.6,,Humidity_Low,Normal
EXP.1,2024-03-12,3,14:00,2024-03-12 14:00:00,R1T2,T2,5.4,1.98,0.99,25.4,50.59,22.78,404.6,17.968125,11.27,25.45,57.156875,432.4475,16.0,5.4,0.0,5.4,1.98,0.0,1.9666666666666668,21.4,4.0,23.099999999999998,45190.0,pH_Low,Normal
EXP.1,2024-03-30,21,10:00,2024-03-30 10:00:00,R3T2,T2,6.7,1.67,0.835,24.0,54.83,25.98,436.82,21.84875,17.33,26.97,60.32583333333333,455.5841666666667,24.0,6.7,0.0,6.7,1.78,-0.1100000000000001,1.725,27.2,-3.1999999999999993,25.6,,Normal,Multiple_Stress
EXP.1,2024-04-03,25,10:00,2024-04-03 10:00:00,R3T2,T2,6.4,1.64,0.82,28.4,,,,,,,,,,6.5,-0.09999999999999964,6.433333333333334,1.71,-0.07000000000000006,1.6933333333333334,29.4,-1.0,28.866666666666664,,WaterTemp_High,WaterTemp_High
EXP.3,2024-05-23,3,14:00,2024-05-23 14:00:00,R3T1,T1,7.3,2.0,1.0,23.8,54.77,27.05,431.44,25.587500000000002,23.22,30.39,61.07333333333333,448.56375,24.0,7.2,0.09999999999999964,7.2,1.75,0.25,2.0999999999999996,22.5,1.3000000000000007,22.599999999999998,33360.0,pH_High,pH_High
EXP.1,2024-03-12,3,14:00,2024-03-12 14:00:00,R1T2,T2,5.4,1.98,0.99,25.4,50.59,22.78,404.6,17.968125,11.27,25.45,57.156875,432.4475,16.0,5.4,0.0,5.4,1.98,0.0,1.9666666666666668,21.4,4.0,23.099999999999998,45190.0,pH_Low,Normal
EXP.2,2024-04-27,15,14:00,2024-04-27 14:00:00,R1T2,T2,5.9,2.19,1.095,26.4,56.15,23.47,437.55,22.160416666666666,18.46,26.74,61.01666666666667,458.7083333333333,24.0,5.8,0.10000000000000053,5.8,2.2,-0.010000000000000231,2.1966666666666668,22.2,4.199999999999999,25.099999999999998,29810.0,WaterTemp_High,Normal
EXP.1,2024-03-22,13,14:00,2024-03-22 14:00:00,R2T1,T1,5.7,1.88,0.94,24.4,49.81,23.95,406.99,18.142083333333336,10.66,25.6,57.46875,456.0833333333333,24.0,5.8,-0.09999999999999964,5.766666666666666,1.88,0.0,1.8866666666666667,24.0,0.3999999999999986,24.099999999999998,,Humidity_Low,Humidity_Low
EXP.1,2024-03-28,19,14:00,2024-03-28 14:00:00,R1T1,T1,,,0.0,,50.84,24.77,426.76,21.36791666666667,14.18,27.25,55.85958333333334,470.43625,24.0,6.4,,6.5,1.78,,1.79,24.2,,25.099999999999998,,Normal,WaterTemp_High
EXP.3,2024-06-08,19,14:00,2024-06-08 14:00:00,R1T2,T2,6.7,2.75,1.375,24.9,57.39,30.61,437.68,26.795833333333334,23.75,31.0,63.401250000000005,459.2945833333333,24.0,6.8,-0.09999999999999964,6.933333333333334,2.74,0.009999999999999787,2.346666666666667,22.3,2.599999999999998,23.133333333333336,,Multiple_Stress,EC_High
EXP.2,2024-04-18,6,14:00,2024-04-18 14:00:00,R3T2,T2,6.3,2.2,1.1,26.6,49.91,26.83,421.75,23.874166666666667,19.62,28.26,56.20291666666666,448.48291666666665,24.0,6.3,0.0,6.233333333333333,2.22,-0.020000000000000018,2.106666666666667,25.6,1.0,26.86666666666667,,Multiple_Stress,Normal
EXP.3,2024-06-12,23,10:00,2024-06-12 10:00:00,R1T2,T2,,2.91,1.455,22.6,63.9,26.44,450.86,24.946250000000003,21.88,28.31,65.50083333333333,451.4566666666667,24.0,7.4,,7.35,3.18,-0.27,3.003333333333334,24.2,-1.5999999999999979,22.96666666666667,26830.0,EC_High,Multiple_Stress
EXP.2,2024-04-20,8,14:00,2024-04-20 14:00:00,R1T2,T2,5.7,2.3,1.15,25.8,49.29,26.91,418.79,22.569999999999997,16.61,29.55,57.791666666666664,447.3833333333334,24.0,5.8,-0.09999999999999964,5.8999999999999995,2.22,0.07999999999999963,2.243333333333333,25.2,0.6000000000000014,26.433333333333334,,Humidity_Low,Normal
EXP.1,2024-03-20,11,10:00,2024-03-20 10:00:00,R3T1,T1,5.3,2.01,1.005,23.6,51.46,22.97,436.88,18.465833333333332,10.63,26.32,57.98916666666667,471.80041666666665,24.0,5.5,-0.20000000000000018,5.433333333333334,1.95,0.05999999999999983,1.9766666666666666,24.3,-0.6999999999999993,23.900000000000002,36200.0,pH_Low,Normal
EXP.1,2024-03-20,11,10:00,2024-03-20 10:00:00,R2T2,T2,5.4,1.99,0.995,22.1,51.46,22.97,436.88,18.465833333333332,10.63,26.32,57.98916666666667,471.80041666666665,24.0,5.7,-0.2999999999999998,5.633333333333333,1.94,0.050000000000000044,1.9633333333333332,23.0,-0.8999999999999986,22.633333333333336,36200.0,pH_Low,Normal
EXP.1,2024-03-27,18,14:00,2024-03-27 14:00:00,R2T1,T1,6.6,1.77,0.885,25.3,47.77,24.09,418.54,21.109583333333333,16.16,26.28,55.38833333333333,450.795,24.0,6.4,0.1999999999999993,6.333333333333333,1.76,0.010000000000000009,1.7833333333333334,24.0,1.3000000000000007,24.7,36530.0,Humidity_Low,Normal
EXP.1,2024-04-01,23,10:00,2024-04-01 10:00:00,R3T2,T2,6.3,1.63,0.815,29.2,53.56,27.25,428.75,22.912499999999998,17.47,30.8,57.57416666666666,448.78541666666666,24.0,,,6.3,,,1.63,,,29.2,,WaterTemp_High,Multiple_Stress
EXP.2,2024-05-05,23,14:00,2024-05-05 14:00:00,R2T1,T1,6.4,1.95,0.975,22.1,52.18,22.72,438.32,20.685,16.17,28.31,54.78863636363636,459.26,22.0,6.5,-0.09999999999999964,6.466666666666666,1.97,-0.020000000000000018,2.14,19.2,2.900000000000002,21.7,41770.0,Normal,Normal
EXP.2,2024-04-19,7,14:00,2024-04-19 14:00:00,R1T2,T2,6.2,2.21,1.105,28.3,50.41,26.37,425.01,22.238333333333333,17.55,28.12,58.35375,454.3254166666666,24.0,6.1,0.10000000000000053,6.333333333333333,2.22,-0.010000000000000231,2.1999999999999997,24.6,3.6999999999999993,26.3,,WaterTemp_High,Normal
EXP.3,2024-06-13,24,10:00,2024-06-13 10:00:00,R2T2,T2,7.3,2.16,1.08,22.6,64.0,27.83,449.24,26.022916666666664,22.96,30.33,65.69125,447.28833333333336,24.0,,,7.3,3.18,-1.02,2.84,23.2,-0.5999999999999979,23.333333333333332,23290.0,pH_High,Multiple_Stress
EXP.1,2024-03-26,17,14:00,2024-03-26 14:00:00,R3T2,T2,6.0,1.82,0.91,27.7,49.47,22.7,426.84,18.962083333333336,11.18,26.05,56.142500000000005,478.01416666666665,24.0,5.8,0.20000000000000018,5.9,1.84,-0.020000000000000018,1.83,26.6,1.0999999999999979,27.15,,Multiple_Stress,Multiple_Stress
EXP.3,2024-06-13,24,14:00,2024-06-13 14:00:00,R3T1,T1,7.4,2.85,1.425,24.0,57.17,30.33,437.98,26.022916666666664,22.96,30.33,65.69125,447.28833333333336,24.0,7.2,0.20000000000000018,7.3,3.01,-0.1599999999999997,2.92,22.1,1.8999999999999986,23.05,23550.0,Multiple_Stress,Multiple_Stress
EXP.1,2024-03-18,9,10:00,2024-03-18 10:00:00,R1T2,T2,5.2,1.91,0.955,24.7,53.95,26.53,426.75,18.576249999999998,13.61,26.53,59.49125,457.72125,24.0,5.1,0.10000000000000053,5.3,1.89,0.020000000000000018,1.9166666666666667,24.9,-0.1999999999999993,24.933333333333334,27600.0,pH_Low,pH_Low
EXP.3,2024-06-10,21,10:00,2024-06-10 10:00:00,R1T2,T2,6.7,2.77,1.385,21.0,66.53,27.37,481.77,25.564166666666665,23.01,29.41,66.66666666666667,453.6458333333333,24.0,6.7,0.0,6.733333333333334,2.76,0.010000000000000231,2.76,23.3,-2.3000000000000007,22.066666666666663,,EC_High,EC_High
EXP.1,2024-03-11,2,10:00,2024-03-11 10:00:00,R3T1,T1,5.6,2.02,1.01,18.9,48.4,24.34,425.57,17.557916666666667,9.81,25.72,55.17083333333333,448.75083333333333,24.0,6.9,-1.3000000000000007,6.25,1.56,0.45999999999999996,1.79,22.3,-3.400000000000002,20.6,50330.0,Humidity_Low,Humidity_Low
EXP.3,2024-06-09,20,14:00,2024-06-09 14:00:00,R2T1,T1,6.4,3.04,1.52,23.7,58.81,27.94,420.01,25.879583333333333,23.42,28.86,65.02166666666666,441.12166666666667,24.0,6.3,0.10000000000000053,6.3,3.05,-0.009999999999999787,3.046666666666667,21.9,1.8000000000000007,23.566666666666663,,EC_High,EC_High
EXP.2,2024-04-26,14,14:00,2024-04-26 14:00:00,R3T1,T1,5.9,1.74,0.87,26.5,55.75,23.24,436.06,22.731739130434786,18.97,27.27,60.44869565217391,453.9904347826087,23.0,5.9,0.0,5.9,1.75,-0.010000000000000009,1.7433333333333334,23.6,2.8999999999999986,25.7,46260.0,WaterTemp_High,Normal
EXP.1,2024-03-19,10,10:00,2024-03-19 10:00:00,R1T2,T2,5.2,1.87,0.935,25.4,54.42,26.66,437.08,18.850416666666664,12.59,28.13,59.45541666666667,459.2029166666667,24.0,5.2,0.0,5.166666666666667,1.91,-0.039999999999999813,1.89,24.7,0.6999999999999993,25.0,75050.0,pH_Low,pH_Low
EXP.2,2024-04-19,7,14:00,2024-04-19 14:00:00,R2T2,T2,6.1,2.23,1.115,28.6,50.41,26.37,425.01,22.238333333333333,17.55,28.12,58.35375,454.3254166666666,24.0,6.0,0.09999999999999964,6.2,2.3,-0.06999999999999984,2.2666666666666666,24.9,3.700000000000003,26.433333333333334,,WaterTemp_High,Normal
EXP.3,2024-05-21,1,14:00,2024-05-21 14:00:00,R2T2,T2,7.6,2.5,1.25,23.2,53.42,27.65,426.63,25.346666666666668,22.29,27.7,59.06458333333333,450.37083333333334,24.0,7.8,-0.20000000000000018,7.699999999999999,2.8,-0.2999999999999998,2.65,21.3,1.8999999999999986,22.25,,pH_High,pH_High
EXP.1,2024-03-19,10,10:00,2024-03-19 10:00:00,R1T2,T2,5.2,1.87,0.935,25.4,54.42,26.66,437.08,18.850416666666664,12.59,28.13,59.45541666666667,459.2029166666667,24.0,5.2,0.0,5.166666666666667,1.91,-0.039999999999999813,1.89,24.7,0.6999999999999993,25.0,75050.0,pH_Low,pH_Low
EXP.1,2024-03-26,17,14:00,2024-03-26 14:00:00,R3T1,T1,5.9,1.82,0.91,24.3,49.47,22.7,426.84,18.962083333333336,11.18,26.05,56.142500000000005,478.01416666666665,24.0,5.9,0.0,5.9,1.82,0.0,1.82,22.7,1.6000000000000014,23.5,,Humidity_Low,Humidity_Low
EXP.1,2024-03-24,15,14:00,2024-03-24 14:00:00,R1T2,T2,5.7,1.64,0.82,24.1,53.74,24.9,432.04,17.954166666666666,12.38,24.9,58.39208333333334,463.9470833333333,24.0,,,5.6,,,1.72,,,24.8,,Normal,Normal
EXP.3,2024-06-13,24,10:00,2024-06-13 10:00:00,R3T2,T2,7.3,3.13,1.565,,64.0,27.83,449.24,26.022916666666664,22.96,30.33,65.69125,447.28833333333336,24.0,,,7.3,3.15,-0.020000000000000018,3.143333333333333,23.5,,24.0,23290.0,Multiple_Stress,Multiple_Stress
EXP.2,2024-04-14,2,14:00,2024-04-14 14:00:00,R3T2,T2,7.1,2.2,1.1,21.2,64.2,25.3,,,,,,,,6.9,0.1999999999999993,7.0,2.13,0.07000000000000028,2.143333333333333,19.2,2.0,19.8,12720.0,pH_High,Normal
EXP.3,2024-06-18,29,10:00,2024-06-18 10:00:00,R3T1,T1,7.5,2.99,1.495,21.1,64.8,26.89,454.87,25.60875,23.2,28.48,65.8225,452.4554166666667,24.0,7.5,0.0,7.5,3.06,-0.06999999999999984,3.0133333333333336,22.1,-1.0,21.433333333333334,,Multiple_Stress,
EXP.2,2024-04-24,12,10:00,2024-04-24 10:00:00,R3T2,T2,5.7,2.24,1.12,26.7,43.51,34.4,469.54,26.683333333333334,19.89,34.84,50.62583333333333,442.87125,24.0,5.6,0.10000000000000053,5.6000000000000005,2.23,0.010000000000000231,2.233333333333334,28.2,-1.5,27.03333333333333,7254.0,Multiple_Stress,Multiple_Stress
EXP.3,2024-06-14,25,10:00,2024-06-14 10:00:00,R1T2,T2,7.3,3.01,1.505,23.3,49.68,40.45,468.82,30.522499999999997,24.39,44.49,57.343333333333334,456.2191666666667,24.0,7.1,0.20000000000000018,7.266666666666667,3.02,-0.010000000000000231,2.9599999999999995,23.8,-0.5,23.033333333333335,,Multiple_Stress,Multiple_Stress
EXP.2,2024-04-27,15,10:00,2024-04-27 10:00:00,R3T2,T2,5.7,2.24,1.12,22.4,59.48,24.76,455.83,22.160416666666666,18.46,26.74,61.01666666666667,458.7083333333333,24.0,5.6,0.10000000000000053,5.599999999999999,2.23,0.010000000000000231,2.24,27.0,-4.600000000000001,24.400000000000002,13230.0,Normal,WaterTemp_High
EXP.1,2024-03-14,5,14:00,2024-03-14 14:00:00,R3T2,T2,6.4,1.82,0.91,28.0,51.77,23.6,410.9,19.02125,13.28,25.03,59.577916666666674,449.6683333333333,24.0,6.4,0.0,6.433333333333334,1.82,0.0,1.8366666666666667,26.2,1.8000000000000007,26.733333333333334,,WaterTemp_High,Multiple_Stress
EXP.2,2024-05-12,30,10:00,2024-05-12 10:00:00,R1T1,T1,7.1,1.75,0.875,19.8,58.0,23.38,443.59,21.3575,17.48,25.23,59.34791666666666,446.99291666666664,24.0,6.5,0.5999999999999996,6.7,1.74,0.010000000000000009,1.7599999999999998,23.1,-3.3000000000000007,20.566666666666666,33100.0,pH_High,pH_High
EXP.3,2024-06-08,19,10:00,2024-06-08 10:00:00,R1T2,T2,6.8,2.74,1.37,22.3,61.53,28.84,461.1,26.795833333333334,23.75,31.0,63.401250000000005,459.2945833333333,24.0,7.3,-0.5,7.166666666666667,1.55,1.1900000000000002,2.0866666666666664,22.2,0.10000000000000142,21.63333333333333,,EC_High,Multiple_Stress
EXP.1,2024-03-12,3,10:00,2024-03-12 10:00:00,R1T2,T2,5.4,1.98,0.99,21.4,50.18,23.12,411.77,17.968125,11.27,25.45,57.156875,432.4475,16.0,5.4,0.0,5.466666666666666,1.94,0.040000000000000036,1.9533333333333331,22.5,-1.1000000000000014,20.833333333333332,60540.0,pH_Low,pH_Low
EXP.2,2024-04-14,2,10:00,2024-04-14 10:00:00,R1T1,T1,7.0,1.87,0.935,18.6,59.4,30.0,,,,,,,,6.8,0.20000000000000018,6.9,1.86,0.010000000000000009,1.8650000000000002,18.5,0.10000000000000142,18.55,2554.0,Normal,Normal
EXP.3,2024-06-12,23,10:00,2024-06-12 10:00:00,R3T2,T2,,3.15,1.575,23.5,63.9,26.44,450.86,24.946250000000003,21.88,28.31,65.50083333333333,451.4566666666667,24.0,7.3,,7.3,3.15,0.0,3.143333333333333,24.5,-1.0,23.766666666666666,26830.0,EC_High,Multiple_Stress
EXP.3,2024-06-10,21,10:00,2024-06-10 10:00:00,R3T1,T1,6.2,2.86,1.43,21.0,66.53,27.37,481.77,25.564166666666665,23.01,29.41,66.66666666666667,453.6458333333333,24.0,6.2,0.0,6.2,2.83,0.029999999999999805,2.846666666666667,23.6,-2.6000000000000014,22.133333333333336,,EC_High,EC_High
EXP.3,2024-06-10,21,14:00,2024-06-10 14:00:00,R2T1,T1,6.5,3.02,1.51,24.9,60.1,28.96,436.92,25.564166666666665,23.01,29.41,66.66666666666667,453.6458333333333,24.0,6.2,0.2999999999999998,6.366666666666667,3.1,-0.08000000000000007,3.0533333333333332,21.2,3.6999999999999993,23.266666666666666,,EC_High,EC_High
EXP.1,2024-03-15,6,10:00,2024-03-15 10:00:00,R2T1,T1,5.9,2.03,1.015,24.9,47.81,26.82,407.63,19.426666666666666,11.81,29.17,54.786249999999995,447.69416666666666,24.0,6.0,-0.09999999999999964,5.966666666666666,2.01,0.020000000000000018,2.013333333333333,24.8,0.09999999999999787,24.933333333333334,,Humidity_Low,Normal
EXP.1,2024-03-20,11,10:00,2024-03-20 10:00:00,R1T2,T2,5.0,1.93,0.965,24.1,51.46,22.97,436.88,18.465833333333332,10.63,26.32,57.98916666666667,471.80041666666665,24.0,5.2,-0.20000000000000018,5.133333333333333,1.87,0.05999999999999983,1.9033333333333333,25.4,-1.2999999999999972,24.733333333333334,36200.0,pH_Low,Normal
EXP.3,2024-06-12,23,10:00,2024-06-12 10:00:00,R2T2,T2,,3.18,1.59,23.2,63.9,26.44,450.86,24.946250000000003,21.88,28.31,65.50083333333333,451.4566666666667,24.0,7.3,,7.25,3.18,0.0,3.1733333333333333,24.2,-1.0,23.5,26830.0,EC_High,pH_High
EXP.2,2024-05-01,19,10:00,2024-05-01 10:00:00,R2T1,T1,6.4,1.84,0.92,23.1,61.9,23.59,455.0,22.669999999999998,18.46,26.3,63.21434782608696,456.29391304347826,23.0,6.2,0.20000000000000018,6.266666666666667,1.64,0.20000000000000018,1.7066666666666668,26.2,-3.099999999999998,24.166666666666668,26880.0,Normal,Normal
EXP.3,2024-05-22,2,10:00,2024-05-22 10:00:00,R1T1,T1,7.0,2.6,1.3,21.7,58.98,26.31,442.47,25.58583333333333,23.05,28.88,60.81166666666667,445.5541666666666,24.0,6.8,0.20000000000000018,6.8999999999999995,2.6,0.0,2.4566666666666666,22.5,-0.8000000000000007,21.866666666666664,1944.0,EC_High,pH_High
EXP.1,2024-03-20,11,10:00,2024-03-20 10:00:00,R3T1,T1,5.3,2.01,1.005,23.6,51.46,22.97,436.88,18.465833333333332,10.63,26.32,57.98916666666667,471.80041666666665,24.0,5.5,-0.20000000000000018,5.433333333333334,1.95,0.05999999999999983,1.9766666666666666,24.3,-0.6999999999999993,23.900000000000002,36200.0,pH_Low,Normal
EXP.1,2024-03-20,11,10:00,2024-03-20 10:00:00,R1T1,T1,5.4,1.9,0.95,22.2,51.46,22.97,436.88,18.465833333333332,10.63,26.32,57.98916666666667,471.80041666666665,24.0,5.6,-0.1999999999999993,5.533333333333332,1.89,0.010000000000000009,1.89,25.1,-2.900000000000002,23.3,36200.0,pH_Low,Normal
EXP.1,2024-03-14,5,14:00,2024-03-14 14:00:00,R3T2,T2,6.4,1.82,0.91,28.0,51.77,23.6,410.9,19.02125,13.28,25.03,59.577916666666674,449.6683333333333,24.0,6.4,0.0,6.433333333333334,1.82,0.0,1.8366666666666667,26.2,1.8000000000000007,26.733333333333334,,WaterTemp_High,Multiple_Stress
EXP.1,2024-03-26,17,14:00,2024-03-26 14:00:00,R3T1,T1,5.9,1.82,0.91,24.3,49.47,22.7,426.84,18.962083333333336,11.18,26.05,56.142500000000005,478.01416666666665,24.0,5.9,0.0,5.9,1.82,0.0,1.82,22.7,1.6000000000000014,23.5,,Humidity_Low,Humidity_Low
EXP.2,2024-04-22,10,10:00,2024-04-22 10:00:00,R3T1,T1,6.1,1.73,0.865,25.4,49.44,25.39,445.85,22.242083333333337,16.06,27.87,56.00833333333333,462.3645833333333,24.0,6.2,-0.10000000000000053,6.0,1.73,0.0,1.7366666666666666,26.0,-0.6000000000000014,25.0,77040.0,Humidity_Low,Humidity_Low
EXP.3,2024-05-23,3,10:00,2024-05-23 10:00:00,R2T2,T2,7.6,1.76,0.88,22.5,58.77,27.08,448.88,25.587500000000002,23.22,30.39,61.07333333333333,448.56375,24.0,7.7,-0.10000000000000053,7.633333333333333,2.5,-0.74,2.2533333333333334,21.2,1.3000000000000007,22.3,1664.0,pH_High,pH_High
EXP.3,2024-05-23,3,14:00,2024-05-23 14:00:00,R2T2,T2,7.7,2.2,1.1,24.1,54.77,27.05,431.44,25.587500000000002,23.22,30.39,61.07333333333333,448.56375,24.0,7.6,0.10000000000000053,7.666666666666667,1.76,0.44000000000000017,2.1533333333333333,22.5,1.6000000000000014,22.599999999999998,33360.0,pH_High,pH_High
EXP.1,2024-03-10,1,14:00,2024-03-10 14:00:00,R1T2,T2,6.8,1.57,0.78,22.7,47.64,24.74,410.58,20.493846153846157,13.26,25.27,50.81230769230769,429.5115384615384,13.0,,,6.8,,,1.57,,,22.7,48300.0,Humidity_Low,Humidity_Low
EXP.1,2024-03-26,17,10:00,2024-03-26 10:00:00,R3T1,T1,5.9,1.82,0.91,22.7,48.26,24.78,439.17,18.962083333333336,11.18,26.05,56.142500000000005,478.01416666666665,24.0,,,5.9,,,1.82,,,22.4,74420.0,Humidity_Low,Humidity_Low
EXP.2,2024-05-04,22,14:00,2024-05-04 14:00:00,R2T2,T2,6.3,2.91,1.455,22.6,56.91,24.39,443.4,22.152916666666666,17.85,26.65,62.1775,466.26875,24.0,6.3,0.0,6.333333333333333,2.56,0.3500000000000001,2.69,19.3,3.3000000000000007,21.46666666666667,32550.0,EC_High,EC_High
EXP.2,2024-05-08,26,10:00,2024-05-08 10:00:00,R2T2,T2,6.4,2.53,1.265,18.1,54.99,25.36,440.29,19.66208333333333,15.98,25.36,55.39083333333334,451.8008333333333,24.0,6.0,0.40000000000000036,6.3999999999999995,2.48,0.04999999999999982,2.5033333333333334,19.1,-1.0,18.033333333333335,25600.0,EC_High,Normal
EXP.2,2024-04-28,16,14:00,2024-04-28 14:00:00,R1T2,T2,5.9,2.2,1.1,26.2,56.07,24.15,442.47,22.252499999999998,18.61,27.42,61.467083333333335,463.61291666666665,24.0,5.9,0.0,5.9,2.2,0.0,2.1966666666666668,22.3,3.8999999999999986,24.96666666666667,32660.0,WaterTemp_High,Normal
EXP.1,2024-03-27,18,10:00,2024-03-27 10:00:00,R2T2,T2,6.5,1.78,0.89,24.1,49.17,25.06,441.42,21.109583333333333,16.16,26.28,55.38833333333333,450.795,24.0,6.1,0.40000000000000036,6.2,1.82,-0.040000000000000036,1.8099999999999998,24.6,-0.5,23.366666666666664,79530.0,Humidity_Low,Humidity_Low
EXP.2,2024-04-20,8,14:00,2024-04-20 14:00:00,R1T2,T2,5.7,2.3,1.15,25.8,49.29,26.91,418.79,22.569999999999997,16.61,29.55,57.791666666666664,447.3833333333334,24.0,5.8,-0.09999999999999964,5.8999999999999995,2.22,0.07999999999999963,2.243333333333333,25.2,0.6000000000000014,26.433333333333334,,Humidity_Low,Normal
EXP.1,2024-03-20,11,10:00,2024-03-20 10:00:00,R1T2,T2,5.0,1.93,0.965,24.1,51.46,22.97,436.88,18.465833333333332,10.63,26.32,57.98916666666667,471.80041666666665,24.0,5.2,-0.20000000000000018,5.133333333333333,1.87,0.05999999999999983,1.9033333333333333,25.4,-1.2999999999999972,24.733333333333334,36200.0,pH_Low,Normal
EXP.1,2024-03-12,3,14:00,2024-03-12 14:00:00,R1T2,T2,5.4,1.98,0.99,25.4,50.59,22.78,404.6,17.968125,11.27,25.45,57.156875,432.4475,16.0,5.4,0.0,5.4,1.98,0.0,1.9666666666666668,21.4,4.0,23.099999999999998,45190.0,pH_Low,Normal
EXP.2,2024-05-08,26,10:00,2024-05-08 10:00:00,R2T2,T2,6.4,2.53,1.265,18.1,54.99,25.36,440.29,19.66208333333333,15.98,25.36,55.39083333333334,451.8008333333333,24.0,6.0,0.40000000000000036,6.3999999999999995,2.48,0.04999999999999982,2.5033333333333334,19.1,-1.0,18.033333333333335,25600.0,EC_High,Normal
EXP.1,2024-04-01,23,14:00,2024-04-01 14:00:00,R1T1,T1,6.8,1.23,0.615,27.4,52.18,26.42,410.96,22.912499999999998,17.47,30.8,57.57416666666666,448.78541666666666,24.0,6.8,0.0,6.8,1.58,-0.3500000000000001,1.405,25.2,2.1999999999999993,26.299999999999997,,WaterTemp_High,Normal
EXP.2,2024-05-10,28,10:00,2024-05-10 10:00:00,R1T1,T1,6.5,1.78,0.89,18.9,51.58,24.34,420.96,23.433333333333334,20.66,26.33,53.267500000000005,426.5108333333333,24.0,6.3,0.20000000000000018,6.3999999999999995,1.77,0.010000000000000009,1.78,20.6,-1.7000000000000028,19.5,23500.0,Normal,Normal
EXP.1,2024-03-19,10,10:00,2024-03-19 10:00:00,R3T2,T2,5.7,1.76,0.88,27.3,54.42,26.66,437.08,18.850416666666664,12.59,28.13,59.45541666666667,459.2029166666667,24.0,5.6,0.10000000000000053,5.566666666666667,1.81,-0.050000000000000044,1.78,27.9,-0.5999999999999979,27.433333333333334,75050.0,WaterTemp_High,Multiple_Stress
EXP.3,2024-06-12,23,10:00,2024-06-12 10:00:00,R2T2,T2,,3.18,1.59,23.2,63.9,26.44,450.86,24.946250000000003,21.88,28.31,65.50083333333333,451.4566666666667,24.0,7.3,,7.25,3.18,0.0,3.1733333333333333,24.2,-1.0,23.5,26830.0,EC_High,pH_High
EXP.1,2024-03-20,11,14:00,2024-03-20 14:00:00,R3T2,T2,5.8,1.75,0.875,26.7,51.07,22.97,424.04,18.465833333333332,10.63,26.32,57.98916666666667,471.80041666666665,24.0,5.4,0.39999999999999947,5.633333333333334,1.84,-0.09000000000000008,1.7833333333333334,26.1,0.5999999999999979,26.7,,WaterTemp_High,Normal
EXP.2,2024-04-14,2,10:00,2024-04-14 10:00:00,R1T2,T2,6.8,1.9,0.95,18.1,59.4,30.0,,,,,,,,6.6,0.20000000000000018,6.699999999999999,2.46,-0.56,2.1799999999999997,18.3,-0.1999999999999993,18.200000000000003,2554.0,Normal,pH_High
EXP.2,2024-04-18,6,14:00,2024-04-18 14:00:00,R2T1,T1,6.7,1.75,0.875,25.8,49.91,26.83,421.75,23.874166666666667,19.62,28.26,56.20291666666666,448.48291666666665,24.0,6.7,0.0,6.7,1.71,0.040000000000000036,1.61,25.8,0.0,26.333333333333332,,Humidity_Low,Normal
EXP.1,2024-03-20,11,10:00,2024-03-20 10:00:00,R1T1,T1,5.4,1.9,0.95,22.2,51.46,22.97,436.88,18.465833333333332,10.63,26.32,57.98916666666667,471.80041666666665,24.0,5.6,-0.1999999999999993,5.533333333333332,1.89,0.010000000000000009,1.89,25.1,-2.900000000000002,23.3,36200.0,pH_Low,Normal
EXP.1,2024-03-22,13,14:00,2024-03-22 14:00:00,R2T1,T1,5.7,1.88,0.94,24.4,49.81,23.95,406.99,18.142083333333336,10.66,25.6,57.46875,456.0833333333333,24.0,5.8,-0.09999999999999964,5.766666666666666,1.88,0.0,1.8866666666666667,24.0,0.3999999999999986,24.099999999999998,,Humidity_Low,Humidity_Low
EXP.1,2024-03-26,17,14:00,2024-03-26 14:00:00,R1T1,T1,6.1,1.82,0.91,27.9,49.47,22.7,426.84,18.962083333333336,11.18,26.05,56.142500000000005,478.01416666666665,24.0,6.3,-0.20000000000000018,6.199999999999999,1.81,0.010000000000000009,1.815,22.8,5.099999999999998,25.35,,Multiple_Stress,Humidity_Low
EXP.2,2024-04-24,12,14:00,2024-04-24 14:00:00,R1T2,T2,5.7,2.2,1.1,28.9,42.44,30.86,413.91,26.683333333333334,19.89,34.84,50.62583333333333,442.87125,24.0,5.8,-0.09999999999999964,5.766666666666667,2.18,0.020000000000000018,2.186666666666667,25.6,3.299999999999997,25.8,5162.0,Multiple_Stress,Normal
EXP.1,2024-03-23,14,14:00,2024-03-23 14:00:00,R2T1,T1,,,0.0,,48.25,24.7,408.7,18.180799999999998,10.34,25.37,56.098,457.46479999999997,25.0,5.7,,5.749999999999999,1.88,,1.88,24.4,,24.199999999999996,,Humidity_Low,Normal
EXP.2,2024-04-27,15,14:00,2024-04-27 14:00:00,R2T1,T1,6.0,1.7,0.85,26.2,56.15,23.47,437.55,22.160416666666666,18.46,26.74,61.01666666666667,458.7083333333333,24.0,5.9,0.09999999999999964,5.866666666666667,1.7,0.0,1.7,22.0,4.199999999999999,24.866666666666664,29810.0,WaterTemp_High,Normal
EXP.2,2024-04-27,15,14:00,2024-04-27 14:00:00,R3T2,T2,5.8,2.23,1.115,26.5,56.15,23.47,437.55,22.160416666666666,18.46,26.74,61.01666666666667,458.7083333333333,24.0,5.7,0.09999999999999964,5.699999999999999,2.24,-0.010000000000000231,2.2333333333333334,22.4,4.100000000000001,25.3,29810.0,WaterTemp_High,Normal
EXP.1,2024-03-30,21,14:00,2024-03-30 14:00:00,R3T1,T1,6.7,1.74,0.87,27.5,53.07,25.79,419.13,21.84875,17.33,26.97,60.32583333333333,455.5841666666667,24.0,6.6,0.10000000000000053,6.633333333333333,1.67,0.07000000000000006,1.7299999999999998,25.3,2.1999999999999993,26.333333333333332,,WaterTemp_High,Normal
EXP.1,2024-04-03,25,10:00,2024-04-03 10:00:00,R2T1,T1,5.9,1.76,0.88,24.5,,,,,,,,,,6.1,-0.1999999999999993,6.066666666666666,1.82,-0.06000000000000005,1.8033333333333335,28.0,-3.5,25.96666666666667,,Normal,WaterTemp_High
EXP.3,2024-06-13,24,10:00,2024-06-13 10:00:00,R2T2,T2,7.3,2.16,1.08,22.6,64.0,27.83,449.24,26.022916666666664,22.96,30.33,65.69125,447.28833333333336,24.0,,,7.3,3.18,-1.02,2.84,23.2,-0.5999999999999979,23.333333333333332,23290.0,pH_High,Multiple_Stress
EXP.3,2024-06-10,21,14:00,2024-06-10 14:00:00,R2T1,T1,6.5,3.02,1.51,24.9,60.1,28.96,436.92,25.564166666666665,23.01,29.41,66.66666666666667,453.6458333333333,24.0,6.2,0.2999999999999998,6.366666666666667,3.1,-0.08000000000000007,3.0533333333333332,21.2,3.6999999999999993,23.266666666666666,,EC_High,EC_High
EXP.1,2024-03-20,11,14:00,2024-03-20 14:00:00,R3T2,T2,5.8,1.75,0.875,26.7,51.07,22.97,424.04,18.465833333333332,10.63,26.32,57.98916666666667,471.80041666666665,24.0,5.4,0.39999999999999947,5.633333333333334,1.84,-0.09000000000000008,1.7833333333333334,26.1,0.5999999999999979,26.7,,WaterTemp_High,Normal
EXP.2,2024-04-27,15,14:00,2024-04-27 14:00:00,R3T2,T2,5.8,2.23,1.115,26.5,56.15,23.47,437.55,22.160416666666666,18.46,26.74,61.01666666666667,458.7083333333333,24.0,5.7,0.09999999999999964,5.699999999999999,2.24,-0.010000000000000231,2.2333333333333334,22.4,4.100000000000001,25.3,29810.0,WaterTemp_High,Normal
EXP.3,2024-05-23,3,10:00,2024-05-23 10:00:00,R2T2,T2,7.6,1.76,0.88,22.5,58.77,27.08,448.88,25.587500000000002,23.22,30.39,61.07333333333333,448.56375,24.0,7.7,-0.10000000000000053,7.633333333333333,2.5,-0.74,2.2533333333333334,21.2,1.3000000000000007,22.3,1664.0,pH_High,pH_High
EXP.1,2024-03-20,11,10:00,2024-03-20 10:00:00,R1T2,T2,5.0,1.93,0.965,24.1,51.46,22.97,436.88,18.465833333333332,10.63,26.32,57.98916666666667,471.80041666666665,24.0,5.2,-0.20000000000000018,5.133333333333333,1.87,0.05999999999999983,1.9033333333333333,25.4,-1.2999999999999972,24.733333333333334,36200.0,pH_Low,Normal
EXP.1,2024-03-16,7,14:00,2024-03-16 14:00:00,R1T1,T1,5.7,1.9,0.95,23.9,51.83,25.06,418.29,19.078333333333333,13.63,26.09,57.51125,455.28416666666664,24.0,5.7,0.0,5.733333333333333,1.94,-0.040000000000000036,1.9266666666666667,23.0,0.8999999999999986,23.733333333333334,,Normal,Normal
EXP.3,2024-06-08,19,10:00,2024-06-08 10:00:00,R3T2,T2,7.0,2.9,1.45,23.1,61.53,28.84,461.1,26.795833333333334,23.75,31.0,63.401250000000005,459.2945833333333,24.0,7.5,-0.5,7.366666666666667,1.58,1.3199999999999998,2.38,22.9,0.20000000000000284,22.26666666666667,,EC_High,Multiple_Stress
EXP.1,2024-03-18,9,10:00,2024-03-18 10:00:00,R1T2,T2,5.2,1.91,0.955,24.7,53.95,26.53,426.75,18.576249999999998,13.61,26.53,59.49125,457.72125,24.0,5.1,0.10000000000000053,5.3,1.89,0.020000000000000018,1.9166666666666667,24.9,-0.1999999999999993,24.933333333333334,27600.0,pH_Low,pH_Low
EXP.2,2024-04-20,8,14:00,2024-04-20 14:00:00,R1T1,T1,6.1,1.79,0.895,28.3,49.29,26.91,418.79,22.569999999999997,16.61,29.55,57.791666666666664,447.3833333333334,24.0,5.9,0.1999999999999993,6.033333333333332,1.79,0.0,1.7933333333333332,22.8,5.5,26.3,,Multiple_Stress,Normal
EXP.2,2024-05-12,30,10:00,2024-05-12 10:00:00,R1T1,T1,7.1,1.75,0.875,19.8,58.0,23.38,443.59,21.3575,17.48,25.23,59.34791666666666,446.99291666666664,24.0,6.5,0.5999999999999996,6.7,1.74,0.010000000000000009,1.7599999999999998,23.1,-3.3000000000000007,20.566666666666666,33100.0,pH_High,pH_High
EXP.1,2024-03-20,11,10:00,2024-03-20 10:00:00,R3T1,T1,5.3,2.01,1.005,23.6,51.46,22.97,436.88,18.465833333333332,10.63,26.32,57.98916666666667,471.80041666666665,24.0,5.5,-0.20000000000000018,5.433333333333334,1.95,0.05999999999999983,1.9766666666666666,24.3,-0.6999999999999993,23.900000000000002,36200.0,pH_Low,Normal
EXP.3,2024-06-17,28,14:00,2024-06-17 14:00:00,R2T2,T2,7.6,2.82,1.41,22.5,56.84,27.5,439.5,25.07375,22.48,27.5,63.709583333333335,456.3416666666667,24.0,7.6,0.0,7.6,2.86,-0.040000000000000036,2.8366666666666664,21.2,1.3000000000000007,22.366666666666664,,Multiple_Stress,
EXP.3,2024-06-12,23,10:00,2024-06-12 10:00:00,R3T1,T1,,3.09,1.545,22.7,63.9,26.44,450.86,24.946250000000003,21.88,28.31,65.50083333333333,451.4566666666667,24.0,6.8,,6.8,3.09,0.0,3.0866666666666664,24.5,-1.8000000000000007,23.266666666666666,26830.0,EC_High,Multiple_Stress
EXP.3,2024-06-10,21,14:00,2024-06-10 14:00:00,R1T2,T2,7.0,2.77,1.385,24.1,60.1,28.96,436.92,25.564166666666665,23.01,29.41,66.66666666666667,453.6458333333333,24.0,6.7,0.2999999999999998,6.8,2.77,0.0,2.766666666666666,21.0,3.1000000000000014,22.8,,EC_High,Multiple_Stress
EXP.1,2024-04-03,25,14:00,2024-04-03 14:00:00,R3T1,T1,6.4,1.53,,26.6,61.7,26.3,,,,,,,,6.3,0.10000000000000053,6.366666666666667,1.53,0.0,1.5533333333333335,25.0,1.6000000000000014,26.2,65870.0,WaterTemp_High,Multiple_Stress
EXP.1,2024-03-12,3,14:00,2024-03-12 14:00:00,R1T2,T2,5.4,1.98,0.99,25.4,50.59,22.78,404.6,17.968125,11.27,25.45,57.156875,432.4475,16.0,5.4,0.0,5.4,1.98,0.0,1.9666666666666668,21.4,4.0,23.099999999999998,45190.0,pH_Low,Normal
EXP.3,2024-06-14,25,10:00,2024-06-14 10:00:00,R1T2,T2,7.3,3.01,1.505,23.3,49.68,40.45,468.82,30.522499999999997,24.39,44.49,57.343333333333334,456.2191666666667,24.0,7.1,0.20000000000000018,7.266666666666667,3.02,-0.010000000000000231,2.9599999999999995,23.8,-0.5,23.033333333333335,,Multiple_Stress,Multiple_Stress
EXP.2,2024-04-14,2,14:00,2024-04-14 14:00:00,R2T2,T2,7.2,2.5,1.25,20.0,64.2,25.3,,,,,,,,6.7,0.5,7.0,2.26,0.2400000000000002,2.44,17.9,2.1000000000000014,18.8,12720.0,pH_High,Normal
EXP.3,2024-06-13,24,10:00,2024-06-13 10:00:00,R2T1,T1,7.2,3.11,1.555,22.2,64.0,27.83,449.24,26.022916666666664,22.96,30.33,65.69125,447.28833333333336,24.0,7.0,0.20000000000000018,7.1,3.22,-0.11000000000000032,3.203333333333333,23.3,-1.1000000000000014,22.799999999999997,23290.0,Multiple_Stress,Multiple_Stress
EXP.2,2024-04-26,14,10:00,2024-04-26 10:00:00,R2T1,T1,5.7,1.7,0.85,23.5,60.11,23.95,456.51,22.731739130434786,18.97,27.27,60.44869565217391,453.9904347826087,23.0,5.8,-0.09999999999999964,5.733333333333333,1.7,0.0,1.7,27.0,-3.5,24.833333333333332,20070.0,Normal,WaterTemp_High
EXP.3,2024-06-10,21,10:00,2024-06-10 10:00:00,R3T2,T2,6.8,2.91,1.455,21.7,66.53,27.37,481.77,25.564166666666665,23.01,29.41,66.66666666666667,453.6458333333333,24.0,6.8,0.0,6.833333333333333,2.92,-0.009999999999999787,2.92,23.8,-2.1000000000000014,22.53333333333333,,EC_High,EC_High
EXP.3,2024-05-23,3,14:00,2024-05-23 14:00:00,R2T2,T2,7.7,2.2,1.1,24.1,54.77,27.05,431.44,25.587500000000002,23.22,30.39,61.07333333333333,448.56375,24.0,7.6,0.10000000000000053,7.666666666666667,1.76,0.44000000000000017,2.1533333333333333,22.5,1.6000000000000014,22.599999999999998,33360.0,pH_High,pH_High
EXP.1,2024-03-10,1,14:00,2024-03-10 14:00:00,R1T1,T1,6.9,1.61,0.8,22.5,47.64,24.74,410.58,20.493846153846157,13.26,25.27,50.81230769230769,429.5115384615384,13.0,,,6.9,,,1.61,,,22.5,48300.0,Humidity_Low,Multiple_Stress
EXP.1,2024-03-14,5,14:00,2024-03-14 14:00:00,R2T2,T2,5.9,2.02,1.01,25.6,51.77,23.6,410.9,19.02125,13.28,25.03,59.577916666666674,449.6683333333333,24.0,5.9,0.0,5.9,2.0,0.020000000000000018,2.0100000000000002,22.9,2.700000000000003,24.633333333333336,,Normal,Humidity_Low
EXP.3,2024-05-23,3,10:00,2024-05-23 10:00:00,R3T2,T2,7.7,1.75,0.875,22.8,58.77,27.08,448.88,25.587500000000002,23.22,30.39,61.07333333333333,448.56375,24.0,7.6,0.10000000000000053,7.6000000000000005,2.8,-1.0499999999999998,2.4166666666666665,22.0,0.8000000000000007,22.833333333333332,1664.0,pH_High,Multiple_Stress
EXP.1,2024-04-01,23,10:00,2024-04-01 10:00:00,R1T2,T2,6.4,1.67,0.835,27.7,53.56,27.25,428.75,22.912499999999998,17.47,30.8,57.57416666666666,448.78541666666666,24.0,,,6.4,,,1.67,,,27.7,,WaterTemp_High,WaterTemp_High
EXP.1,2024-04-03,25,14:00,2024-04-03 14:00:00,R3T2,T2,6.5,1.65,,28.6,61.7,26.3,,,,,,,,6.4,0.09999999999999964,6.466666666666668,1.64,0.010000000000000009,1.6666666666666667,28.4,0.20000000000000284,28.8,65870.0,WaterTemp_High,Multiple_Stress
EXP.3,2024-05-21,1,14:00,2024-05-21 14:00:00,R1T1,T1,6.8,2.6,1.3,22.5,53.42,27.65,426.63,25.346666666666668,22.29,27.7,59.06458333333333,450.37083333333334,24.0,6.9,-0.10000000000000053,6.85,2.17,0.43000000000000016,2.385,21.4,1.1000000000000014,21.95,,EC_High,EC_High
EXP.3,2024-06-08,19,10:00,2024-06-08 10:00:00,R3T1,T1,6.0,2.9,1.45,22.6,61.53,28.84,461.1,26.795833333333334,23.75,31.0,63.401250000000005,459.2945833333333,24.0,7.0,-1.0,6.7,1.65,1.25,2.1766666666666663,22.2,0.40000000000000213,21.733333333333334,,EC_High,Multiple_Stress
EXP.2,2024-04-24,12,14:00,2024-04-24 14:00:00,R1T2,T2,5.7,2.2,1.1,28.9,42.44,30.86,413.91,26.683333333333334,19.89,34.84,50.62583333333333,442.87125,24.0,5.8,-0.09999999999999964,5.766666666666667,2.18,0.020000000000000018,2.186666666666667,25.6,3.299999999999997,25.8,5162.0,Multiple_Stress,Normal
EXP.3,2024-05-21,1,14:00,2024-05-21 14:00:00,R1T1,T1,6.8,2.6,1.3,22.5,53.42,27.65,426.63,25.346666666666668,22.29,27.7,59.06458333333333,450.37083333333334,24.0,6.9,-0.10000000000000053,6.85,2.17,0.43000000000000016,2.385,21.4,1.1000000000000014,21.95,,EC_High,EC_High
EXP.2,2024-04-23,11,10:00,2024-04-23 10:00:00,R3T1,T1,5.7,1.73,0.865,24.3,47.19,30.0,442.42,24.49625,17.34,34.79,53.95791666666667,456.20625,24.0,6.0,-0.2999999999999998,5.933333333333334,1.73,0.0,1.73,25.4,-1.0999999999999979,25.03333333333333,70360.0,Humidity_Low,Multiple_Stress
EXP.2,2024-04-24,12,14:00,2024-04-24 14:00:00,R3T2,T2,5.6,2.25,1.125,29.8,42.44,30.86,413.91,26.683333333333334,19.89,34.84,50.62583333333333,442.87125,24.0,5.7,-0.10000000000000053,5.633333333333333,2.24,0.009999999999999787,2.24,26.7,3.1000000000000014,28.23333333333333,5162.0,Multiple_Stress,Normal
EXP.1,2024-03-26,17,14:00,2024-03-26 14:00:00,R2T2,T2,6.1,1.82,0.91,24.6,49.47,22.7,426.84,18.962083333333336,11.18,26.05,56.142500000000005,478.01416666666665,24.0,6.0,0.09999999999999964,6.05,1.83,-0.010000000000000009,1.8250000000000002,21.4,3.200000000000003,23.0,,Humidity_Low,Humidity_Low
EXP.3,2024-05-21,1,10:00,2024-05-21 10:00:00,R2T2,T2,7.8,2.8,1.4,21.3,56.85,27.24,457.03,25.346666666666668,22.29,27.7,59.06458333333333,450.37083333333334,24.0,,,7.8,,,2.8,,,21.3,,Multiple_Stress,pH_High
EXP.1,2024-03-16,7,14:00,2024-03-16 14:00:00,R1T2,T2,5.6,1.95,0.975,25.2,51.83,25.06,418.29,19.078333333333333,13.63,26.09,57.51125,455.28416666666664,24.0,5.5,0.09999999999999964,5.533333333333334,1.95,0.0,1.95,23.7,1.5,25.03333333333333,,Normal,pH_Low
EXP.1,2024-03-11,2,10:00,2024-03-11 10:00:00,R1T2,T2,5.6,1.94,0.97,18.6,48.4,24.34,425.57,17.557916666666667,9.81,25.72,55.17083333333333,448.75083333333333,24.0,6.8,-1.2000000000000002,6.199999999999999,1.57,0.3699999999999999,1.755,22.7,-4.099999999999998,20.65,50330.0,Humidity_Low,Multiple_Stress
EXP.1,2024-03-19,10,10:00,2024-03-19 10:00:00,R2T1,T1,5.7,1.93,0.965,24.5,54.42,26.66,437.08,18.850416666666664,12.59,28.13,59.45541666666667,459.2029166666667,24.0,5.7,0.0,5.7,1.95,-0.020000000000000018,1.9400000000000002,22.6,1.8999999999999986,23.866666666666664,75050.0,Normal,Normal
EXP.2,2024-04-19,7,14:00,2024-04-19 14:00:00,R3T2,T2,6.9,2.25,1.125,27.6,50.41,26.37,425.01,22.238333333333333,17.55,28.12,58.35375,454.3254166666666,24.0,5.8,1.1000000000000005,6.333333333333333,2.27,-0.020000000000000018,2.24,25.8,1.8000000000000007,26.666666666666668,,WaterTemp_High,Normal
EXP.2,2024-04-27,15,14:00,2024-04-27 14:00:00,R3T1,T1,6.0,1.72,0.86,26.4,56.15,23.47,437.55,22.160416666666666,18.46,26.74,61.01666666666667,458.7083333333333,24.0,6.0,0.0,5.966666666666666,1.73,-0.010000000000000009,1.7299999999999998,22.2,4.199999999999999,25.03333333333333,29810.0,WaterTemp_High,Normal
EXP.1,2024-03-20,11,10:00,2024-03-20 10:00:00,R3T1,T1,5.3,2.01,1.005,23.6,51.46,22.97,436.88,18.465833333333332,10.63,26.32,57.98916666666667,471.80041666666665,24.0,5.5,-0.20000000000000018,5.433333333333334,1.95,0.05999999999999983,1.9766666666666666,24.3,-0.6999999999999993,23.900000000000002,36200.0,pH_Low,Normal
EXP.1,2024-03-30,21,14:00,2024-03-30 14:00:00,R3T2,T2,7.2,1.43,0.715,28.5,53.07,25.79,419.13,21.84875,17.33,26.97,60.32583333333333,455.5841666666667,24.0,6.7,0.5,6.866666666666667,1.67,-0.24,1.6266666666666667,24.0,4.5,26.566666666666666,,Multiple_Stress,Normal
EXP.1,2024-04-03,25,14:00,2024-04-03 14:00:00,R2T1,T1,6.1,1.76,,26.5,61.7,26.3,,,,,,,,5.9,0.1999999999999993,6.033333333333334,1.76,0.0,1.78,24.5,2.0,26.333333333333332,65870.0,WaterTemp_High,Multiple_Stress
EXP.2,2024-04-23,11,14:00,2024-04-23 14:00:00,R1T2,T2,5.8,2.18,1.09,22.9,45.63,29.8,419.25,24.49625,17.34,34.79,53.95791666666667,456.20625,24.0,5.7,0.09999999999999964,5.866666666666667,2.18,0.0,2.1766666666666667,24.8,-1.9000000000000021,24.46666666666667,6212.0,Humidity_Low,Multiple_Stress
EXP.2,2024-04-27,15,14:00,2024-04-27 14:00:00,R2T1,T1,6.0,1.7,0.85,26.2,56.15,23.47,437.55,22.160416666666666,18.46,26.74,61.01666666666667,458.7083333333333,24.0,5.9,0.09999999999999964,5.866666666666667,1.7,0.0,1.7,22.0,4.199999999999999,24.866666666666664,29810.0,WaterTemp_High,Normal
EXP.3,2024-06-10,21,10:00,2024-06-10 10:00:00,R1T1,T1,6.1,2.73,1.365,21.6,66.53,27.37,481.77,25.564166666666665,23.01,29.41,66.66666666666667,453.6458333333333,24.0,6.1,0.0,6.1,2.68,0.04999999999999982,2.72,23.7,-2.099999999999998,22.400000000000002,,EC_High,EC_High
EXP.2,2024-05-06,24,14:00,2024-05-06 14:00:00,R1T2,T2,6.4,2.52,1.26,21.1,52.5,25.73,439.29,20.535,16.73,25.73,55.959583333333335,462.6325,24.0,6.5,-0.09999999999999964,6.433333333333334,2.58,-0.06000000000000005,2.533333333333333,17.2,3.900000000000002,20.03333333333333,35770.0,EC_High,Normal
EXP.1,2024-03-15,6,10:00,2024-03-15 10:00:00,R1T2,T2,5.5,1.95,0.975,26.2,47.81,26.82,407.63,19.426666666666666,11.81,29.17,54.786249999999995,447.69416666666666,24.0,5.6,-0.09999999999999964,5.533333333333332,1.95,0.0,1.95,26.0,0.1999999999999993,25.733333333333334,,Multiple_Stress,Normal
EXP.2,2024-05-04,22,14:00,2024-05-04 14:00:00,R2T2,T2,6.3,2.91,1.455,22.6,56.91,24.39,443.4,22.152916666666666,17.85,26.65,62.1775,466.26875,24.0,6.3,0.0,6.333333333333333,2.56,0.3500000000000001,2.69,19.3,3.3000000000000007,21.46666666666667,32550.0,EC_High,EC_High
EXP.2,2024-04-19,7,14:00,2024-04-19 14:00:00,R1T1,T1,6.1,1.8,0.9,27.8,50.41,26.37,425.01,22.238333333333333,17.55,28.12,58.35375,454.3254166666666,24.0,6.3,-0.20000000000000018,6.3999999999999995,1.78,0.020000000000000018,1.7766666666666666,24.7,3.1000000000000014,26.100000000000005,,WaterTemp_High,Normal
EXP.1,2024-03-22,13,14:00,2024-03-22 14:00:00,R1T2,T2,5.5,1.8,0.9,25.5,49.81,23.95,406.99,18.142083333333336,10.66,25.6,57.46875,456.0833333333333,24.0,5.6,-0.09999999999999964,5.566666666666666,1.8,0.0,1.8,23.5,2.0,24.566666666666666,,Humidity_Low,Humidity_Low
EXP.2,2024-05-02,20,10:00,2024-05-02 10:00:00,R2T1,T1,6.5,1.82,0.91,23.8,61.58,24.28,449.52,22.66875,19.23,25.25,63.38916666666666,458.70166666666665,24.0,6.4,0.09999999999999964,6.366666666666667,1.84,-0.020000000000000018,1.7666666666666668,23.1,0.6999999999999993,24.366666666666664,39420.0,Normal,Normal
EXP.2,2024-05-04,22,10:00,2024-05-04 10:00:00,R1T2,T2,6.3,2.59,1.295,19.5,62.99,23.26,466.06,22.152916666666666,17.85,26.65,62.1775,466.26875,24.0,6.4,-0.10000000000000053,6.366666666666667,2.61,-0.020000000000000018,2.5,22.4,-2.8999999999999986,20.733333333333334,25700.0,EC_High,Normal
EXP.1,2024-03-30,21,14:00,2024-03-30 14:00:00,R2T2,T2,6.6,1.73,0.865,28.7,53.07,25.79,419.13,21.84875,17.33,26.97,60.32583333333333,455.5841666666667,24.0,6.9,-0.3000000000000007,6.733333333333333,1.65,0.08000000000000007,1.7133333333333332,24.3,4.399999999999999,26.433333333333334,,WaterTemp_High,Normal
EXP.1,2024-03-26,17,10:00,2024-03-26 10:00:00,R1T2,T2,5.7,1.79,0.895,24.1,48.26,24.78,439.17,18.962083333333336,11.18,26.05,56.142500000000005,478.01416666666665,24.0,,,5.7,,,1.8,,,23.5,74420.0,Humidity_Low,Humidity_Low
EXP.1,2024-03-22,13,14:00,2024-03-22 14:00:00,R2T1,T1,5.7,1.88,0.94,24.4,49.81,23.95,406.99,18.142083333333336,10.66,25.6,57.46875,456.0833333333333,24.0,5.8,-0.09999999999999964,5.766666666666666,1.88,0.0,1.8866666666666667,24.0,0.3999999999999986,24.099999999999998,,Humidity_Low,Humidity_Low
EXP.1,2024-03-27,18,14:00,2024-03-27 14:00:00,R3T1,T1,6.4,1.78,0.89,25.0,47.77,24.09,418.54,21.109583333333333,16.16,26.28,55.38833333333333,450.795,24.0,6.2,0.20000000000000018,6.166666666666667,1.78,0.0,1.7933333333333332,24.6,0.3999999999999986,24.633333333333336,36530.0,Humidity_Low,Normal
EXP.1,2024-03-19,10,10:00,2024-03-19 10:00:00,R1T2,T2,5.2,1.87,0.935,25.4,54.42,26.66,437.08,18.850416666666664,12.59,28.13,59.45541666666667,459.2029166666667,24.0,5.2,0.0,5.166666666666667,1.91,-0.039999999999999813,1.89,24.7,0.6999999999999993,25.0,75050.0,pH_Low,pH_Low
EXP.1,2024-03-14,5,14:00,2024-03-14 14:00:00,R1T2,T2,5.6,1.95,0.975,26.0,51.77,23.6,410.9,19.02125,13.28,25.03,59.577916666666674,449.6683333333333,24.0,5.5,0.09999999999999964,5.533333333333332,1.95,0.0,1.95,25.0,1.0,25.433333333333337,,Normal,Multiple_Stress
EXP.2,2024-04-30,18,10:00,2024-04-30 10:00:00,R1T2,T2,6.0,2.19,1.095,23.2,60.1,24.32,452.01,22.271666666666665,18.46,26.36,62.16041666666666,453.81333333333333,24.0,6.0,0.0,6.0,1.7,0.49,1.8666666666666665,25.3,-2.1000000000000014,23.633333333333336,33450.0,Normal,WaterTemp_High
EXP.3,2024-05-23,3,10:00,2024-05-23 10:00:00,R3T1,T1,7.2,1.75,0.875,22.5,58.77,27.08,448.88,25.587500000000002,23.22,30.39,61.07333333333333,448.56375,24.0,7.1,0.10000000000000053,7.266666666666667,2.55,-0.7999999999999998,2.143333333333333,21.5,1.0,22.100000000000005,1664.0,pH_High,pH_High
EXP.1,2024-03-20,11,10:00,2024-03-20 10:00:00,R2T2,T2,5.4,1.99,0.995,22.1,51.46,22.97,436.88,18.465833333333332,10.63,26.32,57.98916666666667,471.80041666666665,24.0,5.7,-0.2999999999999998,5.633333333333333,1.94,0.050000000000000044,1.9633333333333332,23.0,-0.8999999999999986,22.633333333333336,36200.0,pH_Low,Normal
EXP.2,2024-04-27,15,14:00,2024-04-27 14:00:00,R3T2,T2,5.8,2.23,1.115,26.5,56.15,23.47,437.55,22.160416666666666,18.46,26.74,61.01666666666667,458.7083333333333,24.0,5.7,0.09999999999999964,5.699999999999999,2.24,-0.010000000000000231,2.2333333333333334,22.4,4.100000000000001,25.3,29810.0,WaterTemp_High,Normal
EXP.3,2024-06-08,19,10:00,2024-06-08 10:00:00,R1T2,T2,6.8,2.74,1.37,22.3,61.53,28.84,461.1,26.795833333333334,23.75,31.0,63.401250000000005,459.2945833333333,24.0,7.3,-0.5,7.166666666666667,1.55,1.1900000000000002,2.0866666666666664,22.2,0.10000000000000142,21.63333333333333,,EC_High,Multiple_Stress
EXP.1,2024-03-20,11,10:00,2024-03-20 10:00:00,R3T1,T1,5.3,2.01,1.005,23.6,51.46,22.97,436.88,18.465833333333332,10.63,26.32,57.98916666666667,471.80041666666665,24.0,5.5,-0.20000000000000018,5.433333333333334,1.95,0.05999999999999983,1.9766666666666666,24.3,-0.6999999999999993,23.900000000000002,36200.0,pH_Low,Normal
EXP.2,2024-04-18,6,10:00,2024-04-18 10:00:00,R3T1,T1,6.8,1.73,0.865,24.8,50.42,27.31,443.69,23.874166666666667,19.62,28.26,56.20291666666666,448.48291666666665,24.0,6.3,0.5,6.7,1.37,0.3599999999999999,1.4766666666666666,26.4,-1.5999999999999979,25.166666666666668,,Normal,Humidity_Low
EXP.3,2024-06-08,19,10:00,2024-06-08 10:00:00,R1T1,T1,6.0,2.76,1.38,23.0,61.53,28.84,461.1,26.795833333333334,23.75,31.0,63.401250000000005,459.2945833333333,24.0,6.8,-0.7999999999999998,6.466666666666666,2.54,0.21999999999999975,2.4266666666666663,20.5,2.5,21.433333333333334,,EC_High,Multiple_Stress
EXP.3,2024-06-12,23,10:00,2024-06-12 10:00:00,R2T1,T1,,3.28,1.64,22.9,63.9,26.44,450.86,24.946250000000003,21.88,28.31,65.50083333333333,451.4566666666667,24.0,6.9,,6.850000000000001,3.28,0.0,3.2733333333333334,24.7,-1.8000000000000007,23.46666666666667,26830.0,EC_High,EC_High
EXP.1,2024-03-12,3,14:00,2024-03-12 14:00:00,R1T2,T2,5.4,1.98,0.99,25.4,50.59,22.78,404.6,17.968125,11.27,25.45,57.156875,432.4475,16.0,5.4,0.0,5.4,1.98,0.0,1.9666666666666668,21.4,4.0,23.099999999999998,45190.0,pH_Low,Normal
EXP.3,2024-05-21,1,14:00,2024-05-21 14:00:00,R3T1,T1,7.5,2.13,1.065,22.3,53.42,27.65,426.63,25.346666666666668,22.29,27.7,59.06458333333333,450.37083333333334,24.0,7.6,-0.09999999999999964,7.55,2.6,-0.4700000000000002,2.365,21.3,1.0,21.8,,pH_High,Multiple_Stress
EXP.2,2024-04-23,11,10:00,2024-04-23 10:00:00,R2T1,T1,5.5,1.71,0.855,24.5,47.19,30.0,442.42,24.49625,17.34,34.79,53.95791666666667,456.20625,24.0,5.9,-0.40000000000000036,5.8,1.71,0.0,1.71,25.6,-1.1000000000000014,24.633333333333336,70360.0,Humidity_Low,Multiple_Stress
EXP.2,2024-05-06,24,10:00,2024-05-06 10:00:00,R2T2,T2,6.5,2.18,1.09,18.2,55.98,24.26,460.83,20.535,16.73,25.73,55.959583333333335,462.6325,24.0,6.4,0.09999999999999964,6.433333333333334,2.51,-0.3299999999999996,2.4033333333333333,21.9,-3.6999999999999993,19.7,2870.0,Normal,EC_High
EXP.3,2024-06-08,19,14:00,2024-06-08 14:00:00,R1T2,T2,6.7,2.75,1.375,24.9,57.39,30.61,437.68,26.795833333333334,23.75,31.0,63.401250000000005,459.2945833333333,24.0,6.8,-0.09999999999999964,6.933333333333334,2.74,0.009999999999999787,2.346666666666667,22.3,2.599999999999998,23.133333333333336,,Multiple_Stress,EC_High
EXP.1,2024-03-11,2,14:00,2024-03-11 14:00:00,R2T1,T1,5.8,2.02,1.01,22.1,48.13,24.63,413.96,17.557916666666667,9.81,25.72,55.17083333333333,448.75083333333333,24.0,5.8,0.0,6.166666666666667,2.02,0.0,1.87,19.1,3.0,21.233333333333334,61270.0,Humidity_Low,Normal
EXP.1,2024-03-20,11,10:00,2024-03-20 10:00:00,R3T1,T1,5.3,2.01,1.005,23.6,51.46,22.97,436.88,18.465833333333332,10.63,26.32,57.98916666666667,471.80041666666665,24.0,5.5,-0.20000000000000018,5.433333333333334,1.95,0.05999999999999983,1.9766666666666666,24.3,-0.6999999999999993,23.900000000000002,36200.0,pH_Low,Normal
EXP.3,2024-05-23,3,10:00,2024-05-23 10:00:00,R3T1,T1,7.2,1.75,0.875,22.5,58.77,27.08,448.88,25.587500000000002,23.22,30.39,61.07333333333333,448.56375,24.0,7.1,0.10000000000000053,7.266666666666667,2.55,-0.7999999999999998,2.143333333333333,21.5,1.0,22.100000000000005,1664.0,pH_High,pH_High
EXP.3,2024-05-23,3,14:00,2024-05-23 14:00:00,R1T2,T2,7.6,1.79,0.895,24.0,54.77,27.05,431.44,25.587500000000002,23.22,30.39,61.07333333333333,448.56375,24.0,7.6,0.0,7.566666666666666,1.73,0.06000000000000005,2.1066666666666665,22.1,1.8999999999999986,22.46666666666667,33360.0,pH_High,pH_High
EXP.1,2024-03-15,6,10:00,2024-03-15 10:00:00,R3T1,T1,5.7,2.01,1.005,24.8,47.81,26.82,407.63,19.426666666666666,11.81,29.17,54.786249999999995,447.69416666666666,24.0,5.9,-0.20000000000000018,5.800000000000001,1.98,0.029999999999999805,1.9933333333333332,25.0,-0.1999999999999993,24.599999999999998,,Humidity_Low,Normal
EXP.3,2024-06-12,23,14:00,2024-06-12 14:00:00,R2T1,T1,7.0,3.22,1.61,23.3,58.12,28.01,430.31,24.946250000000003,21.88,28.31,65.50083333333333,451.4566666666667,24.0,,,6.95,3.28,-0.05999999999999961,3.26,22.9,0.40000000000000213,23.633333333333336,23550.0,EC_High,Multiple_Stress
EXP.1,2024-04-01,23,14:00,2024-04-01 14:00:00,R2T1,T1,6.9,1.15,0.575,26.9,52.18,26.42,410.96,22.912499999999998,17.47,30.8,57.57416666666666,448.78541666666666,24.0,6.7,0.20000000000000018,6.800000000000001,1.51,-0.3600000000000001,1.33,25.2,1.6999999999999993,26.049999999999997,,Multiple_Stress,Normal
EXP.2,2024-05-04,22,14:00,2024-05-04 14:00:00,R2T1,T1,6.5,2.5,1.25,23.8,56.91,24.39,443.4,22.152916666666666,17.85,26.65,62.1775,466.26875,24.0,6.4,0.09999999999999964,6.433333333333334,2.3,0.20000000000000018,2.3266666666666667,19.6,4.199999999999999,21.96666666666667,32550.0,Normal,Normal
EXP.3,2024-05-21,1,14:00,2024-05-21 14:00:00,R2T2,T2,7.6,2.5,1.25,23.2,53.42,27.65,426.63,25.346666666666668,22.29,27.7,59.06458333333333,450.37083333333334,24.0,7.8,-0.20000000000000018,7.699999999999999,2.8,-0.2999999999999998,2.65,21.3,1.8999999999999986,22.25,,pH_High,pH_High
EXP.2,2024-05-06,24,14:00,2024-05-06 14:00:00,R2T2,T2,6.4,2.55,1.275,22.1,52.5,25.73,439.29,20.535,16.73,25.73,55.959583333333335,462.6325,24.0,6.5,-0.09999999999999964,6.433333333333334,2.18,0.36999999999999966,2.413333333333333,18.2,3.900000000000002,20.73333333333333,35770.0,EC_High,WaterTemp_Low
EXP.1,2024-03-14,5,10:00,2024-03-14 10:00:00,R1T2,T2,5.5,1.95,0.975,25.0,54.44,22.36,425.7,19.02125,13.28,25.03,59.577916666666674,449.6683333333333,24.0,5.5,0.0,5.5,1.95,0.0,1.9533333333333331,25.3,-0.3000000000000007,24.100000000000005,,Normal,Normal
EXP.2,2024-05-04,22,10:00,2024-05-04 10:00:00,R2T2,T2,6.3,2.56,1.28,19.3,62.99,23.26,466.06,22.152916666666666,17.85,26.65,62.1775,466.26875,24.0,6.4,-0.10000000000000053,6.3999999999999995,2.6,-0.040000000000000036,2.48,22.5,-3.1999999999999993,20.933333333333334,25700.0,EC_High,EC_High
EXP.1,2024-03-20,11,10:00,2024-03-20 10:00:00,R1T1,T1,5.4,1.9,0.95,22.2,51.46,22.97,436.88,18.465833333333332,10.63,26.32,57.98916666666667,471.80041666666665,24.0,5.6,-0.1999999999999993,5.533333333333332,1.89,0.010000000000000009,1.89,25.1,-2.900000000000002,23.3,36200.0,pH_Low,Normal
EXP.2,2024-04-18,6,14:00,2024-04-18 14:00:00,R3T1,T1,6.8,1.72,0.86,25.8,49.91,26.83,421.75,23.874166666666667,19.62,28.26,56.20291666666666,448.48291666666665,24.0,6.8,0.0,6.633333333333333,1.73,-0.010000000000000009,1.6066666666666667,24.8,1.0,25.666666666666668,,Humidity_Low,Normal
EXP.1,2024-03-22,13,14:00,2024-03-22 14:00:00,R2T1,T1,5.7,1.88,0.94,24.4,49.81,23.95,406.99,18.142083333333336,10.66,25.6,57.46875,456.0833333333333,24.0,5.8,-0.09999999999999964,5.766666666666666,1.88,0.0,1.8866666666666667,24.0,0.3999999999999986,24.099999999999998,,Humidity_Low,Humidity_Low
EXP.3,2024-05-21,1,14:00,2024-05-21 14:00:00,R3T1,T1,7.5,2.13,1.065,22.3,53.42,27.65,426.63,25.346666666666668,22.29,27.7,59.06458333333333,450.37083333333334,24.0,7.6,-0.09999999999999964,7.55,2.6,-0.4700000000000002,2.365,21.3,1.0,21.8,,pH_High,Multiple_Stress
EXP.2,2024-05-04,22,14:00,2024-05-04 14:00:00,R2T2,T2,6.3,2.91,1.455,22.6,56.91,24.39,443.4,22.152916666666666,17.85,26.65,62.1775,466.26875,24.0,6.3,0.0,6.333333333333333,2.56,0.3500000000000001,2.69,19.3,3.3000000000000007,21.46666666666667,32550.0,EC_High,EC_High
EXP.2,2024-04-14,2,14:00,2024-04-14 14:00:00,R1T2,T2,7.1,2.2,1.1,20.7,64.2,25.3,,,,,,,,6.8,0.2999999999999998,6.833333333333333,1.9,0.30000000000000027,2.186666666666667,18.1,2.599999999999998,19.033333333333335,12720.0,pH_High,Normal
EXP.1,2024-04-03,25,10:00,2024-04-03 10:00:00,R3T2,T2,6.4,1.64,0.82,28.4,,,,,,,,,,6.5,-0.09999999999999964,6.433333333333334,1.71,-0.07000000000000006,1.6933333333333334,29.4,-1.0,28.866666666666664,,WaterTemp_High,WaterTemp_High
EXP.1,2024-03-12,3,10:00,2024-03-12 10:00:00,R1T2,T2,5.4,1.98,0.99,21.4,50.18,23.12,411.77,17.968125,11.27,25.45,57.156875,432.4475,16.0,5.4,0.0,5.466666666666666,1.94,0.040000000000000036,1.9533333333333331,22.5,-1.1000000000000014,20.833333333333332,60540.0,pH_Low,pH_Low
EXP.2,2024-05-06,24,10:00,2024-05-06 10:00:00,R3T1,T1,6.5,2.8,1.4,17.3,55.98,24.26,460.83,20.535,16.73,25.73,55.959583333333335,462.6325,24.0,6.4,0.09999999999999964,6.433333333333334,2.8,0.0,2.6300000000000003,22.3,-5.0,19.533333333333335,2870.0,Multiple_Stress,EC_High
EXP.2,2024-04-26,14,14:00,2024-04-26 14:00:00,R1T1,T1,6.0,1.75,0.875,26.2,55.75,23.24,436.06,22.731739130434786,18.97,27.27,60.44869565217391,453.9904347826087,23.0,6.0,0.0,6.0,1.75,0.0,1.7533333333333332,23.6,2.599999999999998,25.599999999999998,46260.0,WaterTemp_High,Normal
EXP.1,2024-03-12,3,14:00,2024-03-12 14:00:00,R1T2,T2,5.4,1.98,0.99,25.4,50.59,22.78,404.6,17.968125,11.27,25.45,57.156875,432.4475,16.0,5.4,0.0,5.4,1.98,0.0,1.9666666666666668,21.4,4.0,23.099999999999998,45190.0,pH_Low,Normal
EXP.2,2024-05-05,23,10:00,2024-05-05 10:00:00,R3T2,T2,6.5,2.18,1.09,19.8,54.66,24.89,455.73,20.685,16.17,28.31,54.78863636363636,459.26,22.0,6.5,0.0,6.466666666666666,2.25,-0.06999999999999984,2.22,23.2,-3.3999999999999986,21.1,24150.0,Normal,Normal
EXP.1,2024-03-31,22,10:00,2024-03-31 10:00:00,R1T2,T2,,,0.0,,54.25,27.45,440.89,22.840416666666666,17.48,28.45,59.55291666666667,460.57124999999996,24.0,6.7,,6.7,1.74,,1.7300000000000002,27.5,,26.200000000000003,77820.0,Normal,Normal
EXP.1,2024-03-12,3,14:00,2024-03-12 14:00:00,R1T2,T2,5.4,1.98,0.99,25.4,50.59,22.78,404.6,17.968125,11.27,25.45,57.156875,432.4475,16.0,5.4,0.0,5.4,1.98,0.0,1.9666666666666668,21.4,4.0,23.099999999999998,45190.0,pH_Low,Normal
EXP.3,2024-06-08,19,14:00,2024-06-08 14:00:00,R3T2,T2,7.1,2.91,1.455,25.6,57.39,30.61,437.68,26.795833333333334,23.75,31.0,63.401250000000005,459.2945833333333,24.0,7.0,0.09999999999999964,7.2,2.9,0.010000000000000231,2.4633333333333334,23.1,2.5,23.866666666666664,,Multiple_Stress,EC_High
EXP.1,2024-03-20,11,10:00,2024-03-20 10:00:00,R2T2,T2,5.4,1.99,0.995,22.1,51.46,22.97,436.88,18.465833333333332,10.63,26.32,57.98916666666667,471.80041666666665,24.0,5.7,-0.2999999999999998,5.633333333333333,1.94,0.050000000000000044,1.9633333333333332,23.0,-0.8999999999999986,22.633333333333336,36200.0,pH_Low,Normal
EXP.2,2024-05-08,26,10:00,2024-05-08 10:00:00,R3T2,T2,6.5,2.13,1.065,19.1,54.99,25.36,440.29,19.66208333333333,15.98,25.36,55.39083333333334,451.8008333333333,24.0,6.0,0.5,6.433333333333334,2.12,0.009999999999999787,2.1199999999999997,19.9,-0.7999999999999972,18.900000000000002,25600.0,Normal,Normal
EXP.1,2024-03-20,11,14:00,2024-03-20 14:00:00,R2T1,T1,5.7,1.89,0.945,25.0,51.07,22.97,424.04,18.465833333333332,10.63,26.32,57.98916666666667,471.80041666666665,24.0,5.5,0.20000000000000018,5.633333333333334,1.96,-0.07000000000000006,1.9266666666666667,23.7,1.3000000000000007,24.400000000000002,,Normal,Normal
EXP.2,2024-04-30,18,14:00,2024-04-30 14:00:00,R1T1,T1,6.4,1.74,0.87,26.3,57.39,24.31,440.96,22.271666666666665,18.46,26.36,62.16041666666666,453.81333333333333,24.0,6.4,0.0,6.3,1.74,0.0,1.7333333333333334,23.2,3.1000000000000014,24.833333333333332,37780.0,WaterTemp_High,Normal
EXP.3,2024-06-12,23,10:00,2024-06-12 10:00:00,R2T2,T2,,3.18,1.59,23.2,63.9,26.44,450.86,24.946250000000003,21.88,28.31,65.50083333333333,451.4566666666667,24.0,7.3,,7.25,3.18,0.0,3.1733333333333333,24.2,-1.0,23.5,26830.0,EC_High,pH_High
EXP.2,2024-04-23,11,14:00,2024-04-23 14:00:00,R3T1,T1,5.8,1.76,0.88,27.6,45.63,29.8,419.25,24.49625,17.34,34.79,53.95791666666667,456.20625,24.0,5.7,0.09999999999999964,5.833333333333333,1.73,0.030000000000000027,1.74,24.3,3.3000000000000007,25.766666666666666,6212.0,Multiple_Stress,Multiple_Stress
EXP.3,2024-05-23,3,10:00,2024-05-23 10:00:00,R1T1,T1,7.2,1.74,0.87,22.3,58.77,27.08,448.88,25.587500000000002,23.22,30.39,61.07333333333333,448.56375,24.0,7.0,0.20000000000000018,7.0,2.6,-0.8600000000000001,2.3133333333333335,21.7,0.6000000000000014,22.166666666666668,1664.0,pH_High,Normal
EXP.1,2024-03-18,9,10:00,2024-03-18 10:00:00,R1T2,T2,5.2,1.91,0.955,24.7,53.95,26.53,426.75,18.576249999999998,13.61,26.53,59.49125,457.72125,24.0,5.1,0.10000000000000053,5.3,1.89,0.020000000000000018,1.9166666666666667,24.9,-0.1999999999999993,24.933333333333334,27600.0,pH_Low,pH_Low
EXP.1,2024-03-22,13,14:00,2024-03-22 14:00:00,R1T1,T1,5.8,1.87,0.935,24.7,49.81,23.95,406.99,18.142083333333336,10.66,25.6,57.46875,456.0833333333333,24.0,5.8,0.0,5.8,1.86,0.010000000000000009,1.8666666666666665,25.1,-0.40000000000000213,23.8,,Humidity_Low,Humidity_Low
EXP.1,2024-03-12,3,14:00,2024-03-12 14:00:00,R1T2,T2,5.4,1.98,0.99,25.4,50.59,22.78,404.6,17.968125,11.27,25.45,57.156875,432.4475,16.0,5.4,0.0,5.4,1.98,0.0,1.9666666666666668,21.4,4.0,23.099999999999998,45190.0,pH_Low,Normal
EXP.1,2024-03-26,17,14:00,2024-03-26 14:00:00,R2T2,T2,6.1,1.82,0.91,24.6,49.47,22.7,426.84,18.962083333333336,11.18,26.05,56.142500000000005,478.01416666666665,24.0,6.0,0.09999999999999964,6.05,1.83,-0.010000000000000009,1.8250000000000002,21.4,3.200000000000003,23.0,,Humidity_Low,Humidity_Low
EXP.1,2024-03-12,3,14:00,2024-03-12 14:00:00,R1T2,T2,5.4,1.98,0.99,25.4,50.59,22.78,404.6,17.968125,11.27,25.45,57.156875,432.4475,16.0,5.4,0.0,5.4,1.98,0.0,1.9666666666666668,21.4,4.0,23.099999999999998,45190.0,pH_Low,Normal
EXP.3,2024-05-23,3,10:00,2024-05-23 10:00:00,R3T2,T2,7.7,1.75,0.875,22.8,58.77,27.08,448.88,25.587500000000002,23.22,30.39,61.07333333333333,448.56375,24.0,7.6,0.10000000000000053,7.6000000000000005,2.8,-1.0499999999999998,2.4166666666666665,22.0,0.8000000000000007,22.833333333333332,1664.0,pH_High,Multiple_Stress
EXP.3,2024-06-09,20,14:00,2024-06-09 14:00:00,R3T1,T1,6.2,2.83,1.415,23.6,58.81,27.94,420.01,25.879583333333333,23.42,28.86,65.02166666666666,441.12166666666667,24.0,6.2,0.0,6.166666666666667,2.85,-0.020000000000000018,2.853333333333333,21.8,1.8000000000000007,23.46666666666667,,EC_High,EC_High
EXP.3,2024-05-21,1,14:00,2024-05-21 14:00:00,R2T2,T2,7.6,2.5,1.25,23.2,53.42,27.65,426.63,25.346666666666668,22.29,27.7,59.06458333333333,450.37083333333334,24.0,7.8,-0.20000000000000018,7.699999999999999,2.8,-0.2999999999999998,2.65,21.3,1.8999999999999986,22.25,,pH_High,pH_High
EXP.3,2024-05-23,3,10:00,2024-05-23 10:00:00,R3T1,T1,7.2,1.75,0.875,22.5,58.77,27.08,448.88,25.587500000000002,23.22,30.39,61.07333333333333,448.56375,24.0,7.1,0.10000000000000053,7.266666666666667,2.55,-0.7999999999999998,2.143333333333333,21.5,1.0,22.100000000000005,1664.0,pH_High,pH_High
EXP.1,2024-03-18,9,10:00,2024-03-18 10:00:00,R1T2,T2,5.2,1.91,0.955,24.7,53.95,26.53,426.75,18.576249999999998,13.61,26.53,59.49125,457.72125,24.0,5.1,0.10000000000000053,5.3,1.89,0.020000000000000018,1.9166666666666667,24.9,-0.1999999999999993,24.933333333333334,27600.0,pH_Low,pH_Low
EXP.1,2024-03-30,21,14:00,2024-03-30 14:00:00,R1T2,T2,6.7,1.74,0.87,27.5,53.07,25.79,419.13,21.84875,17.33,26.97,60.32583333333333,455.5841666666667,24.0,6.7,0.0,6.666666666666667,1.72,0.020000000000000018,1.7700000000000002,24.9,2.6000000000000014,26.066666666666666,,WaterTemp_High,Normal
EXP.2,2024-05-06,24,10:00,2024-05-06 10:00:00,R2T1,T1,6.7,1.93,0.965,19.7,55.98,24.26,460.83,20.535,16.73,25.73,55.959583333333335,462.6325,24.0,6.4,0.2999999999999998,6.533333333333334,1.95,-0.020000000000000018,1.95,22.1,-2.400000000000002,20.333333333333332,2870.0,Normal,Normal
EXP.1,2024-04-03,25,14:00,2024-04-03 14:00:00,R1T1,T1,6.2,1.63,,27.1,61.7,26.3,,,,,,,,6.0,0.20000000000000018,6.166666666666667,1.63,0.0,1.653333333333333,24.8,2.3000000000000007,26.400000000000002,65870.0,WaterTemp_High,Multiple_Stress
EXP.3,2024-06-12,23,10:00,2024-06-12 10:00:00,R1T2,T2,,2.91,1.455,22.6,63.9,26.44,450.86,24.946250000000003,21.88,28.31,65.50083333333333,451.4566666666667,24.0,7.4,,7.35,3.18,-0.27,3.003333333333334,24.2,-1.5999999999999979,22.96666666666667,26830.0,EC_High,Multiple_Stress
EXP.2,2024-05-06,24,14:00,2024-05-06 14:00:00,R1T1,T1,6.5,1.98,0.99,27.6,52.5,25.73,439.29,20.535,16.73,25.73,55.959583333333335,462.6325,24.0,6.8,-0.2999999999999998,6.633333333333333,1.69,0.29000000000000004,1.8866666666666665,18.2,9.400000000000002,22.46666666666667,35770.0,WaterTemp_High,Multiple_Stress
EXP.3,2024-05-23,3,14:00,2024-05-23 14:00:00,R3T1,T1,7.3,2.0,1.0,23.8,54.77,27.05,431.44,25.587500000000002,23.22,30.39,61.07333333333333,448.56375,24.0,7.2,0.09999999999999964,7.2,1.75,0.25,2.0999999999999996,22.5,1.3000000000000007,22.599999999999998,33360.0,pH_High,pH_High
EXP.2,2024-04-26,14,14:00,2024-04-26 14:00:00,R3T1,T1,5.9,1.74,0.87,26.5,55.75,23.24,436.06,22.731739130434786,18.97,27.27,60.44869565217391,453.9904347826087,23.0,5.9,0.0,5.9,1.75,-0.010000000000000009,1.7433333333333334,23.6,2.8999999999999986,25.7,46260.0,WaterTemp_High,Normal
EXP.2,2024-04-28,16,14:00,2024-04-28 14:00:00,R3T2,T2,5.7,2.24,1.12,26.5,56.07,24.15,442.47,22.252499999999998,18.61,27.42,61.467083333333335,463.61291666666665,24.0,5.7,0.0,5.733333333333333,2.24,0.0,2.236666666666667,22.3,4.199999999999999,25.099999999999998,32660.0,WaterTemp_High,Normal
EXP.2,2024-04-30,18,10:00,2024-04-30 10:00:00,R2T1,T1,6.2,1.64,0.82,23.2,60.1,24.32,452.01,22.271666666666665,18.46,26.36,62.16041666666666,453.81333333333333,24.0,6.3,-0.09999999999999964,6.233333333333333,1.7,-0.06000000000000005,1.68,25.2,-2.0,23.466666666666665,33450.0,Normal,WaterTemp_High
EXP.1,2024-03-12,3,14:00,2024-03-12 14:00:00,R1T2,T2,5.4,1.98,0.99,25.4,50.59,22.78,404.6,17.968125,11.27,25.45,57.156875,432.4475,16.0,5.4,0.0,5.4,1.98,0.0,1.9666666666666668,21.4,4.0,23.099999999999998,45190.0,pH_Low,Normal
EXP.1,2024-03-23,14,14:00,2024-03-23 14:00:00,R2T2,T2,,,0.0,,48.25,24.7,408.7,18.180799999999998,10.34,25.37,56.098,457.46479999999997,25.0,5.8,,5.85,1.87,,1.8250000000000002,24.3,,23.6,,Humidity_Low,Normal
EXP.3,2024-06-09,20,10:00,2024-06-09 10:00:00,R3T1,T1,6.2,2.85,1.425,21.8,63.88,27.41,442.02,25.879583333333333,23.42,28.86,65.02166666666666,441.12166666666667,24.0,6.1,0.10000000000000053,6.1000000000000005,2.88,-0.029999999999999805,2.8766666666666665,25.0,-3.1999999999999993,23.133333333333336,,EC_High,EC_High
EXP.3,2024-05-21,1,10:00,2024-05-21 10:00:00,R1T2,T2,7.6,2.4,1.2,21.3,56.85,27.24,457.03,25.346666666666668,22.29,27.7,59.06458333333333,450.37083333333334,24.0,,,7.6,,,2.4,,,21.3,,pH_High,Multiple_Stress
EXP.1,2024-03-12,3,14:00,2024-03-12 14:00:00,R1T2,T2,5.4,1.98,0.99,25.4,50.59,22.78,404.6,17.968125,11.27,25.45,57.156875,432.4475,16.0,5.4,0.0,5.4,1.98,0.0,1.9666666666666668,21.4,4.0,23.099999999999998,45190.0,pH_Low,Normal
EXP.2,2024-04-28,16,14:00,2024-04-28 14:00:00,R1T1,T1,6.2,1.71,0.855,26.0,56.07,24.15,442.47,22.252499999999998,18.61,27.42,61.467083333333335,463.61291666666665,24.0,6.2,0.0,6.2,1.71,0.0,1.71,22.0,4.0,24.666666666666668,32660.0,Normal,Normal
EXP.1,2024-03-10,1,14:00,2024-03-10 14:00:00,R2T1,T1,6.9,1.57,0.78,22.5,47.64,24.74,410.58,20.493846153846157,13.26,25.27,50.81230769230769,429.5115384615384,13.0,,,6.9,,,1.57,,,22.5,48300.0,Humidity_Low,Humidity_Low
EXP.1,2024-03-20,11,10:00,2024-03-20 10:00:00,R1T2,T2,5.0,1.93,0.965,24.1,51.46,22.97,436.88,18.465833333333332,10.63,26.32,57.98916666666667,471.80041666666665,24.0,5.2,-0.20000000000000018,5.133333333333333,1.87,0.05999999999999983,1.9033333333333333,25.4,-1.2999999999999972,24.733333333333334,36200.0,pH_Low,Normal
EXP.3,2024-06-09,20,14:00,2024-06-09 14:00:00,R1T2,T2,6.7,2.76,1.38,23.3,58.81,27.94,420.01,25.879583333333333,23.42,28.86,65.02166666666666,441.12166666666667,24.0,6.8,-0.09999999999999964,6.733333333333333,2.75,0.009999999999999787,2.7533333333333334,21.9,1.4000000000000021,23.366666666666664,,EC_High,EC_High
EXP.1,2024-03-18,9,10:00,2024-03-18 10:00:00,R2T2,T2,5.8,1.96,0.98,22.8,53.95,26.53,426.75,18.576249999999998,13.61,26.53,59.49125,457.72125,24.0,5.5,0.2999999999999998,5.766666666666667,1.95,0.010000000000000009,1.9766666666666666,22.7,0.10000000000000142,22.96666666666667,27600.0,Normal,Normal
EXP.2,2024-04-28,16,10:00,2024-04-28 10:00:00,R2T1,T1,5.9,1.7,0.85,22.0,60.98,24.4,462.26,22.252499999999998,18.61,27.42,61.467083333333335,463.61291666666665,24.0,6.0,-0.09999999999999964,5.933333333333334,1.7,0.0,1.7,26.2,-4.199999999999999,23.399999999999995,25030.0,Normal,WaterTemp_High
EXP.1,2024-03-26,17,14:00,2024-03-26 14:00:00,R1T1,T1,6.1,1.82,0.91,27.9,49.47,22.7,426.84,18.962083333333336,11.18,26.05,56.142500000000005,478.01416666666665,24.0,6.3,-0.20000000000000018,6.199999999999999,1.81,0.010000000000000009,1.815,22.8,5.099999999999998,25.35,,Multiple_Stress,Humidity_Low
EXP.1,2024-03-20,11,10:00,2024-03-20 10:00:00,R1T1,T1,5.4,1.9,0.95,22.2,51.46,22.97,436.88,18.465833333333332,10.63,26.32,57.98916666666667,471.80041666666665,24.0,5.6,-0.1999999999999993,5.533333333333332,1.89,0.010000000000000009,1.89,25.1,-2.900000000000002,23.3,36200.0,pH_Low,Normal
EXP.2,2024-05-10,28,14:00,2024-05-10 14:00:00,R3T1,T1,6.5,1.87,0.935,20.5,50.75,25.01,410.95,23.433333333333334,20.66,26.33,53.267500000000005,426.5108333333333,24.0,6.4,0.09999999999999964,6.433333333333334,1.92,-0.04999999999999982,1.9000000000000001,18.1,2.3999999999999986,19.533333333333335,22800.0,Normal,Normal
EXP.1,2024-03-19,10,10:00,2024-03-19 10:00:00,R1T2,T2,5.2,1.87,0.935,25.4,54.42,26.66,437.08,18.850416666666664,12.59,28.13,59.45541666666667,459.2029166666667,24.0,5.2,0.0,5.166666666666667,1.91,-0.039999999999999813,1.89,24.7,0.6999999999999993,25.0,75050.0,pH_Low,pH_Low
EXP.3,2024-06-08,19,10:00,2024-06-08 10:00:00,R1T1,T1,6.0,2.76,1.38,23.0,61.53,28.84,461.1,26.795833333333334,23.75,31.0,63.401250000000005,459.2945833333333,24.0,6.8,-0.7999999999999998,6.466666666666666,2.54,0.21999999999999975,2.4266666666666663,20.5,2.5,21.433333333333334,,EC_High,Multiple_Stress
EXP.1,2024-03-19,10,10:00,2024-03-19 10:00:00,R1T2,T2,5.2,1.87,0.935,25.4,54.42,26.66,437.08,18.850416666666664,12.59,28.13,59.45541666666667,459.2029166666667,24.0,5.2,0.0,5.166666666666667,1.91,-0.039999999999999813,1.89,24.7,0.6999999999999993,25.0,75050.0,pH_Low,pH_Low
EXP.1,2024-03-22,13,10:00,2024-03-22 10:00:00,R1T1,T1,5.8,1.86,0.93,25.1,51.07,23.71,427.19,18.142083333333336,10.66,25.6,57.46875,456.0833333333333,24.0,5.8,0.0,5.833333333333333,1.87,-0.010000000000000009,1.8666666666666665,21.6,3.5,22.433333333333334,,Normal,Humidity_Low
EXP.3,2024-06-12,23,10:00,2024-06-12 10:00:00,R2T1,T1,,3.28,1.64,22.9,63.9,26.44,450.86,24.946250000000003,21.88,28.31,65.50083333333333,451.4566666666667,24.0,6.9,,6.850000000000001,3.28,0.0,3.2733333333333334,24.7,-1.8000000000000007,23.46666666666667,26830.0,EC_High,EC_High
EXP.1,2024-03-20,11,10:00,2024-03-20 10:00:00,R1T2,T2,5.0,1.93,0.965,24.1,51.46,22.97,436.88,18.465833333333332,10.63,26.32,57.98916666666667,471.80041666666665,24.0,5.2,-0.20000000000000018,5.133333333333333,1.87,0.05999999999999983,1.9033333333333333,25.4,-1.2999999999999972,24.733333333333334,36200.0,pH_Low,Normal
EXP.3,2024-06-08,19,10:00,2024-06-08 10:00:00,R2T2,T2,7.0,2.72,1.36,22.8,61.53,28.84,461.1,26.795833333333334,23.75,31.0,63.401250000000005,459.2945833333333,24.0,7.5,-0.5,7.333333333333333,1.6,1.12,2.1133333333333333,22.4,0.40000000000000213,21.900000000000002,,EC_High,Multiple_Stress
EXP.1,2024-03-20,11,10:00,2024-03-20 10:00:00,R3T2,T2,5.4,1.84,0.92,26.1,51.46,22.97,436.88,18.465833333333332,10.63,26.32,57.98916666666667,471.80041666666665,24.0,5.7,-0.2999999999999998,5.566666666666666,1.76,0.08000000000000007,1.8033333333333335,27.3,-1.1999999999999993,27.099999999999998,36200.0,Multiple_Stress,WaterTemp_High
EXP.1,2024-03-15,6,10:00,2024-03-15 10:00:00,R3T2,T2,6.0,1.88,0.94,28.5,47.81,26.82,407.63,19.426666666666666,11.81,29.17,54.786249999999995,447.69416666666666,24.0,6.4,-0.40000000000000036,6.266666666666667,1.82,0.05999999999999983,1.8399999999999999,28.0,0.5,27.566666666666666,,Multiple_Stress,Normal
EXP.3,2024-05-23,3,14:00,2024-05-23 14:00:00,R2T2,T2,7.7,2.2,1.1,24.1,54.77,27.05,431.44,25.587500000000002,23.22,30.39,61.07333333333333,448.56375,24.0,7.6,0.10000000000000053,7.666666666666667,1.76,0.44000000000000017,2.1533333333333333,22.5,1.6000000000000014,22.599999999999998,33360.0,pH_High,pH_High
EXP.2,2024-04-19,7,14:00,2024-04-19 14:00:00,R3T2,T2,6.9,2.25,1.125,27.6,50.41,26.37,425.01,22.238333333333333,17.55,28.12,58.35375,454.3254166666666,24.0,5.8,1.1000000000000005,6.333333333333333,2.27,-0.020000000000000018,2.24,25.8,1.8000000000000007,26.666666666666668,,WaterTemp_High,Normal
EXP.1,2024-03-20,11,10:00,2024-03-20 10:00:00,R3T1,T1,5.3,2.01,1.005,23.6,51.46,22.97,436.88,18.465833333333332,10.63,26.32,57.98916666666667,471.80041666666665,24.0,5.5,-0.20000000000000018,5.433333333333334,1.95,0.05999999999999983,1.9766666666666666,24.3,-0.6999999999999993,23.900000000000002,36200.0,pH_Low,Normal
EXP.1,2024-03-30,21,14:00,2024-03-30 14:00:00,R1T2,T2,6.7,1.74,0.87,27.5,53.07,25.79,419.13,21.84875,17.33,26.97,60.32583333333333,455.5841666666667,24.0,6.7,0.0,6.666666666666667,1.72,0.020000000000000018,1.7700000000000002,24.9,2.6000000000000014,26.066666666666666,,WaterTemp_High,Normal
EXP.1,2024-03-12,3,14:00,2024-03-12 14:00:00,R1T2,T2,5.4,1.98,0.99,25.4,50.59,22.78,404.6,17.968125,11.27,25.45,57.156875,432.4475,16.0,5.4,0.0,5.4,1.98,0.0,1.9666666666666668,21.4,4.0,23.099999999999998,45190.0,pH_Low,Normal
EXP.2,2024-04-23,11,14:00,2024-04-23 14:00:00,R1T2,T2,5.8,2.18,1.09,22.9,45.63,29.8,419.25,24.49625,17.34,34.79,53.95791666666667,456.20625,24.0,5.7,0.09999999999999964,5.866666666666667,2.18,0.0,2.1766666666666667,24.8,-1.9000000000000021,24.46666666666667,6212.0,Humidity_Low,Multiple_Stress
EXP.3,2024-06-08,19,14:00,2024-06-08 14:00:00,R3T2,T2,7.1,2.91,1.455,25.6,57.39,30.61,437.68,26.795833333333334,23.75,31.0,63.401250000000005,459.2945833333333,24.0,7.0,0.09999999999999964,7.2,2.9,0.010000000000000231,2.4633333333333334,23.1,2.5,23.866666666666664,,Multiple_Stress,EC_High
EXP.1,2024-03-20,11,10:00,2024-03-20 10:00:00,R1T2,T2,5.0,1.93,0.965,24.1,51.46,22.97,436.88,18.465833333333332,10.63,26.32,57.98916666666667,471.80041666666665,24.0,5.2,-0.20000000000000018,5.133333333333333,1.87,0.05999999999999983,1.9033333333333333,25.4,-1.2999999999999972,24.733333333333334,36200.0,pH_Low,Normal
EXP.1,2024-04-04,26,14:00,2024-04-04 14:00:00,R3T2,T2,6.1,1.76,,30.9,46.64,25.53,419.54,25.20266666666667,17.74,37.27,50.618,444.90333333333336,15.0,6.5,-0.40000000000000036,6.333333333333333,1.65,0.1100000000000001,1.6833333333333333,28.6,2.299999999999997,29.299999999999997,69530.0,Multiple_Stress,
EXP.2,2024-04-14,2,14:00,2024-04-14 14:00:00,R3T1,T1,7.1,1.95,0.975,20.6,64.2,25.3,,,,,,,,6.8,0.2999999999999998,6.866666666666667,1.9,0.050000000000000044,1.9266666666666665,18.1,2.5,18.900000000000002,12720.0,pH_High,Normal
EXP.2,2024-04-27,15,10:00,2024-04-27 10:00:00,R2T1,T1,5.9,1.7,0.85,22.0,59.48,24.76,455.83,22.160416666666666,18.46,26.74,61.01666666666667,458.7083333333333,24.0,5.7,0.20000000000000018,5.766666666666667,1.7,0.0,1.7,26.4,-4.399999999999999,23.96666666666667,13230.0,Normal,WaterTemp_High
EXP.2,2024-04-18,6,14:00,2024-04-18 14:00:00,R3T2,T2,6.3,2.2,1.1,26.6,49.91,26.83,421.75,23.874166666666667,19.62,28.26,56.20291666666666,448.48291666666665,24.0,6.3,0.0,6.233333333333333,2.22,-0.020000000000000018,2.106666666666667,25.6,1.0,26.86666666666667,,Multiple_Stress,Normal
EXP.2,2024-04-23,11,10:00,2024-04-23 10:00:00,R3T1,T1,5.7,1.73,0.865,24.3,47.19,30.0,442.42,24.49625,17.34,34.79,53.95791666666667,456.20625,24.0,6.0,-0.2999999999999998,5.933333333333334,1.73,0.0,1.73,25.4,-1.0999999999999979,25.03333333333333,70360.0,Humidity_Low,Multiple_Stress
EXP.1,2024-03-20,11,10:00,2024-03-20 10:00:00,R1T1,T1,5.4,1.9,0.95,22.2,51.46,22.97,436.88,18.465833333333332,10.63,26.32,57.98916666666667,471.80041666666665,24.0,5.6,-0.1999999999999993,5.533333333333332,1.89,0.010000000000000009,1.89,25.1,-2.900000000000002,23.3,36200.0,pH_Low,Normal
EXP.1,2024-03-20,11,10:00,2024-03-20 10:00:00,R1T2,T2,5.0,1.93,0.965,24.1,51.46,22.97,436.88,18.465833333333332,10.63,26.32,57.98916666666667,471.80041666666665,24.0,5.2,-0.20000000000000018,5.133333333333333,1.87,0.05999999999999983,1.9033333333333333,25.4,-1.2999999999999972,24.733333333333334,36200.0,pH_Low,Normal
EXP.2,2024-04-22,10,10:00,2024-04-22 10:00:00,R3T2,T2,5.8,2.22,1.11,25.1,49.44,25.39,445.85,22.242083333333337,16.06,27.87,56.00833333333333,462.3645833333333,24.0,6.2,-0.40000000000000036,5.866666666666667,2.24,-0.020000000000000018,2.24,27.1,-2.0,25.7,77040.0,Humidity_Low,Multiple_Stress
EXP.2,2024-04-19,7,14:00,2024-04-19 14:00:00,R3T1,T1,6.3,1.75,0.875,28.2,50.41,26.37,425.01,22.238333333333333,17.55,28.12,58.35375,454.3254166666666,24.0,6.3,0.0,6.466666666666666,1.75,0.0,1.74,24.3,3.8999999999999986,26.099999999999998,,WaterTemp_High,Normal
EXP.1,2024-03-11,2,10:00,2024-03-11 10:00:00,R1T2,T2,5.6,1.94,0.97,18.6,48.4,24.34,425.57,17.557916666666667,9.81,25.72,55.17083333333333,448.75083333333333,24.0,6.8,-1.2000000000000002,6.199999999999999,1.57,0.3699999999999999,1.755,22.7,-4.099999999999998,20.65,50330.0,Humidity_Low,Multiple_Stress
EXP.1,2024-03-19,10,10:00,2024-03-19 10:00:00,R1T2,T2,5.2,1.87,0.935,25.4,54.42,26.66,437.08,18.850416666666664,12.59,28.13,59.45541666666667,459.2029166666667,24.0,5.2,0.0,5.166666666666667,1.91,-0.039999999999999813,1.89,24.7,0.6999999999999993,25.0,75050.0,pH_Low,pH_Low
EXP.2,2024-05-04,22,14:00,2024-05-04 14:00:00,R1T1,T1,6.5,2.9,1.45,23.5,56.91,24.39,443.4,22.152916666666666,17.85,26.65,62.1775,466.26875,24.0,6.7,-0.20000000000000018,6.566666666666666,2.4,0.5,2.1333333333333333,20.0,3.5,22.366666666666664,32550.0,EC_High,Normal
EXP.2,2024-04-18,6,10:00,2024-04-18 10:00:00,R2T1,T1,6.7,1.71,0.855,25.8,50.42,27.31,443.69,23.874166666666667,19.62,28.26,56.20291666666666,448.48291666666665,24.0,6.7,0.0,6.800000000000001,1.37,0.33999999999999986,1.47,27.4,-1.5999999999999979,26.133333333333336,,Normal,Humidity_Low
EXP.1,2024-03-20,11,10:00,2024-03-20 10:00:00,R3T1,T1,5.3,2.01,1.005,23.6,51.46,22.97,436.88,18.465833333333332,10.63,26.32,57.98916666666667,471.80041666666665,24.0,5.5,-0.20000000000000018,5.433333333333334,1.95,0.05999999999999983,1.9766666666666666,24.3,-0.6999999999999993,23.900000000000002,36200.0,pH_Low,Normal
EXP.3,2024-06-13,24,14:00,2024-06-13 14:00:00,R1T2,T2,7.1,3.02,1.51,23.8,57.17,30.33,437.98,26.022916666666664,22.96,30.33,65.69125,447.28833333333336,24.0,7.4,-0.3000000000000007,7.25,2.85,0.16999999999999993,2.926666666666667,22.0,1.8000000000000007,22.8,23550.0,Multiple_Stress,Multiple_Stress
EXP.2,2024-04-28,16,14:00,2024-04-28 14:00:00,R2T2,T2,5.9,2.3,1.15,26.4,56.07,24.15,442.47,22.252499999999998,18.61,27.42,61.467083333333335,463.61291666666665,24.0,5.9,0.0,5.9,2.3,0.0,2.3,26.4,0.0,26.433333333333334,32660.0,WaterTemp_High,Normal
EXP.1,2024-03-19,10,10:00,2024-03-19 10:00:00,R1T2,T2,5.2,1.87,0.935,25.4,54.42,26.66,437.08,18.850416666666664,12.59,28.13,59.45541666666667,459.2029166666667,24.0,5.2,0.0,5.166666666666667,1.91,-0.039999999999999813,1.89,24.7,0.6999999999999993,25.0,75050.0,pH_Low,pH_Low
EXP.2,2024-04-18,6,14:00,2024-04-18 14:00:00,R3T1,T1,6.8,1.72,0.86,25.8,49.91,26.83,421.75,23.874166666666667,19.62,28.26,56.20291666666666,448.48291666666665,24.0,6.8,0.0,6.633333333333333,1.73,-0.010000000000000009,1.6066666666666667,24.8,1.0,25.666666666666668,,Humidity_Low,Normal
EXP.2,2024-04-14,2,14:00,2024-04-14 14:00:00,R1T2,T2,7.1,2.2,1.1,20.7,64.2,25.3,,,,,,,,6.8,0.2999999999999998,6.833333333333333,1.9,0.30000000000000027,2.186666666666667,18.1,2.599999999999998,19.033333333333335,12720.0,pH_High,Normal
EXP.3,2024-06-13,24,10:00,2024-06-13 10:00:00,R1T1,T1,7.2,2.87,1.435,22.5,64.0,27.83,449.24,26.022916666666664,22.96,30.33,65.69125,447.28833333333336,24.0,6.9,0.2999999999999998,7.050000000000001,3.1,-0.22999999999999998,3.0,24.2,-1.6999999999999993,23.3,23290.0,Multiple_Stress,Multiple_Stress
EXP.3,2024-05-23,3,14:00,2024-05-23 14:00:00,R1T2,T2,7.6,1.79,0.895,24.0,54.77,27.05,431.44,25.587500000000002,23.22,30.39,61.07333333333333,448.56375,24.0,7.6,0.0,7.566666666666666,1.73,0.06000000000000005,2.1066666666666665,22.1,1.8999999999999986,22.46666666666667,33360.0,pH_High,pH_High
EXP.2,2024-05-12,30,14:00,2024-05-12 14:00:00,R2T2,T2,6.8,2.25,1.125,20.4,54.47,24.42,427.85,21.3575,17.48,25.23,59.34791666666666,446.99291666666664,24.0,6.8,0.0,6.7,2.23,0.020000000000000018,2.23,18.9,1.5,20.266666666666666,3090.0,Normal,
EXP.3,2024-06-10,21,14:00,2024-06-10 14:00:00,R1T1,T1,6.4,2.72,1.36,25.8,60.1,28.96,436.92,25.564166666666665,23.01,29.41,66.66666666666667,453.6458333333333,24.0,6.1,0.3000000000000007,6.199999999999999,2.73,-0.009999999999999787,2.7099999999999995,21.6,4.199999999999999,23.7,,EC_High,EC_High
EXP.3,2024-05-22,2,10:00,2024-05-22 10:00:00,R2T2,T2,7.7,2.5,1.25,21.2,58.98,26.31,442.47,25.58583333333333,23.05,28.88,60.81166666666667,445.5541666666666,24.0,7.6,0.10000000000000053,7.7,2.5,0.0,2.6,23.2,-2.0,21.900000000000002,1944.0,pH_High,pH_High
EXP.1,2024-03-11,2,14:00,2024-03-11 14:00:00,R2T2,T2,5.8,2.02,1.01,22.3,48.13,24.63,413.96,17.557916666666667,9.81,25.72,55.17083333333333,448.75083333333333,24.0,5.8,0.0,6.2,2.01,0.010000000000000231,1.8633333333333333,19.7,2.6000000000000014,21.633333333333336,61270.0,Humidity_Low,Normal
EXP.2,2024-04-14,2,10:00,2024-04-14 10:00:00,R2T1,T1,7.0,1.67,0.835,18.3,59.4,30.0,,,,,,,,6.7,0.2999999999999998,6.85,1.66,0.010000000000000009,1.665,18.8,-0.5,18.55,2554.0,Normal,Normal
EXP.2,2024-04-19,7,14:00,2024-04-19 14:00:00,R1T2,T2,6.2,2.21,1.105,28.3,50.41,26.37,425.01,22.238333333333333,17.55,28.12,58.35375,454.3254166666666,24.0,6.1,0.10000000000000053,6.333333333333333,2.22,-0.010000000000000231,2.1999999999999997,24.6,3.6999999999999993,26.3,,WaterTemp_High,Normal
EXP.3,2024-06-09,20,10:00,2024-06-09 10:00:00,R1T2,T2,6.8,2.75,1.375,21.9,63.88,27.41,442.02,25.879583333333333,23.42,28.86,65.02166666666666,441.12166666666667,24.0,6.7,0.09999999999999964,6.766666666666666,2.75,0.0,2.7466666666666666,24.9,-3.0,23.03333333333333,,EC_High,EC_High
EXP.2,2024-05-01,19,10:00,2024-05-01 10:00:00,R3T1,T1,6.2,2.03,1.015,23.2,61.9,23.59,455.0,22.669999999999998,18.46,26.3,63.21434782608696,456.29391304347826,23.0,6.2,0.0,6.2,1.79,0.23999999999999977,1.8699999999999999,26.3,-3.1000000000000014,24.233333333333334,26880.0,Normal,WaterTemp_Low
EXP.2,2024-04-26,14,14:00,2024-04-26 14:00:00,R2T2,T2,5.7,2.29,1.145,26.9,55.75,23.24,436.06,22.731739130434786,18.97,27.27,60.44869565217391,453.9904347826087,23.0,5.7,0.0,5.633333333333333,2.3,-0.009999999999999787,2.2966666666666664,23.9,3.0,26.133333333333336,46260.0,WaterTemp_High,Normal
EXP.2,2024-04-20,8,14:00,2024-04-20 14:00:00,R3T1,T1,5.8,1.78,0.89,27.6,49.29,26.91,418.79,22.569999999999997,16.61,29.55,57.791666666666664,447.3833333333334,24.0,5.6,0.20000000000000018,5.8999999999999995,1.78,0.0,1.7700000000000002,24.6,3.0,26.8,,Multiple_Stress,Normal
EXP.3,2024-06-13,24,14:00,2024-06-13 14:00:00,R1T1,T1,7.3,3.16,1.58,25.2,57.17,30.33,437.98,26.022916666666664,22.96,30.33,65.69125,447.28833333333336,24.0,7.2,0.09999999999999964,7.133333333333333,2.87,0.29000000000000004,3.0433333333333334,22.5,2.6999999999999993,23.966666666666665,23550.0,Multiple_Stress,Multiple_Stress
EXP.1,2024-03-20,11,10:00,2024-03-20 10:00:00,R1T1,T1,5.4,1.9,0.95,22.2,51.46,22.97,436.88,18.465833333333332,10.63,26.32,57.98916666666667,471.80041666666665,24.0,5.6,-0.1999999999999993,5.533333333333332,1.89,0.010000000000000009,1.89,25.1,-2.900000000000002,23.3,36200.0,pH_Low,Normal
EXP.3,2024-06-13,24,14:00,2024-06-13 14:00:00,R3T2,T2,7.2,2.94,1.47,24.5,57.17,30.33,437.98,26.022916666666664,22.96,30.33,65.69125,447.28833333333336,24.0,7.3,-0.09999999999999964,7.25,3.13,-0.18999999999999995,3.073333333333333,,,24.0,23550.0,Multiple_Stress,Multiple_Stress
EXP.2,2024-04-19,7,10:00,2024-04-19 10:00:00,R1T2,T2,6.1,2.22,1.11,24.6,52.22,27.44,452.02,22.238333333333333,17.55,28.12,58.35375,454.3254166666666,24.0,6.7,-0.6000000000000005,6.5,2.17,0.050000000000000266,2.186666666666667,26.0,-1.3999999999999986,25.2,,Normal,WaterTemp_High
EXP.3,2024-05-21,1,10:00,2024-05-21 10:00:00,R1T2,T2,7.6,2.4,1.2,21.3,56.85,27.24,457.03,25.346666666666668,22.29,27.7,59.06458333333333,450.37083333333334,24.0,,,7.6,,,2.4,,,21.3,,pH_High,Multiple_Stress
EXP.2,2024-05-08,26,10:00,2024-05-08 10:00:00,R3T1,T1,6.5,2.31,1.155,18.3,54.99,25.36,440.29,19.66208333333333,15.98,25.36,55.39083333333334,451.8008333333333,24.0,5.9,0.5999999999999996,6.3999999999999995,2.3,0.010000000000000231,2.336666666666667,19.6,-1.3000000000000007,18.26666666666667,25600.0,Normal,Normal
EXP.1,2024-03-30,21,10:00,2024-03-30 10:00:00,R1T1,T1,6.9,1.71,0.855,26.5,54.83,25.98,436.82,21.84875,17.33,26.97,60.32583333333333,455.5841666666667,24.0,6.7,0.20000000000000018,6.800000000000001,1.87,-0.16000000000000014,1.79,26.7,-0.1999999999999993,26.6,,WaterTemp_High,WaterTemp_High
EXP.1,2024-03-27,18,14:00,2024-03-27 14:00:00,R1T2,T2,6.3,1.76,0.88,26.7,47.77,24.09,418.54,21.109583333333333,16.16,26.28,55.38833333333333,450.795,24.0,6.2,0.09999999999999964,6.1000000000000005,1.77,-0.010000000000000009,1.78,25.5,1.1999999999999993,25.8,36530.0,Multiple_Stress,Normal
EXP.3,2024-05-21,1,10:00,2024-05-21 10:00:00,R1T2,T2,7.6,2.4,1.2,21.3,56.85,27.24,457.03,25.346666666666668,22.29,27.7,59.06458333333333,450.37083333333334,24.0,,,7.6,,,2.4,,,21.3,,pH_High,Multiple_Stress
EXP.1,2024-03-20,11,10:00,2024-03-20 10:00:00,R3T1,T1,5.3,2.01,1.005,23.6,51.46,22.97,436.88,18.465833333333332,10.63,26.32,57.98916666666667,471.80041666666665,24.0,5.5,-0.20000000000000018,5.433333333333334,1.95,0.05999999999999983,1.9766666666666666,24.3,-0.6999999999999993,23.900000000000002,36200.0,pH_Low,Normal
EXP.1,2024-03-18,9,10:00,2024-03-18 10:00:00,R1T2,T2,5.2,1.91,0.955,24.7,53.95,26.53,426.75,18.576249999999998,13.61,26.53,59.49125,457.72125,24.0,5.1,0.10000000000000053,5.3,1.89,0.020000000000000018,1.9166666666666667,24.9,-0.1999999999999993,24.933333333333334,27600.0,pH_Low,pH_Low
EXP.3,2024-06-10,21,10:00,2024-06-10 10:00:00,R1T1,T1,6.1,2.73,1.365,21.6,66.53,27.37,481.77,25.564166666666665,23.01,29.41,66.66666666666667,453.6458333333333,24.0,6.1,0.0,6.1,2.68,0.04999999999999982,2.72,23.7,-2.099999999999998,22.400000000000002,,EC_High,EC_High
EXP.3,2024-05-23,3,10:00,2024-05-23 10:00:00,R3T1,T1,7.2,1.75,0.875,22.5,58.77,27.08,448.88,25.587500000000002,23.22,30.39,61.07333333333333,448.56375,24.0,7.1,0.10000000000000053,7.266666666666667,2.55,-0.7999999999999998,2.143333333333333,21.5,1.0,22.100000000000005,1664.0,pH_High,pH_High
EXP.1,2024-04-01,23,14:00,2024-04-01 14:00:00,R3T2,T2,7.0,1.17,0.585,28.3,52.18,26.42,410.96,22.912499999999998,17.47,30.8,57.57416666666666,448.78541666666666,24.0,6.3,0.7000000000000002,6.65,1.63,-0.45999999999999996,1.4,29.2,-0.8999999999999986,28.75,,Multiple_Stress,WaterTemp_High
EXP.1,2024-03-18,9,10:00,2024-03-18 10:00:00,R1T2,T2,5.2,1.91,0.955,24.7,53.95,26.53,426.75,18.576249999999998,13.61,26.53,59.49125,457.72125,24.0,5.1,0.10000000000000053,5.3,1.89,0.020000000000000018,1.9166666666666667,24.9,-0.1999999999999993,24.933333333333334,27600.0,pH_Low,pH_Low
EXP.1,2024-04-01,23,10:00,2024-04-01 10:00:00,R1T2,T2,6.4,1.67,0.835,27.7,53.56,27.25,428.75,22.912499999999998,17.47,30.8,57.57416666666666,448.78541666666666,24.0,,,6.4,,,1.67,,,27.7,,WaterTemp_High,WaterTemp_High
EXP.2,2024-04-30,18,10:00,2024-04-30 10:00:00,R3T2,T2,6.0,2.18,1.09,23.5,60.1,24.32,452.01,22.271666666666665,18.46,26.36,62.16041666666666,453.81333333333333,24.0,5.8,0.20000000000000018,5.866666666666667,2.22,-0.040000000000000036,2.206666666666667,25.3,-1.8000000000000007,23.766666666666666,33450.0,Normal,WaterTemp_High
EXP.1,2024-03-26,17,14:00,2024-03-26 14:00:00,R2T2,T2,6.1,1.82,0.91,24.6,49.47,22.7,426.84,18.962083333333336,11.18,26.05,56.142500000000005,478.01416666666665,24.0,6.0,0.09999999999999964,6.05,1.83,-0.010000000000000009,1.8250000000000002,21.4,3.200000000000003,23.0,,Humidity_Low,Humidity_Low
EXP.1,2024-03-12,3,14:00,2024-03-12 14:00:00,R1T1,T1,5.7,1.94,0.97,25.7,50.59,22.78,404.6,17.968125,11.27,25.45,57.156875,432.4475,16.0,5.7,0.0,5.533333333333334,1.95,-0.010000000000000009,1.9633333333333332,22.0,3.6999999999999993,23.866666666666664,45190.0,Normal,Normal
EXP.2,2024-05-08,26,10:00,2024-05-08 10:00:00,R1T1,T1,6.1,1.83,0.915,18.8,54.99,25.36,440.29,19.66208333333333,15.98,25.36,55.39083333333334,451.8008333333333,24.0,5.7,0.39999999999999947,6.333333333333333,1.89,-0.05999999999999983,1.873333333333333,20.5,-1.6999999999999993,18.833333333333332,25600.0,Normal,Normal
EXP.2,2024-04-20,8,14:00,2024-04-20 14:00:00,R1T2,T2,5.7,2.3,1.15,25.8,49.29,26.91,418.79,22.569999999999997,16.61,29.55,57.791666666666664,447.3833333333334,24.0,5.8,-0.09999999999999964,5.8999999999999995,2.22,0.07999999999999963,2.243333333333333,25.2,0.6000000000000014,26.433333333333334,,Humidity_Low,Normal
EXP.1,2024-03-19,10,10:00,2024-03-19 10:00:00,R1T2,T2,5.2,1.87,0.935,25.4,54.42,26.66,437.08,18.850416666666664,12.59,28.13,59.45541666666667,459.2029166666667,24.0,5.2,0.0,5.166666666666667,1.91,-0.039999999999999813,1.89,24.7,0.6999999999999993,25.0,75050.0,pH_Low,pH_Low
EXP.2,2024-04-30,18,14:00,2024-04-30 14:00:00,R2T2,T2,6.1,2.22,1.11,26.2,57.39,24.31,440.96,22.271666666666665,18.46,26.36,62.16041666666666,453.81333333333333,24.0,6.1,0.0,6.066666666666666,2.22,0.0,2.2433333333333336,23.5,2.6999999999999993,25.03333333333333,37780.0,WaterTemp_High,Normal
EXP.1,2024-03-20,11,10:00,2024-03-20 10:00:00,R1T2,T2,5.0,1.93,0.965,24.1,51.46,22.97,436.88,18.465833333333332,10.63,26.32,57.98916666666667,471.80041666666665,24.0,5.2,-0.20000000000000018,5.133333333333333,1.87,0.05999999999999983,1.9033333333333333,25.4,-1.2999999999999972,24.733333333333334,36200.0,pH_Low,Normal
EXP.3,2024-06-13,24,10:00,2024-06-13 10:00:00,R2T2,T2,7.3,2.16,1.08,22.6,64.0,27.83,449.24,26.022916666666664,22.96,30.33,65.69125,447.28833333333336,24.0,,,7.3,3.18,-1.02,2.84,23.2,-0.5999999999999979,23.333333333333332,23290.0,pH_High,Multiple_Stress
EXP.2,2024-04-14,2,14:00,2024-04-14 14:00:00,R1T2,T2,7.1,2.2,1.1,20.7,64.2,25.3,,,,,,,,6.8,0.2999999999999998,6.833333333333333,1.9,0.30000000000000027,2.186666666666667,18.1,2.599999999999998,19.033333333333335,12720.0,pH_High,Normal
EXP.2,2024-04-14,2,14:00,2024-04-14 14:00:00,R3T1,T1,7.1,1.95,0.975,20.6,64.2,25.3,,,,,,,,6.8,0.2999999999999998,6.866666666666667,1.9,0.050000000000000044,1.9266666666666665,18.1,2.5,18.900000000000002,12720.0,pH_High,Normal
EXP.1,2024-03-12,3,14:00,2024-03-12 14:00:00,R1T2,T2,5.4,1.98,0.99,25.4,50.59,22.78,404.6,17.968125,11.27,25.45,57.156875,432.4475,16.0,5.4,0.0,5.4,1.98,0.0,1.9666666666666668,21.4,4.0,23.099999999999998,45190.0,pH_Low,Normal
EXP.3,2024-06-13,24,10:00,2024-06-13 10:00:00,R1T2,T2,7.4,2.85,1.425,22.0,64.0,27.83,449.24,26.022916666666664,22.96,30.33,65.69125,447.28833333333336,24.0,,,7.4,2.91,-0.06000000000000005,2.9800000000000004,22.6,-0.6000000000000014,22.933333333333334,23290.0,Multiple_Stress,Multiple_Stress
EXP.3,2024-06-09,20,10:00,2024-06-09 10:00:00,R3T2,T2,6.9,2.93,1.465,22.1,63.88,27.41,442.02,25.879583333333333,23.42,28.86,65.02166666666666,441.12166666666667,24.0,7.1,-0.1999999999999993,7.0,2.91,0.020000000000000018,2.9133333333333336,25.6,-3.5,23.600000000000005,,EC_High,EC_High
EXP.2,2024-04-14,2,14:00,2024-04-14 14:00:00,R2T2,T2,7.2,2.5,1.25,20.0,64.2,25.3,,,,,,,,6.7,0.5,7.0,2.26,0.2400000000000002,2.44,17.9,2.1000000000000014,18.8,12720.0,pH_High,Normal
EXP.3,2024-05-21,1,10:00,2024-05-21 10:00:00,R1T2,T2,7.6,2.4,1.2,21.3,56.85,27.24,457.03,25.346666666666668,22.29,27.7,59.06458333333333,450.37083333333334,24.0,,,7.6,,,2.4,,,21.3,,pH_High,Multiple_Stress
EXP.2,2024-04-23,11,10:00,2024-04-23 10:00:00,R1T1,T1,5.7,1.76,0.88,24.3,47.19,30.0,442.42,24.49625,17.34,34.79,53.95791666666667,456.20625,24.0,6.1,-0.39999999999999947,6.0,1.75,0.010000000000000009,1.7566666666666666,25.6,-1.3000000000000007,24.5,70360.0,Humidity_Low,Multiple_Stress
EXP.1,2024-03-20,11,10:00,2024-03-20 10:00:00,R1T2,T2,5.0,1.93,0.965,24.1,51.46,22.97,436.88,18.465833333333332,10.63,26.32,57.98916666666667,471.80041666666665,24.0,5.2,-0.20000000000000018,5.133333333333333,1.87,0.05999999999999983,1.9033333333333333,25.4,-1.2999999999999972,24.733333333333334,36200.0,pH_Low,Normal
EXP.3,2024-05-23,3,10:00,2024-05-23 10:00:00,R3T1,T1,7.2,1.75,0.875,22.5,58.77,27.08,448.88,25.587500000000002,23.22,30.39,61.07333333333333,448.56375,24.0,7.1,0.10000000000000053,7.266666666666667,2.55,-0.7999999999999998,2.143333333333333,21.5,1.0,22.100000000000005,1664.0,pH_High,pH_High
EXP.1,2024-03-20,11,10:00,2024-03-20 10:00:00,R3T1,T1,5.3,2.01,1.005,23.6,51.46,22.97,436.88,18.465833333333332,10.63,26.32,57.98916666666667,471.80041666666665,24.0,5.5,-0.20000000000000018,5.433333333333334,1.95,0.05999999999999983,1.9766666666666666,24.3,-0.6999999999999993,23.900000000000002,36200.0,pH_Low,Normal
EXP.3,2024-06-17,28,10:00,2024-06-17 10:00:00,R2T1,T1,7.4,3.39,1.695,21.1,61.52,25.28,450.88,25.07375,22.48,27.5,63.709583333333335,456.3416666666667,24.0,7.3,0.10000000000000053,7.333333333333333,3.32,0.07000000000000028,3.41,23.5,-2.3999999999999986,25.666666666666668,,Multiple_Stress,Multiple_Stress
EXP.2,2024-04-22,10,14:00,2024-04-22 14:00:00,R3T1,T1,6.0,1.73,0.865,25.4,46.81,27.06,427.15,22.242083333333337,16.06,27.87,56.00833333333333,462.3645833333333,24.0,6.1,-0.09999999999999964,6.1000000000000005,1.73,0.0,1.73,25.4,0.0,25.599999999999998,79490.0,Humidity_Low,Humidity_Low
EXP.3,2024-06-13,24,10:00,2024-06-13 10:00:00,R2T2,T2,7.3,2.16,1.08,22.6,64.0,27.83,449.24,26.022916666666664,22.96,30.33,65.69125,447.28833333333336,24.0,,,7.3,3.18,-1.02,2.84,23.2,-0.5999999999999979,23.333333333333332,23290.0,pH_High,Multiple_Stress
EXP.1,2024-03-20,11,10:00,2024-03-20 10:00:00,R1T2,T2,5.0,1.93,0.965,24.1,51.46,22.97,436.88,18.465833333333332,10.63,26.32,57.98916666666667,471.80041666666665,24.0,5.2,-0.20000000000000018,5.133333333333333,1.87,0.05999999999999983,1.9033333333333333,25.4,-1.2999999999999972,24.733333333333334,36200.0,pH_Low,Normal
EXP.1,2024-03-10,1,14:00,2024-03-10 14:00:00,R1T2,T2,6.8,1.57,0.78,22.7,47.64,24.74,410.58,20.493846153846157,13.26,25.27,50.81230769230769,429.5115384615384,13.0,,,6.8,,,1.57,,,22.7,48300.0,Humidity_Low,Humidity_Low
EXP.3,2024-05-23,3,10:00,2024-05-23 10:00:00,R1T2,T2,7.6,1.73,0.865,22.1,58.77,27.08,448.88,25.587500000000002,23.22,30.39,61.07333333333333,448.56375,24.0,7.5,0.09999999999999964,7.5,2.8,-1.0699999999999998,2.443333333333333,21.3,0.8000000000000007,22.200000000000003,1664.0,pH_High,pH_High
EXP.3,2024-05-23,3,10:00,2024-05-23 10:00:00,R2T2,T2,7.6,1.76,0.88,22.5,58.77,27.08,448.88,25.587500000000002,23.22,30.39,61.07333333333333,448.56375,24.0,7.7,-0.10000000000000053,7.633333333333333,2.5,-0.74,2.2533333333333334,21.2,1.3000000000000007,22.3,1664.0,pH_High,pH_High
EXP.3,2024-05-22,2,10:00,2024-05-22 10:00:00,R1T1,T1,7.0,2.6,1.3,21.7,58.98,26.31,442.47,25.58583333333333,23.05,28.88,60.81166666666667,445.5541666666666,24.0,6.8,0.20000000000000018,6.8999999999999995,2.6,0.0,2.4566666666666666,22.5,-0.8000000000000007,21.866666666666664,1944.0,EC_High,pH_High
EXP.1,2024-03-15,6,10:00,2024-03-15 10:00:00,R1T1,T1,5.8,1.94,0.97,24.3,47.81,26.82,407.63,19.426666666666666,11.81,29.17,54.786249999999995,447.69416666666666,24.0,6.0,-0.20000000000000018,5.933333333333334,1.93,0.010000000000000009,1.93,26.0,-1.6999999999999993,25.633333333333336,,Humidity_Low,Normal
EXP.1,2024-03-15,6,10:00,2024-03-15 10:00:00,R1T1,T1,5.8,1.94,0.97,24.3,47.81,26.82,407.63,19.426666666666666,11.81,29.17,54.786249999999995,447.69416666666666,24.0,6.0,-0.20000000000000018,5.933333333333334,1.93,0.010000000000000009,1.93,26.0,-1.6999999999999993,25.633333333333336,,Humidity_Low,Normal
EXP.3,2024-05-23,3,10:00,2024-05-23 10:00:00,R2T2,T2,7.6,1.76,0.88,22.5,58.77,27.08,448.88,25.587500000000002,23.22,30.39,61.07333333333333,448.56375,24.0,7.7,-0.10000000000000053,7.633333333333333,2.5,-0.74,2.2533333333333334,21.2,1.3000000000000007,22.3,1664.0,pH_High,pH_High
EXP.3,2024-06-13,24,10:00,2024-06-13 10:00:00,R2T2,T2,7.3,2.16,1.08,22.6,64.0,27.83,449.24,26.022916666666664,22.96,30.33,65.69125,447.28833333333336,24.0,,,7.3,3.18,-1.02,2.84,23.2,-0.5999999999999979,23.333333333333332,23290.0,pH_High,Multiple_Stress
EXP.3,2024-05-23,3,10:00,2024-05-23 10:00:00,R1T1,T1,7.2,1.74,0.87,22.3,58.77,27.08,448.88,25.587500000000002,23.22,30.39,61.07333333333333,448.56375,24.0,7.0,0.20000000000000018,7.0,2.6,-0.8600000000000001,2.3133333333333335,21.7,0.6000000000000014,22.166666666666668,1664.0,pH_High,Normal
EXP.2,2024-04-14,2,14:00,2024-04-14 14:00:00,R3T2,T2,7.1,2.2,1.1,21.2,64.2,25.3,,,,,,,,6.9,0.1999999999999993,7.0,2.13,0.07000000000000028,2.143333333333333,19.2,2.0,19.8,12720.0,pH_High,Normal
EXP.1,2024-03-20,11,10:00,2024-03-20 10:00:00,R3T1,T1,5.3,2.01,1.005,23.6,51.46,22.97,436.88,18.465833333333332,10.63,26.32,57.98916666666667,471.80041666666665,24.0,5.5,-0.20000000000000018,5.433333333333334,1.95,0.05999999999999983,1.9766666666666666,24.3,-0.6999999999999993,23.900000000000002,36200.0,pH_Low,Normal
EXP.2,2024-04-14,2,14:00,2024-04-14 14:00:00,R3T1,T1,7.1,1.95,0.975,20.6,64.2,25.3,,,,,,,,6.8,0.2999999999999998,6.866666666666667,1.9,0.050000000000000044,1.9266666666666665,18.1,2.5,18.900000000000002,12720.0,pH_High,Normal
EXP.2,2024-04-14,2,14:00,2024-04-14 14:00:00,R1T2,T2,7.1,2.2,1.1,20.7,64.2,25.3,,,,,,,,6.8,0.2999999999999998,6.833333333333333,1.9,0.30000000000000027,2.186666666666667,18.1,2.599999999999998,19.033333333333335,12720.0,pH_High,Normal
EXP.2,2024-05-12,30,14:00,2024-05-12 14:00:00,R1T1,T1,7.1,1.76,0.88,22.5,54.47,24.42,427.85,21.3575,17.48,25.23,59.34791666666666,446.99291666666664,24.0,7.1,0.0,6.8999999999999995,1.75,0.010000000000000009,1.7499999999999998,19.8,2.6999999999999993,21.8,3090.0,pH_High,
EXP.1,2024-03-12,3,10:00,2024-03-12 10:00:00,R1T2,T2,5.4,1.98,0.99,21.4,50.18,23.12,411.77,17.968125,11.27,25.45,57.156875,432.4475,16.0,5.4,0.0,5.466666666666666,1.94,0.040000000000000036,1.9533333333333331,22.5,-1.1000000000000014,20.833333333333332,60540.0,pH_Low,pH_Low
EXP.1,2024-03-12,3,10:00,2024-03-12 10:00:00,R1T2,T2,5.4,1.98,0.99,21.4,50.18,23.12,411.77,17.968125,11.27,25.45,57.156875,432.4475,16.0,5.4,0.0,5.466666666666666,1.94,0.040000000000000036,1.9533333333333331,22.5,-1.1000000000000014,20.833333333333332,60540.0,pH_Low,pH_Low
EXP.2,2024-04-19,7,14:00,2024-04-19 14:00:00,R1T1,T1,6.1,1.8,0.9,27.8,50.41,26.37,425.01,22.238333333333333,17.55,28.12,58.35375,454.3254166666666,24.0,6.3,-0.20000000000000018,6.3999999999999995,1.78,0.020000000000000018,1.7766666666666666,24.7,3.1000000000000014,26.100000000000005,,WaterTemp_High,Normal
EXP.1,2024-03-11,2,14:00,2024-03-11 14:00:00,R2T1,T1,5.8,2.02,1.01,22.1,48.13,24.63,413.96,17.557916666666667,9.81,25.72,55.17083333333333,448.75083333333333,24.0,5.8,0.0,6.166666666666667,2.02,0.0,1.87,19.1,3.0,21.233333333333334,61270.0,Humidity_Low,Normal
EXP.3,2024-06-09,20,10:00,2024-06-09 10:00:00,R3T1,T1,6.2,2.85,1.425,21.8,63.88,27.41,442.02,25.879583333333333,23.42,28.86,65.02166666666666,441.12166666666667,24.0,6.1,0.10000000000000053,6.1000000000000005,2.88,-0.029999999999999805,2.8766666666666665,25.0,-3.1999999999999993,23.133333333333336,,EC_High,EC_High
EXP.1,2024-03-10,1,14:00,2024-03-10 14:00:00,R3T1,T1,6.9,1.56,0.78,22.3,47.64,24.74,410.58,20.493846153846157,13.26,25.27,50.81230769230769,429.5115384615384,13.0,,,6.9,,,1.56,,,22.3,48300.0,Humidity_Low,Humidity_Low
EXP.2,2024-04-22,10,14:00,2024-04-22 14:00:00,R3T1,T1,6.0,1.73,0.865,25.4,46.81,27.06,427.15,22.242083333333337,16.06,27.87,56.00833333333333,462.3645833333333,24.0,6.1,-0.09999999999999964,6.1000000000000005,1.73,0.0,1.73,25.4,0.0,25.599999999999998,79490.0,Humidity_Low,Humidity_Low
EXP.1,2024-03-11,2,14:00,2024-03-11 14:00:00,R2T2,T2,5.8,2.02,1.01,22.3,48.13,24.63,413.96,17.557916666666667,9.81,25.72,55.17083333333333,448.75083333333333,24.0,5.8,0.0,6.2,2.01,0.010000000000000231,1.8633333333333333,19.7,2.6000000000000014,21.633333333333336,61270.0,Humidity_Low,Normal
EXP.3,2024-06-10,21,14:00,2024-06-10 14:00:00,R1T2,T2,7.0,2.77,1.385,24.1,60.1,28.96,436.92,25.564166666666665,23.01,29.41,66.66666666666667,453.6458333333333,24.0,6.7,0.2999999999999998,6.8,2.77,0.0,2.766666666666666,21.0,3.1000000000000014,22.8,,EC_High,Multiple_Stress
EXP.3,2024-05-23,3,14:00,2024-05-23 14:00:00,R3T1,T1,7.3,2.0,1.0,23.8,54.77,27.05,431.44,25.587500000000002,23.22,30.39,61.07333333333333,448.56375,24.0,7.2,0.09999999999999964,7.2,1.75,0.25,2.0999999999999996,22.5,1.3000000000000007,22.599999999999998,33360.0,pH_High,pH_High
EXP.3,2024-06-09,20,10:00,2024-06-09 10:00:00,R3T1,T1,6.2,2.85,1.425,21.8,63.88,27.41,442.02,25.879583333333333,23.42,28.86,65.02166666666666,441.12166666666667,24.0,6.1,0.10000000000000053,6.1000000000000005,2.88,-0.029999999999999805,2.8766666666666665,25.0,-3.1999999999999993,23.133333333333336,,EC_High,EC_High
EXP.1,2024-03-10,1,14:00,2024-03-10 14:00:00,R3T2,T2,6.9,1.56,0.76,23.0,47.64,24.74,410.58,20.493846153846157,13.26,25.27,50.81230769230769,429.5115384615384,13.0,,,6.9,,,1.56,,,23.0,48300.0,Humidity_Low,Humidity_Low
EXP.2,2024-05-04,22,10:00,2024-05-04 10:00:00,R1T2,T2,6.3,2.59,1.295,19.5,62.99,23.26,466.06,22.152916666666666,17.85,26.65,62.1775,466.26875,24.0,6.4,-0.10000000000000053,6.366666666666667,2.61,-0.020000000000000018,2.5,22.4,-2.8999999999999986,20.733333333333334,25700.0,EC_High,Normal
EXP.2,2024-04-22,10,14:00,2024-04-22 14:00:00,R2T1,T1,5.9,1.71,0.855,25.6,46.81,27.06,427.15,22.242083333333337,16.06,27.87,56.00833333333333,462.3645833333333,24.0,6.0,-0.09999999999999964,6.033333333333334,1.71,0.0,1.7166666666666668,23.8,1.8000000000000007,25.066666666666666,79490.0,Humidity_Low,Humidity_Low
EXP.3,2024-06-08,19,10:00,2024-06-08 10:00:00,R2T1,T1,6.2,3.05,1.525,22.7,61.53,28.84,461.1,26.795833333333334,23.75,31.0,63.401250000000005,459.2945833333333,24.0,6.8,-0.5999999999999996,6.533333333333334,2.02,1.0299999999999998,2.21,22.5,0.1999999999999993,23.03333333333333,,EC_High,Multiple_Stress
EXP.2,2024-04-26,14,14:00,2024-04-26 14:00:00,R1T1,T1,6.0,1.75,0.875,26.2,55.75,23.24,436.06,22.731739130434786,18.97,27.27,60.44869565217391,453.9904347826087,23.0,6.0,0.0,6.0,1.75,0.0,1.7533333333333332,23.6,2.599999999999998,25.599999999999998,46260.0,WaterTemp_High,Normal
EXP.1,2024-03-12,3,10:00,2024-03-12 10:00:00,R1T2,T2,5.4,1.98,0.99,21.4,50.18,23.12,411.77,17.968125,11.27,25.45,57.156875,432.4475,16.0,5.4,0.0,5.466666666666666,1.94,0.040000000000000036,1.9533333333333331,22.5,-1.1000000000000014,20.833333333333332,60540.0,pH_Low,pH_Low
EXP.2,2024-04-14,2,14:00,2024-04-14 14:00:00,R1T2,T2,7.1,2.2,1.1,20.7,64.2,25.3,,,,,,,,6.8,0.2999999999999998,6.833333333333333,1.9,0.30000000000000027,2.186666666666667,18.1,2.599999999999998,19.033333333333335,12720.0,pH_High,Normal
EXP.1,2024-03-26,17,10:00,2024-03-26 10:00:00,R1T1,T1,6.3,1.81,0.905,22.8,48.26,24.78,439.17,18.962083333333336,11.18,26.05,56.142500000000005,478.01416666666665,24.0,,,6.35,,,1.815,,,22.200000000000003,74420.0,Humidity_Low,Multiple_Stress
EXP.2,2024-04-16,4,10:00,2024-04-16 10:00:00,R1T1,T1,6.8,1.44,0.72,25.0,57.77,28.28,485.7,24.50857142857143,19.07,28.57,57.79714285714285,455.0364285714286,14.0,6.9,-0.10000000000000053,6.8999999999999995,1.88,-0.43999999999999995,1.7299999999999998,21.7,3.3000000000000007,21.766666666666666,7750.0,Normal,Multiple_Stress
EXP.3,2024-06-09,20,10:00,2024-06-09 10:00:00,R2T2,T2,7.0,2.77,1.385,22.0,63.88,27.41,442.02,25.879583333333333,23.42,28.86,65.02166666666666,441.12166666666667,24.0,7.1,-0.09999999999999964,7.033333333333334,2.71,0.06000000000000005,2.733333333333333,25.1,-3.1000000000000014,23.3,,EC_High,Multiple_Stress
EXP.1,2024-03-27,18,14:00,2024-03-27 14:00:00,R2T2,T2,6.7,1.78,0.89,25.7,47.77,24.09,418.54,21.109583333333333,16.16,26.28,55.38833333333333,450.795,24.0,6.5,0.20000000000000018,6.433333333333334,1.78,0.0,1.7933333333333332,24.1,1.5999999999999979,24.8,36530.0,Humidity_Low,Normal
EXP.2,2024-04-14,2,14:00,2024-04-14 14:00:00,R1T2,T2,7.1,2.2,1.1,20.7,64.2,25.3,,,,,,,,6.8,0.2999999999999998,6.833333333333333,1.9,0.30000000000000027,2.186666666666667,18.1,2.599999999999998,19.033333333333335,12720.0,pH_High,Normal
EXP.1,2024-03-24,15,14:00,2024-03-24 14:00:00,R3T2,T2,5.8,1.66,0.83,26.7,53.74,24.9,432.04,17.954166666666666,12.38,24.9,58.39208333333334,463.9470833333333,24.0,,,5.8,,,1.7,,,26.799999999999997,,WaterTemp_High,Normal
EXP.1,2024-04-03,25,14:00,2024-04-03 14:00:00,R2T1,T1,6.1,1.76,,26.5,61.7,26.3,,,,,,,,5.9,0.1999999999999993,6.033333333333334,1.76,0.0,1.78,24.5,2.0,26.333333333333332,65870.0,WaterTemp_High,Multiple_Stress
EXP.1,2024-03-20,11,10:00,2024-03-20 10:00:00,R1T1,T1,5.4,1.9,0.95,22.2,51.46,22.97,436.88,18.465833333333332,10.63,26.32,57.98916666666667,471.80041666666665,24.0,5.6,-0.1999999999999993,5.533333333333332,1.89,0.010000000000000009,1.89,25.1,-2.900000000000002,23.3,36200.0,pH_Low,Normal
EXP.2,2024-04-27,15,14:00,2024-04-27 14:00:00,R2T1,T1,6.0,1.7,0.85,26.2,56.15,23.47,437.55,22.160416666666666,18.46,26.74,61.01666666666667,458.7083333333333,24.0,5.9,0.09999999999999964,5.866666666666667,1.7,0.0,1.7,22.0,4.199999999999999,24.866666666666664,29810.0,WaterTemp_High,Normal
EXP.3,2024-06-12,23,14:00,2024-06-12 14:00:00,R1T1,T1,6.9,3.1,1.55,24.2,58.12,28.01,430.31,24.946250000000003,21.88,28.31,65.50083333333333,451.4566666666667,24.0,,,6.85,3.03,0.07000000000000028,3.0500000000000003,23.2,1.0,24.099999999999998,23550.0,EC_High,Multiple_Stress
EXP.2,2024-05-10,28,10:00,2024-05-10 10:00:00,R3T1,T1,6.4,1.92,0.96,18.1,51.58,24.34,420.96,23.433333333333334,20.66,26.33,53.267500000000005,426.5108333333333,24.0,6.4,0.0,6.4,1.91,0.010000000000000009,1.9233333333333336,20.0,-1.8999999999999986,18.8,23500.0,Normal,Normal
EXP.3,2024-05-21,1,14:00,2024-05-21 14:00:00,R1T2,T2,7.4,2.8,1.4,23.2,53.42,27.65,426.63,25.346666666666668,22.29,27.7,59.06458333333333,450.37083333333334,24.0,7.6,-0.1999999999999993,7.5,2.4,0.3999999999999999,2.5999999999999996,21.3,1.8999999999999986,22.25,,Multiple_Stress,Multiple_Stress
EXP.2,2024-04-27,15,14:00,2024-04-27 14:00:00,R2T2,T2,5.9,2.3,1.15,26.5,56.15,23.47,437.55,22.160416666666666,18.46,26.74,61.01666666666667,458.7083333333333,24.0,5.9,0.0,5.833333333333333,2.3,0.0,2.2966666666666664,22.3,4.199999999999999,25.233333333333334,29810.0,WaterTemp_High,WaterTemp_High
EXP.2,2024-04-19,7,14:00,2024-04-19 14:00:00,R1T2,T2,6.2,2.21,1.105,28.3,50.41,26.37,425.01,22.238333333333333,17.55,28.12,58.35375,454.3254166666666,24.0,6.1,0.10000000000000053,6.333333333333333,2.22,-0.010000000000000231,2.1999999999999997,24.6,3.6999999999999993,26.3,,WaterTemp_High,Normal
EXP.2,2024-04-22,10,14:00,2024-04-22 14:00:00,R3T2,T2,5.8,2.22,1.11,27.0,46.81,27.06,427.15,22.242083333333337,16.06,27.87,56.00833333333333,462.3645833333333,24.0,5.8,0.0,5.933333333333333,2.22,0.0,2.226666666666667,25.1,1.8999999999999986,26.400000000000002,79490.0,Multiple_Stress,Multiple_Stress
EXP.2,2024-04-30,18,14:00,2024-04-30 14:00:00,R2T2,T2,6.1,2.22,1.11,26.2,57.39,24.31,440.96,22.271666666666665,18.46,26.36,62.16041666666666,453.81333333333333,24.0,6.1,0.0,6.066666666666666,2.22,0.0,2.2433333333333336,23.5,2.6999999999999993,25.03333333333333,37780.0,WaterTemp_High,Normal
EXP.1,2024-03-19,10,10:00,2024-03-19 10:00:00,R1T2,T2,5.2,1.87,0.935,25.4,54.42,26.66,437.08,18.850416666666664,12.59,28.13,59.45541666666667,459.2029166666667,24.0,5.2,0.0,5.166666666666667,1.91,-0.039999999999999813,1.89,24.7,0.6999999999999993,25.0,75050.0,pH_Low,pH_Low
EXP.2,2024-04-14,2,14:00,2024-04-14 14:00:00,R1T2,T2,7.1,2.2,1.1,20.7,64.2,25.3,,,,,,,,6.8,0.2999999999999998,6.833333333333333,1.9,0.30000000000000027,2.186666666666667,18.1,2.599999999999998,19.033333333333335,12720.0,pH_High,Normal
EXP.3,2024-06-09,20,10:00,2024-06-09 10:00:00,R3T2,T2,6.9,2.93,1.465,22.1,63.88,27.41,442.02,25.879583333333333,23.42,28.86,65.02166666666666,441.12166666666667,24.0,7.1,-0.1999999999999993,7.0,2.91,0.020000000000000018,2.9133333333333336,25.6,-3.5,23.600000000000005,,EC_High,EC_High
EXP.2,2024-04-22,10,10:00,2024-04-22 10:00:00,R3T1,T1,6.1,1.73,0.865,25.4,49.44,25.39,445.85,22.242083333333337,16.06,27.87,56.00833333333333,462.3645833333333,24.0,6.2,-0.10000000000000053,6.0,1.73,0.0,1.7366666666666666,26.0,-0.6000000000000014,25.0,77040.0,Humidity_Low,Humidity_Low
EXP.1,2024-03-12,3,10:00,2024-03-12 10:00:00,R1T2,T2,5.4,1.98,0.99,21.4,50.18,23.12,411.77,17.968125,11.27,25.45,57.156875,432.4475,16.0,5.4,0.0,5.466666666666666,1.94,0.040000000000000036,1.9533333333333331,22.5,-1.1000000000000014,20.833333333333332,60540.0,pH_Low,pH_Low
EXP.1,2024-03-11,2,14:00,2024-03-11 14:00:00,R2T2,T2,5.8,2.02,1.01,22.3,48.13,24.63,413.96,17.557916666666667,9.81,25.72,55.17083333333333,448.75083333333333,24.0,5.8,0.0,6.2,2.01,0.010000000000000231,1.8633333333333333,19.7,2.6000000000000014,21.633333333333336,61270.0,Humidity_Low,Normal
EXP.2,2024-05-04,22,14:00,2024-05-04 14:00:00,R1T1,T1,6.5,2.9,1.45,23.5,56.91,24.39,443.4,22.152916666666666,17.85,26.65,62.1775,466.26875,24.0,6.7,-0.20000000000000018,6.566666666666666,2.4,0.5,2.1333333333333333,20.0,3.5,22.366666666666664,32550.0,EC_High,Normal
EXP.1,2024-03-30,21,14:00,2024-03-30 14:00:00,R1T2,T2,6.7,1.74,0.87,27.5,53.07,25.79,419.13,21.84875,17.33,26.97,60.32583333333333,455.5841666666667,24.0,6.7,0.0,6.666666666666667,1.72,0.020000000000000018,1.7700000000000002,24.9,2.6000000000000014,26.066666666666666,,WaterTemp_High,Normal
EXP.1,2024-03-26,17,14:00,2024-03-26 14:00:00,R2T2,T2,6.1,1.82,0.91,24.6,49.47,22.7,426.84,18.962083333333336,11.18,26.05,56.142500000000005,478.01416666666665,24.0,6.0,0.09999999999999964,6.05,1.83,-0.010000000000000009,1.8250000000000002,21.4,3.200000000000003,23.0,,Humidity_Low,Humidity_Low
EXP.2,2024-04-20,8,10:00,2024-04-20 10:00:00,R1T1,T1,5.9,1.79,0.895,22.8,50.75,27.57,437.49,22.569999999999997,16.61,29.55,57.791666666666664,447.3833333333334,24.0,6.1,-0.1999999999999993,6.1000000000000005,1.8,-0.010000000000000009,1.79,27.8,-5.0,25.099999999999998,,Normal,Multiple_Stress
EXP.1,2024-03-28,19,10:00,2024-03-28 10:00:00,R3T2,T2,6.0,1.82,0.91,28.2,51.56,23.93,425.26,21.36791666666667,14.18,27.25,55.85958333333334,470.43625,24.0,6.1,-0.09999999999999964,6.199999999999999,1.82,0.0,1.82,27.9,0.3000000000000007,28.0,47100.0,WaterTemp_High,Normal
EXP.1,2024-03-27,18,14:00,2024-03-27 14:00:00,R1T2,T2,6.3,1.76,0.88,26.7,47.77,24.09,418.54,21.109583333333333,16.16,26.28,55.38833333333333,450.795,24.0,6.2,0.09999999999999964,6.1000000000000005,1.77,-0.010000000000000009,1.78,25.5,1.1999999999999993,25.8,36530.0,Multiple_Stress,Normal
EXP.1,2024-03-27,18,10:00,2024-03-27 10:00:00,R2T1,T1,6.4,1.76,0.88,24.0,49.17,25.06,441.42,21.109583333333333,16.16,26.28,55.38833333333333,450.795,24.0,6.0,0.40000000000000036,6.133333333333333,1.82,-0.06000000000000005,1.7966666666666669,24.8,-0.8000000000000007,23.566666666666666,79530.0,Humidity_Low,Humidity_Low
EXP.2,2024-05-05,23,14:00,2024-05-05 14:00:00,R2T2,T2,6.4,2.51,1.255,21.9,52.18,22.72,438.32,20.685,16.17,28.31,54.78863636363636,459.26,22.0,6.4,0.0,6.366666666666667,2.52,-0.010000000000000231,2.6466666666666665,19.0,2.8999999999999986,21.166666666666668,41770.0,EC_High,Normal
EXP.3,2024-05-21,1,14:00,2024-05-21 14:00:00,R1T1,T1,6.8,2.6,1.3,22.5,53.42,27.65,426.63,25.346666666666668,22.29,27.7,59.06458333333333,450.37083333333334,24.0,6.9,-0.10000000000000053,6.85,2.17,0.43000000000000016,2.385,21.4,1.1000000000000014,21.95,,EC_High,EC_High
EXP.1,2024-04-01,23,10:00,2024-04-01 10:00:00,R3T2,T2,6.3,1.63,0.815,29.2,53.56,27.25,428.75,22.912499999999998,17.47,30.8,57.57416666666666,448.78541666666666,24.0,,,6.3,,,1.63,,,29.2,,WaterTemp_High,Multiple_Stress
EXP.1,2024-04-03,25,14:00,2024-04-03 14:00:00,R3T2,T2,6.5,1.65,,28.6,61.7,26.3,,,,,,,,6.4,0.09999999999999964,6.466666666666668,1.64,0.010000000000000009,1.6666666666666667,28.4,0.20000000000000284,28.8,65870.0,WaterTemp_High,Multiple_Stress
EXP.2,2024-05-04,22,14:00,2024-05-04 14:00:00,R3T1,T1,6.4,2.13,1.065,23.0,56.91,24.39,443.4,22.152916666666666,17.85,26.65,62.1775,466.26875,24.0,6.3,0.10000000000000053,6.366666666666667,2.14,-0.010000000000000231,2.1533333333333338,19.3,3.6999999999999993,21.700000000000003,32550.0,Normal,Normal
EXP.2,2024-05-08,26,10:00,2024-05-08 10:00:00,R1T2,T2,6.6,2.5,1.25,18.0,54.99,25.36,440.29,19.66208333333333,15.98,25.36,55.39083333333334,451.8008333333333,24.0,5.9,0.6999999999999993,6.466666666666666,2.44,0.06000000000000005,2.3633333333333333,19.1,-1.1000000000000014,18.96666666666667,25600.0,Normal,Normal
EXP.2,2024-05-05,23,14:00,2024-05-05 14:00:00,R3T1,T1,6.4,2.8,1.4,22.3,52.18,22.72,438.32,20.685,16.17,28.31,54.78863636363636,459.26,22.0,6.4,0.0,6.4,2.29,0.5099999999999998,2.4066666666666667,19.0,3.3000000000000007,21.433333333333337,41770.0,EC_High,Multiple_Stress
EXP.1,2024-03-28,19,10:00,2024-03-28 10:00:00,R2T1,T1,6.2,1.77,0.885,23.9,51.56,23.93,425.26,21.36791666666667,14.18,27.25,55.85958333333334,470.43625,24.0,6.6,-0.39999999999999947,6.3999999999999995,1.77,0.0,1.7666666666666668,25.3,-1.4000000000000021,24.400000000000002,47100.0,Normal,Normal
EXP.3,2024-06-09,20,14:00,2024-06-09 14:00:00,R1T2,T2,6.7,2.76,1.38,23.3,58.81,27.94,420.01,25.879583333333333,23.42,28.86,65.02166666666666,441.12166666666667,24.0,6.8,-0.09999999999999964,6.733333333333333,2.75,0.009999999999999787,2.7533333333333334,21.9,1.4000000000000021,23.366666666666664,,EC_High,EC_High
EXP.2,2024-05-08,26,14:00,2024-05-08 14:00:00,R3T2,T2,6.5,2.12,1.06,22.3,51.53,21.89,427.53,19.66208333333333,15.98,25.36,55.39083333333334,451.8008333333333,24.0,6.5,0.0,6.333333333333333,2.13,-0.009999999999999787,2.1233333333333335,19.1,3.1999999999999993,20.433333333333334,3772.0,Normal,Normal
EXP.1,2024-03-20,11,10:00,2024-03-20 10:00:00,R3T1,T1,5.3,2.01,1.005,23.6,51.46,22.97,436.88,18.465833333333332,10.63,26.32,57.98916666666667,471.80041666666665,24.0,5.5,-0.20000000000000018,5.433333333333334,1.95,0.05999999999999983,1.9766666666666666,24.3,-0.6999999999999993,23.900000000000002,36200.0,pH_Low,Normal
EXP.3,2024-06-13,24,14:00,2024-06-13 14:00:00,R1T2,T2,7.1,3.02,1.51,23.8,57.17,30.33,437.98,26.022916666666664,22.96,30.33,65.69125,447.28833333333336,24.0,7.4,-0.3000000000000007,7.25,2.85,0.16999999999999993,2.926666666666667,22.0,1.8000000000000007,22.8,23550.0,Multiple_Stress,Multiple_Stress
EXP.2,2024-04-23,11,14:00,2024-04-23 14:00:00,R3T2,T2,5.6,2.23,1.115,28.2,45.63,29.8,419.25,24.49625,17.34,34.79,53.95791666666667,456.20625,24.0,5.5,0.09999999999999964,5.633333333333333,2.23,0.0,2.226666666666667,26.2,2.0,27.133333333333336,6212.0,Multiple_Stress,Multiple_Stress
EXP.1,2024-03-11,2,14:00,2024-03-11 14:00:00,R1T1,T1,5.2,2.0,1.0,23.9,48.13,24.63,413.96,17.557916666666667,9.81,25.72,55.17083333333333,448.75083333333333,24.0,5.3,-0.09999999999999964,5.8,2.0,0.0,1.87,19.3,4.599999999999998,21.900000000000002,61270.0,Multiple_Stress,Normal
EXP.3,2024-05-22,2,10:00,2024-05-22 10:00:00,R3T1,T1,7.1,2.55,1.275,21.5,58.98,26.31,442.47,25.58583333333333,23.05,28.88,60.81166666666667,445.5541666666666,24.0,7.5,-0.40000000000000036,7.3999999999999995,2.13,0.41999999999999993,2.4266666666666663,22.3,-0.8000000000000007,21.7,1944.0,Multiple_Stress,pH_High
EXP.2,2024-04-22,10,10:00,2024-04-22 10:00:00,R3T2,T2,5.8,2.22,1.11,25.1,49.44,25.39,445.85,22.242083333333337,16.06,27.87,56.00833333333333,462.3645833333333,24.0,6.2,-0.40000000000000036,5.866666666666667,2.24,-0.020000000000000018,2.24,27.1,-2.0,25.7,77040.0,Humidity_Low,Multiple_Stress
EXP.1,2024-03-18,9,10:00,2024-03-18 10:00:00,R1T2,T2,5.2,1.91,0.955,24.7,53.95,26.53,426.75,18.576249999999998,13.61,26.53,59.49125,457.72125,24.0,5.1,0.10000000000000053,5.3,1.89,0.020000000000000018,1.9166666666666667,24.9,-0.1999999999999993,24.933333333333334,27600.0,pH_Low,pH_Low
EXP.2,2024-05-04,22,10:00,2024-05-04 10:00:00,R1T2,T2,6.3,2.59,1.295,19.5,62.99,23.26,466.06,22.152916666666666,17.85,26.65,62.1775,466.26875,24.0,6.4,-0.10000000000000053,6.366666666666667,2.61,-0.020000000000000018,2.5,22.4,-2.8999999999999986,20.733333333333334,25700.0,EC_High,Normal
EXP.3,2024-06-08,19,10:00,2024-06-08 10:00:00,R2T2,T2,7.0,2.72,1.36,22.8,61.53,28.84,461.1,26.795833333333334,23.75,31.0,63.401250000000005,459.2945833333333,24.0,7.5,-0.5,7.333333333333333,1.6,1.12,2.1133333333333333,22.4,0.40000000000000213,21.900000000000002,,EC_High,Multiple_Stress
EXP.1,2024-03-12,3,10:00,2024-03-12 10:00:00,R1T2,T2,5.4,1.98,0.99,21.4,50.18,23.12,411.77,17.968125,11.27,25.45,57.156875,432.4475,16.0,5.4,0.0,5.466666666666666,1.94,0.040000000000000036,1.9533333333333331,22.5,-1.1000000000000014,20.833333333333332,60540.0,pH_Low,pH_Low
EXP.1,2024-03-27,18,14:00,2024-03-27 14:00:00,R2T1,T1,6.6,1.77,0.885,25.3,47.77,24.09,418.54,21.109583333333333,16.16,26.28,55.38833333333333,450.795,24.0,6.4,0.1999999999999993,6.333333333333333,1.76,0.010000000000000009,1.7833333333333334,24.0,1.3000000000000007,24.7,36530.0,Humidity_Low,Normal
EXP.3,2024-06-08,19,10:00,2024-06-08 10:00:00,R3T2,T2,7.0,2.9,1.45,23.1,61.53,28.84,461.1,26.795833333333334,23.75,31.0,63.401250000000005,459.2945833333333,24.0,7.5,-0.5,7.366666666666667,1.58,1.3199999999999998,2.38,22.9,0.20000000000000284,22.26666666666667,,EC_High,Multiple_Stress
EXP.3,2024-05-21,1,10:00,2024-05-21 10:00:00,R1T2,T2,7.6,2.4,1.2,21.3,56.85,27.24,457.03,25.346666666666668,22.29,27.7,59.06458333333333,450.37083333333334,24.0,,,7.6,,,2.4,,,21.3,,pH_High,Multiple_Stress
EXP.1,2024-03-26,17,10:00,2024-03-26 10:00:00,R3T1,T1,5.9,1.82,0.91,22.7,48.26,24.78,439.17,18.962083333333336,11.18,26.05,56.142500000000005,478.01416666666665,24.0,,,5.9,,,1.82,,,22.4,74420.0,Humidity_Low,Humidity_Low
EXP.1,2024-04-03,25,10:00,2024-04-03 10:00:00,R2T2,T2,6.5,1.56,0.78,24.5,,,,,,,,,,6.7,-0.20000000000000018,6.633333333333333,1.62,-0.06000000000000005,1.6033333333333335,27.5,-3.0,25.900000000000002,,Normal,WaterTemp_High
EXP.1,2024-04-01,23,10:00,2024-04-01 10:00:00,R1T1,T1,6.8,1.58,0.79,25.2,53.56,27.25,428.75,22.912499999999998,17.47,30.8,57.57416666666666,448.78541666666666,24.0,,,6.8,,,1.58,,,25.2,,Normal,WaterTemp_High
EXP.3,2024-06-10,21,10:00,2024-06-10 10:00:00,R2T1,T1,6.2,3.1,1.55,21.2,66.53,27.37,481.77,25.564166666666665,23.01,29.41,66.66666666666667,453.6458333333333,24.0,6.4,-0.20000000000000018,6.300000000000001,3.04,0.06000000000000005,3.063333333333333,23.7,-2.5,22.266666666666666,,EC_High,EC_High
EXP.2,2024-05-06,24,14:00,2024-05-06 14:00:00,R2T2,T2,6.4,2.55,1.275,22.1,52.5,25.73,439.29,20.535,16.73,25.73,55.959583333333335,462.6325,24.0,6.5,-0.09999999999999964,6.433333333333334,2.18,0.36999999999999966,2.413333333333333,18.2,3.900000000000002,20.73333333333333,35770.0,EC_High,WaterTemp_Low
EXP.1,2024-03-26,17,14:00,2024-03-26 14:00:00,R1T2,T2,5.8,1.81,0.905,25.2,49.47,22.7,426.84,18.962083333333336,11.18,26.05,56.142500000000005,478.01416666666665,24.0,5.7,0.09999999999999964,5.75,1.79,0.020000000000000018,1.8,24.1,1.0999999999999979,24.65,,Humidity_Low,Humidity_Low
EXP.3,2024-05-21,1,14:00,2024-05-21 14:00:00,R1T2,T2,7.4,2.8,1.4,23.2,53.42,27.65,426.63,25.346666666666668,22.29,27.7,59.06458333333333,450.37083333333334,24.0,7.6,-0.1999999999999993,7.5,2.4,0.3999999999999999,2.5999999999999996,21.3,1.8999999999999986,22.25,,Multiple_Stress,Multiple_Stress
EXP.2,2024-04-13,1,10:00,2024-04-13 10:00:00,R3T1,T1,6.7,1.93,0.965,18.0,69.0,24.6,,,,,,,,,,6.7,,,1.93,,,18.0,26660.0,Normal,Normal
EXP.2,2024-04-27,15,14:00,2024-04-27 14:00:00,R2T2,T2,5.9,2.3,1.15,26.5,56.15,23.47,437.55,22.160416666666666,18.46,26.74,61.01666666666667,458.7083333333333,24.0,5.9,0.0,5.833333333333333,2.3,0.0,2.2966666666666664,22.3,4.199999999999999,25.233333333333334,29810.0,WaterTemp_High,WaterTemp_High
EXP.2,2024-04-26,14,10:00,2024-04-26 10:00:00,R3T2,T2,5.5,2.25,1.125,23.8,60.11,23.95,456.51,22.731739130434786,18.97,27.27,60.44869565217391,453.9904347826087,23.0,5.5,0.0,5.5,2.26,-0.009999999999999787,2.2533333333333334,27.6,-3.8000000000000007,25.3,20070.0,Normal,WaterTemp_High
EXP.2,2024-04-28,16,14:00,2024-04-28 14:00:00,R1T2,T2,5.9,2.2,1.1,26.2,56.07,24.15,442.47,22.252499999999998,18.61,27.42,61.467083333333335,463.61291666666665,24.0,5.9,0.0,5.9,2.2,0.0,2.1966666666666668,22.3,3.8999999999999986,24.96666666666667,32660.0,WaterTemp_High,Normal
EXP.3,2024-06-09,20,10:00,2024-06-09 10:00:00,R2T2,T2,7.0,2.77,1.385,22.0,63.88,27.41,442.02,25.879583333333333,23.42,28.86,65.02166666666666,441.12166666666667,24.0,7.1,-0.09999999999999964,7.033333333333334,2.71,0.06000000000000005,2.733333333333333,25.1,-3.1000000000000014,23.3,,EC_High,Multiple_Stress
EXP.2,2024-04-19,7,14:00,2024-04-19 14:00:00,R3T2,T2,6.9,2.25,1.125,27.6,50.41,26.37,425.01,22.238333333333333,17.55,28.12,58.35375,454.3254166666666,24.0,5.8,1.1000000000000005,6.333333333333333,2.27,-0.020000000000000018,2.24,25.8,1.8000000000000007,26.666666666666668,,WaterTemp_High,Normal
EXP.3,2024-06-14,25,14:00,2024-06-14 14:00:00,R3T1,T1,7.3,3.2,1.6,31.0,37.73,44.49,493.81,30.522499999999997,24.39,44.49,57.343333333333334,456.2191666666667,24.0,7.5,-0.20000000000000018,7.3999999999999995,2.85,0.3500000000000001,2.966666666666667,23.3,7.699999999999999,26.099999999999998,28890.0,Multiple_Stress,Multiple_Stress
EXP.2,2024-04-22,10,14:00,2024-04-22 14:00:00,R1T1,T1,6.1,1.75,0.875,25.6,46.81,27.06,427.15,22.242083333333337,16.06,27.87,56.00833333333333,462.3645833333333,24.0,6.2,-0.10000000000000053,6.1000000000000005,1.76,-0.010000000000000009,1.7633333333333334,23.6,2.0,24.366666666666664,79490.0,Humidity_Low,Humidity_Low
EXP.3,2024-06-14,25,14:00,2024-06-14 14:00:00,R1T1,T1,7.3,3.29,1.645,33.0,37.73,44.49,493.81,30.522499999999997,24.39,44.49,57.343333333333334,456.2191666666667,24.0,7.5,-0.20000000000000018,7.366666666666667,3.17,0.1200000000000001,3.206666666666667,24.2,8.8,27.46666666666667,28890.0,Multiple_Stress,Multiple_Stress
EXP.3,2024-06-12,23,10:00,2024-06-12 10:00:00,R2T2,T2,,3.18,1.59,23.2,63.9,26.44,450.86,24.946250000000003,21.88,28.31,65.50083333333333,451.4566666666667,24.0,7.3,,7.25,3.18,0.0,3.1733333333333333,24.2,-1.0,23.5,26830.0,EC_High,pH_High
EXP.2,2024-05-12,30,10:00,2024-05-12 10:00:00,R1T1,T1,7.1,1.75,0.875,19.8,58.0,23.38,443.59,21.3575,17.48,25.23,59.34791666666666,446.99291666666664,24.0,6.5,0.5999999999999996,6.7,1.74,0.010000000000000009,1.7599999999999998,23.1,-3.3000000000000007,20.566666666666666,33100.0,pH_High,pH_High
EXP.1,2024-03-20,11,10:00,2024-03-20 10:00:00,R2T2,T2,5.4,1.99,0.995,22.1,51.46,22.97,436.88,18.465833333333332,10.63,26.32,57.98916666666667,471.80041666666665,24.0,5.7,-0.2999999999999998,5.633333333333333,1.94,0.050000000000000044,1.9633333333333332,23.0,-0.8999999999999986,22.633333333333336,36200.0,pH_Low,Normal
EXP.3,2024-06-14,25,10:00,2024-06-14 10:00:00,R2T2,T2,7.3,3.19,1.595,23.9,49.68,40.45,468.82,30.522499999999997,24.39,44.49,57.343333333333334,456.2191666666667,24.0,7.1,0.20000000000000018,7.233333333333333,3.19,0.0,2.8466666666666662,24.1,-0.20000000000000284,23.53333333333333,,Multiple_Stress,Multiple_Stress
EXP.1,2024-03-12,3,10:00,2024-03-12 10:00:00,R1T2,T2,5.4,1.98,0.99,21.4,50.18,23.12,411.77,17.968125,11.27,25.45,57.156875,432.4475,16.0,5.4,0.0,5.466666666666666,1.94,0.040000000000000036,1.9533333333333331,22.5,-1.1000000000000014,20.833333333333332,60540.0,pH_Low,pH_Low
EXP.1,2024-03-24,15,14:00,2024-03-24 14:00:00,R3T2,T2,5.8,1.66,0.83,26.7,53.74,24.9,432.04,17.954166666666666,12.38,24.9,58.39208333333334,463.9470833333333,24.0,,,5.8,,,1.7,,,26.799999999999997,,WaterTemp_High,Normal
EXP.2,2024-05-06,24,10:00,2024-05-06 10:00:00,R1T2,T2,6.5,2.58,1.29,17.2,55.98,24.26,460.83,20.535,16.73,25.73,55.959583333333335,462.6325,24.0,6.4,0.09999999999999964,6.433333333333334,2.5,0.08000000000000007,2.5233333333333334,21.8,-4.600000000000001,19.36666666666667,2870.0,Multiple_Stress,EC_High
EXP.3,2024-06-09,20,10:00,2024-06-09 10:00:00,R2T2,T2,7.0,2.77,1.385,22.0,63.88,27.41,442.02,25.879583333333333,23.42,28.86,65.02166666666666,441.12166666666667,24.0,7.1,-0.09999999999999964,7.033333333333334,2.71,0.06000000000000005,2.733333333333333,25.1,-3.1000000000000014,23.3,,EC_High,Multiple_Stress
EXP.2,2024-05-05,23,10:00,2024-05-05 10:00:00,R3T1,T1,6.4,2.29,1.145,19.0,54.66,24.89,455.73,20.685,16.17,28.31,54.78863636363636,459.26,22.0,6.4,0.0,6.366666666666667,2.13,0.16000000000000014,2.186666666666667,23.0,-4.0,20.433333333333334,24150.0,Normal,EC_High
EXP.2,2024-05-06,24,14:00,2024-05-06 14:00:00,R2T1,T1,6.4,1.9,0.95,21.3,52.5,25.73,439.29,20.535,16.73,25.73,55.959583333333335,462.6325,24.0,6.7,-0.2999999999999998,6.5,1.93,-0.030000000000000027,1.9266666666666667,19.7,1.6000000000000014,21.033333333333335,35770.0,Normal,WaterTemp_Low
EXP.1,2024-03-20,11,10:00,2024-03-20 10:00:00,R3T1,T1,5.3,2.01,1.005,23.6,51.46,22.97,436.88,18.465833333333332,10.63,26.32,57.98916666666667,471.80041666666665,24.0,5.5,-0.20000000000000018,5.433333333333334,1.95,0.05999999999999983,1.9766666666666666,24.3,-0.6999999999999993,23.900000000000002,36200.0,pH_Low,Normal
EXP.1,2024-04-03,25,14:00,2024-04-03 14:00:00,R1T2,T2,6.2,1.77,,28.3,61.7,26.3,,,,,,,,6.1,0.10000000000000053,6.166666666666667,1.77,0.0,1.7866666666666668,27.4,0.9000000000000021,28.03333333333333,65870.0,WaterTemp_High,Multiple_Stress
EXP.3,2024-06-14,25,10:00,2024-06-14 10:00:00,R1T1,T1,7.5,3.17,1.585,24.2,49.68,40.45,468.82,30.522499999999997,24.39,44.49,57.343333333333334,456.2191666666667,24.0,7.3,0.20000000000000018,7.333333333333333,3.16,0.009999999999999787,3.0666666666666664,25.2,-1.0,23.96666666666667,,Multiple_Stress,Multiple_Stress
EXP.1,2024-03-27,18,10:00,2024-03-27 10:00:00,R2T2,T2,6.5,1.78,0.89,24.1,49.17,25.06,441.42,21.109583333333333,16.16,26.28,55.38833333333333,450.795,24.0,6.1,0.40000000000000036,6.2,1.82,-0.040000000000000036,1.8099999999999998,24.6,-0.5,23.366666666666664,79530.0,Humidity_Low,Humidity_Low
EXP.1,2024-03-20,11,10:00,2024-03-20 10:00:00,R2T2,T2,5.4,1.99,0.995,22.1,51.46,22.97,436.88,18.465833333333332,10.63,26.32,57.98916666666667,471.80041666666665,24.0,5.7,-0.2999999999999998,5.633333333333333,1.94,0.050000000000000044,1.9633333333333332,23.0,-0.8999999999999986,22.633333333333336,36200.0,pH_Low,Normal
EXP.3,2024-05-21,1,14:00,2024-05-21 14:00:00,R1T1,T1,6.8,2.6,1.3,22.5,53.42,27.65,426.63,25.346666666666668,22.29,27.7,59.06458333333333,450.37083333333334,24.0,6.9,-0.10000000000000053,6.85,2.17,0.43000000000000016,2.385,21.4,1.1000000000000014,21.95,,EC_High,EC_High
EXP.1,2024-03-23,14,14:00,2024-03-23 14:00:00,R3T2,T2,,,0.0,,48.25,24.7,408.7,18.180799999999998,10.34,25.37,56.098,457.46479999999997,25.0,5.8,,5.8,1.74,,1.735,26.9,,25.950000000000003,,Humidity_Low,WaterTemp_High
EXP.3,2024-06-13,24,10:00,2024-06-13 10:00:00,R2T2,T2,7.3,2.16,1.08,22.6,64.0,27.83,449.24,26.022916666666664,22.96,30.33,65.69125,447.28833333333336,24.0,,,7.3,3.18,-1.02,2.84,23.2,-0.5999999999999979,23.333333333333332,23290.0,pH_High,Multiple_Stress
EXP.3,2024-06-12,23,14:00,2024-06-12 14:00:00,R2T1,T1,7.0,3.22,1.61,23.3,58.12,28.01,430.31,24.946250000000003,21.88,28.31,65.50083333333333,451.4566666666667,24.0,,,6.95,3.28,-0.05999999999999961,3.26,22.9,0.40000000000000213,23.633333333333336,23550.0,EC_High,Multiple_Stress
EXP.3,2024-06-10,21,14:00,2024-06-10 14:00:00,R2T1,T1,6.5,3.02,1.51,24.9,60.1,28.96,436.92,25.564166666666665,23.01,29.41,66.66666666666667,453.6458333333333,24.0,6.2,0.2999999999999998,6.366666666666667,3.1,-0.08000000000000007,3.0533333333333332,21.2,3.6999999999999993,23.266666666666666,,EC_High,EC_High
EXP.3,2024-05-23,3,14:00,2024-05-23 14:00:00,R2T2,T2,7.7,2.2,1.1,24.1,54.77,27.05,431.44,25.587500000000002,23.22,30.39,61.07333333333333,448.56375,24.0,7.6,0.10000000000000053,7.666666666666667,1.76,0.44000000000000017,2.1533333333333333,22.5,1.6000000000000014,22.599999999999998,33360.0,pH_High,pH_High
EXP.1,2024-03-12,3,14:00,2024-03-12 14:00:00,R1T2,T2,5.4,1.98,0.99,25.4,50.59,22.78,404.6,17.968125,11.27,25.45,57.156875,432.4475,16.0,5.4,0.0,5.4,1.98,0.0,1.9666666666666668,21.4,4.0,23.099999999999998,45190.0,pH_Low,Normal
EXP.3,2024-06-09,20,14:00,2024-06-09 14:00:00,R2T1,T1,6.4,3.04,1.52,23.7,58.81,27.94,420.01,25.879583333333333,23.42,28.86,65.02166666666666,441.12166666666667,24.0,6.3,0.10000000000000053,6.3,3.05,-0.009999999999999787,3.046666666666667,21.9,1.8000000000000007,23.566666666666663,,EC_High,EC_High
EXP.2,2024-05-09,27,14:00,2024-05-09 14:00:00,R3T1,T1,6.4,1.91,0.955,20.0,51.2,24.49,418.25,21.942083333333333,16.7,25.15,55.362500000000004,438.23333333333335,24.0,6.4,0.0,6.366666666666667,1.94,-0.030000000000000027,1.9133333333333333,18.3,1.6999999999999993,19.066666666666666,36770.0,Normal,Normal
EXP.1,2024-03-18,9,10:00,2024-03-18 10:00:00,R2T1,T1,5.7,1.95,0.975,22.6,53.95,26.53,426.75,18.576249999999998,13.61,26.53,59.49125,457.72125,24.0,5.7,0.0,5.833333333333333,1.94,0.010000000000000009,1.9666666666666668,24.5,-1.8999999999999986,23.566666666666666,27600.0,Normal,Normal
EXP.2,2024-04-30,18,14:00,2024-04-30 14:00:00,R3T2,T2,6.0,2.18,1.09,26.4,57.39,24.31,440.96,22.271666666666665,18.46,26.36,62.16041666666666,453.81333333333333,24.0,6.0,0.0,5.933333333333334,2.18,0.0,2.193333333333334,23.5,2.8999999999999986,25.066666666666666,37780.0,WaterTemp_High,Normal
EXP.1,2024-03-22,13,14:00,2024-03-22 14:00:00,R2T2,T2,5.8,1.87,0.935,24.3,49.81,23.95,406.99,18.142083333333336,10.66,25.6,57.46875,456.0833333333333,24.0,5.9,-0.10000000000000053,5.8999999999999995,1.78,0.09000000000000008,1.8133333333333335,22.9,1.4000000000000021,23.633333333333336,,Humidity_Low,Humidity_Low
EXP.1,2024-03-12,3,14:00,2024-03-12 14:00:00,R1T2,T2,5.4,1.98,0.99,25.4,50.59,22.78,404.6,17.968125,11.27,25.45,57.156875,432.4475,16.0,5.4,0.0,5.4,1.98,0.0,1.9666666666666668,21.4,4.0,23.099999999999998,45190.0,pH_Low,Normal
EXP.1,2024-03-20,11,10:00,2024-03-20 10:00:00,R1T2,T2,5.0,1.93,0.965,24.1,51.46,22.97,436.88,18.465833333333332,10.63,26.32,57.98916666666667,471.80041666666665,24.0,5.2,-0.20000000000000018,5.133333333333333,1.87,0.05999999999999983,1.9033333333333333,25.4,-1.2999999999999972,24.733333333333334,36200.0,pH_Low,Normal
EXP.1,2024-03-19,10,10:00,2024-03-19 10:00:00,R1T2,T2,5.2,1.87,0.935,25.4,54.42,26.66,437.08,18.850416666666664,12.59,28.13,59.45541666666667,459.2029166666667,24.0,5.2,0.0,5.166666666666667,1.91,-0.039999999999999813,1.89,24.7,0.6999999999999993,25.0,75050.0,pH_Low,pH_Low
EXP.3,2024-06-13,24,10:00,2024-06-13 10:00:00,R2T2,T2,7.3,2.16,1.08,22.6,64.0,27.83,449.24,26.022916666666664,22.96,30.33,65.69125,447.28833333333336,24.0,,,7.3,3.18,-1.02,2.84,23.2,-0.5999999999999979,23.333333333333332,23290.0,pH_High,Multiple_Stress
EXP.1,2024-03-31,22,14:00,2024-03-31 14:00:00,R3T2,T2,,,0.0,,52.71,26.99,426.11,22.840416666666666,17.48,28.45,59.55291666666667,460.57124999999996,24.0,,,7.2,,,1.43,,,28.5,,Normal,WaterTemp_High
EXP.3,2024-06-13,24,10:00,2024-06-13 10:00:00,R2T2,T2,7.3,2.16,1.08,22.6,64.0,27.83,449.24,26.022916666666664,22.96,30.33,65.69125,447.28833333333336,24.0,,,7.3,3.18,-1.02,2.84,23.2,-0.5999999999999979,23.333333333333332,23290.0,pH_High,Multiple_Stress
EXP.2,2024-04-30,18,14:00,2024-04-30 14:00:00,R1T1,T1,6.4,1.74,0.87,26.3,57.39,24.31,440.96,22.271666666666665,18.46,26.36,62.16041666666666,453.81333333333333,24.0,6.4,0.0,6.3,1.74,0.0,1.7333333333333334,23.2,3.1000000000000014,24.833333333333332,37780.0,WaterTemp_High,Normal
EXP.1,2024-03-27,18,10:00,2024-03-27 10:00:00,R2T2,T2,6.5,1.78,0.89,24.1,49.17,25.06,441.42,21.109583333333333,16.16,26.28,55.38833333333333,450.795,24.0,6.1,0.40000000000000036,6.2,1.82,-0.040000000000000036,1.8099999999999998,24.6,-0.5,23.366666666666664,79530.0,Humidity_Low,Humidity_Low
EXP.3,2024-05-21,1,10:00,2024-05-21 10:00:00,R1T2,T2,7.6,2.4,1.2,21.3,56.85,27.24,457.03,25.346666666666668,22.29,27.7,59.06458333333333,450.37083333333334,24.0,,,7.6,,,2.4,,,21.3,,pH_High,Multiple_Stress
EXP.2,2024-04-27,15,14:00,2024-04-27 14:00:00,R3T2,T2,5.8,2.23,1.115,26.5,56.15,23.47,437.55,22.160416666666666,18.46,26.74,61.01666666666667,458.7083333333333,24.0,5.7,0.09999999999999964,5.699999999999999,2.24,-0.010000000000000231,2.2333333333333334,22.4,4.100000000000001,25.3,29810.0,WaterTemp_High,Normal
EXP.1,2024-03-11,2,14:00,2024-03-11 14:00:00,R1T1,T1,5.2,2.0,1.0,23.9,48.13,24.63,413.96,17.557916666666667,9.81,25.72,55.17083333333333,448.75083333333333,24.0,5.3,-0.09999999999999964,5.8,2.0,0.0,1.87,19.3,4.599999999999998,21.900000000000002,61270.0,Multiple_Stress,Normal
EXP.1,2024-03-31,22,14:00,2024-03-31 14:00:00,R1T1,T1,,,0.0,,52.71,26.99,426.11,22.840416666666666,17.48,28.45,59.55291666666667,460.57124999999996,24.0,,,6.7,,,1.73,,,27.9,,Normal,Normal
EXP.3,2024-06-14,25,10:00,2024-06-14 10:00:00,R2T1,T1,7.6,2.89,1.445,23.3,49.68,40.45,468.82,30.522499999999997,24.39,44.49,57.343333333333334,456.2191666666667,24.0,7.5,0.09999999999999964,7.433333333333334,2.88,0.010000000000000231,2.9599999999999995,24.2,-0.8999999999999986,23.233333333333334,,Multiple_Stress,Multiple_Stress
EXP.1,2024-03-27,18,10:00,2024-03-27 10:00:00,R1T1,T1,6.6,1.77,0.885,24.2,49.17,25.06,441.42,21.109583333333333,16.16,26.28,55.38833333333333,450.795,24.0,6.1,0.5,6.333333333333333,1.82,-0.050000000000000044,1.8,27.9,-3.6999999999999993,24.96666666666667,79530.0,Humidity_Low,Humidity_Low
EXP.2,2024-04-23,11,14:00,2024-04-23 14:00:00,R3T2,T2,5.6,2.23,1.115,28.2,45.63,29.8,419.25,24.49625,17.34,34.79,53.95791666666667,456.20625,24.0,5.5,0.09999999999999964,5.633333333333333,2.23,0.0,2.226666666666667,26.2,2.0,27.133333333333336,6212.0,Multiple_Stress,Multiple_Stress
EXP.3,2024-05-23,3,14:00,2024-05-23 14:00:00,R1T2,T2,7.6,1.79,0.895,24.0,54.77,27.05,431.44,25.587500000000002,23.22,30.39,61.07333333333333,448.56375,24.0,7.6,0.0,7.566666666666666,1.73,0.06000000000000005,2.1066666666666665,22.1,1.8999999999999986,22.46666666666667,33360.0,pH_High,pH_High
EXP.2,2024-05-10,28,10:00,2024-05-10 10:00:00,R2T1,T1,6.4,1.78,0.89,18.6,51.58,24.34,420.96,23.433333333333334,20.66,26.33,53.267500000000005,426.5108333333333,24.0,6.4,0.0,6.4,1.76,0.020000000000000018,1.74,20.3,-1.6999999999999993,19.133333333333336,23500.0,Normal,Normal
EXP.1,2024-04-03,25,10:00,2024-04-03 10:00:00,R1T2,T2,6.1,1.77,0.885,27.4,,,,,,,,,,6.2,-0.10000000000000053,6.166666666666667,1.82,-0.050000000000000044,1.8033333333333335,28.4,-1.0,27.866666666666664,,WaterTemp_High,WaterTemp_High
EXP.1,2024-03-20,11,14:00,2024-03-20 14:00:00,R1T2,T2,5.6,1.75,0.875,25.2,51.07,22.97,424.04,18.465833333333332,10.63,26.32,57.98916666666667,471.80041666666665,24.0,5.0,0.5999999999999996,5.266666666666667,1.93,-0.17999999999999994,1.8499999999999999,24.1,1.0999999999999979,24.900000000000002,,Normal,Normal
EXP.1,2024-03-15,6,10:00,2024-03-15 10:00:00,R3T1,T1,5.7,2.01,1.005,24.8,47.81,26.82,407.63,19.426666666666666,11.81,29.17,54.786249999999995,447.69416666666666,24.0,5.9,-0.20000000000000018,5.800000000000001,1.98,0.029999999999999805,1.9933333333333332,25.0,-0.1999999999999993,24.599999999999998,,Humidity_Low,Normal
EXP.1,2024-03-20,11,10:00,2024-03-20 10:00:00,R1T2,T2,5.0,1.93,0.965,24.1,51.46,22.97,436.88,18.465833333333332,10.63,26.32,57.98916666666667,471.80041666666665,24.0,5.2,-0.20000000000000018,5.133333333333333,1.87,0.05999999999999983,1.9033333333333333,25.4,-1.2999999999999972,24.733333333333334,36200.0,pH_Low,Normal
EXP.3,2024-06-08,19,10:00,2024-06-08 10:00:00,R3T1,T1,6.0,2.9,1.45,22.6,61.53,28.84,461.1,26.795833333333334,23.75,31.0,63.401250000000005,459.2945833333333,24.0,7.0,-1.0,6.7,1.65,1.25,2.1766666666666663,22.2,0.40000000000000213,21.733333333333334,,EC_High,Multiple_Stress
EXP.1,2024-03-18,9,10:00,2024-03-18 10:00:00,R1T2,T2,5.2,1.91,0.955,24.7,53.95,26.53,426.75,18.576249999999998,13.61,26.53,59.49125,457.72125,24.0,5.1,0.10000000000000053,5.3,1.89,0.020000000000000018,1.9166666666666667,24.9,-0.1999999999999993,24.933333333333334,27600.0,pH_Low,pH_Low
EXP.1,2024-03-24,15,14:00,2024-03-24 14:00:00,R3T2,T2,5.8,1.66,0.83,26.7,53.74,24.9,432.04,17.954166666666666,12.38,24.9,58.39208333333334,463.9470833333333,24.0,,,5.8,,,1.7,,,26.799999999999997,,WaterTemp_High,Normal
EXP.3,2024-05-23,3,10:00,2024-05-23 10:00:00,R3T2,T2,7.7,1.75,0.875,22.8,58.77,27.08,448.88,25.587500000000002,23.22,30.39,61.07333333333333,448.56375,24.0,7.6,0.10000000000000053,7.6000000000000005,2.8,-1.0499999999999998,2.4166666666666665,22.0,0.8000000000000007,22.833333333333332,1664.0,pH_High,Multiple_Stress
EXP.1,2024-03-18,9,10:00,2024-03-18 10:00:00,R1T2,T2,5.2,1.91,0.955,24.7,53.95,26.53,426.75,18.576249999999998,13.61,26.53,59.49125,457.72125,24.0,5.1,0.10000000000000053,5.3,1.89,0.020000000000000018,1.9166666666666667,24.9,-0.1999999999999993,24.933333333333334,27600.0,pH_Low,pH_Low
EXP.1,2024-03-26,17,10:00,2024-03-26 10:00:00,R1T2,T2,5.7,1.79,0.895,24.1,48.26,24.78,439.17,18.962083333333336,11.18,26.05,56.142500000000005,478.01416666666665,24.0,,,5.7,,,1.8,,,23.5,74420.0,Humidity_Low,Humidity_Low
EXP.1,2024-03-19,10,10:00,2024-03-19 10:00:00,R1T2,T2,5.2,1.87,0.935,25.4,54.42,26.66,437.08,18.850416666666664,12.59,28.13,59.45541666666667,459.2029166666667,24.0,5.2,0.0,5.166666666666667,1.91,-0.039999999999999813,1.89,24.7,0.6999999999999993,25.0,75050.0,pH_Low,pH_Low
EXP.1,2024-03-23,14,14:00,2024-03-23 14:00:00,R3T2,T2,,,0.0,,48.25,24.7,408.7,18.180799999999998,10.34,25.37,56.098,457.46479999999997,25.0,5.8,,5.8,1.74,,1.735,26.9,,25.950000000000003,,Humidity_Low,WaterTemp_High
EXP.1,2024-04-03,25,14:00,2024-04-03 14:00:00,R2T1,T1,6.1,1.76,,26.5,61.7,26.3,,,,,,,,5.9,0.1999999999999993,6.033333333333334,1.76,0.0,1.78,24.5,2.0,26.333333333333332,65870.0,WaterTemp_High,Multiple_Stress
EXP.2,2024-04-16,4,10:00,2024-04-16 10:00:00,R3T1,T1,7.0,1.33,0.665,24.3,57.77,28.28,485.7,24.50857142857143,19.07,28.57,57.79714285714285,455.0364285714286,14.0,7.1,-0.09999999999999964,6.966666666666666,1.95,-0.6199999999999999,1.7266666666666666,20.6,3.6999999999999993,21.0,7750.0,Normal,Multiple_Stress
EXP.3,2024-06-09,20,14:00,2024-06-09 14:00:00,R1T1,T1,6.1,2.68,1.34,23.7,58.81,27.94,420.01,25.879583333333333,23.42,28.86,65.02166666666666,441.12166666666667,24.0,6.1,0.0,6.1,2.75,-0.06999999999999984,2.7100000000000004,21.9,1.8000000000000007,23.633333333333336,,EC_High,EC_High
EXP.1,2024-03-10,1,14:00,2024-03-10 14:00:00,R3T1,T1,6.9,1.56,0.78,22.3,47.64,24.74,410.58,20.493846153846157,13.26,25.27,50.81230769230769,429.5115384615384,13.0,,,6.9,,,1.56,,,22.3,48300.0,Humidity_Low,Humidity_Low
EXP.1,2024-03-18,9,10:00,2024-03-18 10:00:00,R1T2,T2,5.2,1.91,0.955,24.7,53.95,26.53,426.75,18.576249999999998,13.61,26.53,59.49125,457.72125,24.0,5.1,0.10000000000000053,5.3,1.89,0.020000000000000018,1.9166666666666667,24.9,-0.1999999999999993,24.933333333333334,27600.0,pH_Low,pH_Low
EXP.1,2024-03-26,17,10:00,2024-03-26 10:00:00,R2T2,T2,6.0,1.83,0.915,21.4,48.26,24.78,439.17,18.962083333333336,11.18,26.05,56.142500000000005,478.01416666666665,24.0,,,5.95,,,1.8250000000000002,,,21.7,74420.0,Humidity_Low,Humidity_Low
EXP.2,2024-05-08,26,10:00,2024-05-08 10:00:00,R2T2,T2,6.4,2.53,1.265,18.1,54.99,25.36,440.29,19.66208333333333,15.98,25.36,55.39083333333334,451.8008333333333,24.0,6.0,0.40000000000000036,6.3999999999999995,2.48,0.04999999999999982,2.5033333333333334,19.1,-1.0,18.033333333333335,25600.0,EC_High,Normal
EXP.3,2024-06-17,28,10:00,2024-06-17 10:00:00,R2T2,T2,7.6,2.86,1.43,21.2,61.52,25.28,450.88,25.07375,22.48,27.5,63.709583333333335,456.3416666666667,24.0,7.6,0.0,7.566666666666666,2.83,0.029999999999999805,2.893333333333333,23.4,-2.1999999999999993,25.333333333333332,,Multiple_Stress,Multiple_Stress
EXP.1,2024-03-12,3,14:00,2024-03-12 14:00:00,R1T2,T2,5.4,1.98,0.99,25.4,50.59,22.78,404.6,17.968125,11.27,25.45,57.156875,432.4475,16.0,5.4,0.0,5.4,1.98,0.0,1.9666666666666668,21.4,4.0,23.099999999999998,45190.0,pH_Low,Normal
EXP.2,2024-04-28,16,10:00,2024-04-28 10:00:00,R2T2,T2,5.9,2.3,1.15,26.4,60.98,24.4,462.26,22.252499999999998,18.61,27.42,61.467083333333335,463.61291666666665,24.0,5.9,0.0,5.9,2.3,0.0,2.3,26.5,-0.10000000000000142,25.066666666666666,25030.0,WaterTemp_High,WaterTemp_High
EXP.2,2024-04-19,7,14:00,2024-04-19 14:00:00,R1T1,T1,6.1,1.8,0.9,27.8,50.41,26.37,425.01,22.238333333333333,17.55,28.12,58.35375,454.3254166666666,24.0,6.3,-0.20000000000000018,6.3999999999999995,1.78,0.020000000000000018,1.7766666666666666,24.7,3.1000000000000014,26.100000000000005,,WaterTemp_High,Normal
EXP.1,2024-04-04,26,14:00,2024-04-04 14:00:00,R3T1,T1,6.0,1.66,,28.1,46.64,25.53,419.54,25.20266666666667,17.74,37.27,50.618,444.90333333333336,15.0,6.4,-0.40000000000000036,6.233333333333333,1.53,0.1299999999999999,1.5733333333333335,26.6,1.5,26.566666666666666,69530.0,Multiple_Stress,
EXP.1,2024-03-22,13,10:00,2024-03-22 10:00:00,R1T2,T2,5.6,1.8,0.9,23.5,51.07,23.71,427.19,18.142083333333336,10.66,25.6,57.46875,456.0833333333333,24.0,5.6,0.0,5.6,1.8,0.0,1.8,24.7,-1.1999999999999993,22.799999999999997,,Normal,Humidity_Low
EXP.3,2024-05-23,3,14:00,2024-05-23 14:00:00,R3T1,T1,7.3,2.0,1.0,23.8,54.77,27.05,431.44,25.587500000000002,23.22,30.39,61.07333333333333,448.56375,24.0,7.2,0.09999999999999964,7.2,1.75,0.25,2.0999999999999996,22.5,1.3000000000000007,22.599999999999998,33360.0,pH_High,pH_High
EXP.3,2024-06-18,29,10:00,2024-06-18 10:00:00,R2T1,T1,7.7,3.46,1.73,22.2,64.8,26.89,454.87,25.60875,23.2,28.48,65.8225,452.4554166666667,24.0,7.4,0.2999999999999998,7.5,3.53,-0.06999999999999984,3.4599999999999995,22.6,-0.40000000000000213,21.966666666666665,,Multiple_Stress,
EXP.3,2024-05-23,3,14:00,2024-05-23 14:00:00,R2T1,T1,7.0,2.54,1.27,23.9,54.77,27.05,431.44,25.587500000000002,23.22,30.39,61.07333333333333,448.56375,24.0,6.9,0.09999999999999964,7.033333333333334,2.32,0.2200000000000002,2.4966666666666666,22.2,1.6999999999999993,22.599999999999998,33360.0,EC_High,Normal
EXP.2,2024-04-23,11,14:00,2024-04-23 14:00:00,R2T2,T2,5.7,2.3,1.15,28.0,45.63,29.8,419.25,24.49625,17.34,34.79,53.95791666666667,456.20625,24.0,5.6,0.10000000000000053,5.733333333333333,2.29,0.009999999999999787,2.2899999999999996,24.8,3.1999999999999993,26.166666666666668,6212.0,Multiple_Stress,Multiple_Stress
EXP.2,2024-04-19,7,14:00,2024-04-19 14:00:00,R3T2,T2,6.9,2.25,1.125,27.6,50.41,26.37,425.01,22.238333333333333,17.55,28.12,58.35375,454.3254166666666,24.0,5.8,1.1000000000000005,6.333333333333333,2.27,-0.020000000000000018,2.24,25.8,1.8000000000000007,26.666666666666668,,WaterTemp_High,Normal
EXP.3,2024-05-21,1,14:00,2024-05-21 14:00:00,R3T1,T1,7.5,2.13,1.065,22.3,53.42,27.65,426.63,25.346666666666668,22.29,27.7,59.06458333333333,450.37083333333334,24.0,7.6,-0.09999999999999964,7.55,2.6,-0.4700000000000002,2.365,21.3,1.0,21.8,,pH_High,Multiple_Stress
EXP.3,2024-06-13,24,14:00,2024-06-13 14:00:00,R3T2,T2,7.2,2.94,1.47,24.5,57.17,30.33,437.98,26.022916666666664,22.96,30.33,65.69125,447.28833333333336,24.0,7.3,-0.09999999999999964,7.25,3.13,-0.18999999999999995,3.073333333333333,,,24.0,23550.0,Multiple_Stress,Multiple_Stress
EXP.2,2024-04-26,14,14:00,2024-04-26 14:00:00,R1T1,T1,6.0,1.75,0.875,26.2,55.75,23.24,436.06,22.731739130434786,18.97,27.27,60.44869565217391,453.9904347826087,23.0,6.0,0.0,6.0,1.75,0.0,1.7533333333333332,23.6,2.599999999999998,25.599999999999998,46260.0,WaterTemp_High,Normal
EXP.2,2024-05-12,30,14:00,2024-05-12 14:00:00,R1T1,T1,7.1,1.76,0.88,22.5,54.47,24.42,427.85,21.3575,17.48,25.23,59.34791666666666,446.99291666666664,24.0,7.1,0.0,6.8999999999999995,1.75,0.010000000000000009,1.7499999999999998,19.8,2.6999999999999993,21.8,3090.0,pH_High,
EXP.1,2024-03-12,3,14:00,2024-03-12 14:00:00,R1T2,T2,5.4,1.98,0.99,25.4,50.59,22.78,404.6,17.968125,11.27,25.45,57.156875,432.4475,16.0,5.4,0.0,5.4,1.98,0.0,1.9666666666666668,21.4,4.0,23.099999999999998,45190.0,pH_Low,Normal
EXP.3,2024-05-22,2,10:00,2024-05-22 10:00:00,R3T2,T2,7.6,2.8,1.4,22.0,58.98,26.31,442.47,25.58583333333333,23.05,28.88,60.81166666666667,445.5541666666666,24.0,7.5,0.09999999999999964,7.6000000000000005,2.7,0.09999999999999964,2.733333333333333,23.7,-1.6999999999999993,22.46666666666667,1944.0,Multiple_Stress,pH_High
EXP.2,2024-04-27,15,14:00,2024-04-27 14:00:00,R3T1,T1,6.0,1.72,0.86,26.4,56.15,23.47,437.55,22.160416666666666,18.46,26.74,61.01666666666667,458.7083333333333,24.0,6.0,0.0,5.966666666666666,1.73,-0.010000000000000009,1.7299999999999998,22.2,4.199999999999999,25.03333333333333,29810.0,WaterTemp_High,Normal
EXP.2,2024-04-14,2,14:00,2024-04-14 14:00:00,R3T2,T2,7.1,2.2,1.1,21.2,64.2,25.3,,,,,,,,6.9,0.1999999999999993,7.0,2.13,0.07000000000000028,2.143333333333333,19.2,2.0,19.8,12720.0,pH_High,Normal
EXP.2,2024-05-02,20,14:00,2024-05-02 14:00:00,R1T2,T2,6.6,1.81,0.905,21.7,57.49,24.52,446.11,22.66875,19.23,25.25,63.38916666666666,458.70166666666665,24.0,6.3,0.2999999999999998,6.466666666666666,2.34,-0.5299999999999998,2.1966666666666668,23.5,-1.8000000000000007,22.733333333333334,3030.0,Normal,Normal
EXP.1,2024-03-24,15,14:00,2024-03-24 14:00:00,R3T2,T2,5.8,1.66,0.83,26.7,53.74,24.9,432.04,17.954166666666666,12.38,24.9,58.39208333333334,463.9470833333333,24.0,,,5.8,,,1.7,,,26.799999999999997,,WaterTemp_High,Normal
EXP.3,2024-06-10,21,10:00,2024-06-10 10:00:00,R2T1,T1,6.2,3.1,1.55,21.2,66.53,27.37,481.77,25.564166666666665,23.01,29.41,66.66666666666667,453.6458333333333,24.0,6.4,-0.20000000000000018,6.300000000000001,3.04,0.06000000000000005,3.063333333333333,23.7,-2.5,22.266666666666666,,EC_High,EC_High
EXP.2,2024-05-12,30,10:00,2024-05-12 10:00:00,R1T1,T1,7.1,1.75,0.875,19.8,58.0,23.38,443.59,21.3575,17.48,25.23,59.34791666666666,446.99291666666664,24.0,6.5,0.5999999999999996,6.7,1.74,0.010000000000000009,1.7599999999999998,23.1,-3.3000000000000007,20.566666666666666,33100.0,pH_High,pH_High
EXP.1,2024-03-22,13,10:00,2024-03-22 10:00:00,R3T2,T2,5.8,1.73,0.865,25.0,51.07,23.71,427.19,18.142083333333336,10.66,25.6,57.46875,456.0833333333333,24.0,5.9,-0.10000000000000053,5.866666666666667,1.74,-0.010000000000000009,1.7333333333333334,25.3,-0.3000000000000007,23.566666666666666,,Normal,Multiple_Stress
EXP.1,2024-03-20,11,10:00,2024-03-20 10:00:00,R3T1,T1,5.3,2.01,1.005,23.6,51.46,22.97,436.88,18.465833333333332,10.63,26.32,57.98916666666667,471.80041666666665,24.0,5.5,-0.20000000000000018,5.433333333333334,1.95,0.05999999999999983,1.9766666666666666,24.3,-0.6999999999999993,23.900000000000002,36200.0,pH_Low,Normal
EXP.3,2024-05-21,1,10:00,2024-05-21 10:00:00,R3T1,T1,7.6,2.6,1.3,21.3,56.85,27.24,457.03,25.346666666666668,22.29,27.7,59.06458333333333,450.37083333333334,24.0,,,7.6,,,2.6,,,21.3,,Multiple_Stress,pH_High
EXP.3,2024-05-23,3,14:00,2024-05-23 14:00:00,R2T2,T2,7.7,2.2,1.1,24.1,54.77,27.05,431.44,25.587500000000002,23.22,30.39,61.07333333333333,448.56375,24.0,7.6,0.10000000000000053,7.666666666666667,1.76,0.44000000000000017,2.1533333333333333,22.5,1.6000000000000014,22.599999999999998,33360.0,pH_High,pH_High
EXP.3,2024-06-17,28,10:00,2024-06-17 10:00:00,R2T2,T2,7.6,2.86,1.43,21.2,61.52,25.28,450.88,25.07375,22.48,27.5,63.709583333333335,456.3416666666667,24.0,7.6,0.0,7.566666666666666,2.83,0.029999999999999805,2.893333333333333,23.4,-2.1999999999999993,25.333333333333332,,Multiple_Stress,Multiple_Stress
EXP.2,2024-04-18,6,10:00,2024-04-18 10:00:00,R1T2,T2,6.7,2.17,1.085,25.0,50.42,27.31,443.69,23.874166666666667,19.62,28.26,56.20291666666666,448.48291666666665,24.0,6.2,0.5,6.6000000000000005,1.91,0.26,1.99,26.9,-1.8999999999999986,25.633333333333336,,Normal,Humidity_Low
EXP.1,2024-03-20,11,10:00,2024-03-20 10:00:00,R3T1,T1,5.3,2.01,1.005,23.6,51.46,22.97,436.88,18.465833333333332,10.63,26.32,57.98916666666667,471.80041666666665,24.0,5.5,-0.20000000000000018,5.433333333333334,1.95,0.05999999999999983,1.9766666666666666,24.3,-0.6999999999999993,23.900000000000002,36200.0,pH_Low,Normal
EXP.3,2024-06-12,23,10:00,2024-06-12 10:00:00,R3T1,T1,,3.09,1.545,22.7,63.9,26.44,450.86,24.946250000000003,21.88,28.31,65.50083333333333,451.4566666666667,24.0,6.8,,6.8,3.09,0.0,3.0866666666666664,24.5,-1.8000000000000007,23.266666666666666,26830.0,EC_High,Multiple_Stress
EXP.3,2024-06-10,21,14:00,2024-06-10 14:00:00,R2T1,T1,6.5,3.02,1.51,24.9,60.1,28.96,436.92,25.564166666666665,23.01,29.41,66.66666666666667,453.6458333333333,24.0,6.2,0.2999999999999998,6.366666666666667,3.1,-0.08000000000000007,3.0533333333333332,21.2,3.6999999999999993,23.266666666666666,,EC_High,EC_High
EXP.3,2024-06-10,21,14:00,2024-06-10 14:00:00,R1T2,T2,7.0,2.77,1.385,24.1,60.1,28.96,436.92,25.564166666666665,23.01,29.41,66.66666666666667,453.6458333333333,24.0,6.7,0.2999999999999998,6.8,2.77,0.0,2.766666666666666,21.0,3.1000000000000014,22.8,,EC_High,Multiple_Stress
EXP.2,2024-04-14,2,14:00,2024-04-14 14:00:00,R1T2,T2,7.1,2.2,1.1,20.7,64.2,25.3,,,,,,,,6.8,0.2999999999999998,6.833333333333333,1.9,0.30000000000000027,2.186666666666667,18.1,2.599999999999998,19.033333333333335,12720.0,pH_High,Normal
EXP.2,2024-04-28,16,14:00,2024-04-28 14:00:00,R2T2,T2,5.9,2.3,1.15,26.4,56.07,24.15,442.47,22.252499999999998,18.61,27.42,61.467083333333335,463.61291666666665,24.0,5.9,0.0,5.9,2.3,0.0,2.3,26.4,0.0,26.433333333333334,32660.0,WaterTemp_High,Normal
EXP.1,2024-03-12,3,10:00,2024-03-12 10:00:00,R1T2,T2,5.4,1.98,0.99,21.4,50.18,23.12,411.77,17.968125,11.27,25.45,57.156875,432.4475,16.0,5.4,0.0,5.466666666666666,1.94,0.040000000000000036,1.9533333333333331,22.5,-1.1000000000000014,20.833333333333332,60540.0,pH_Low,pH_Low
EXP.3,2024-06-09,20,14:00,2024-06-09 14:00:00,R1T1,T1,6.1,2.68,1.34,23.7,58.81,27.94,420.01,25.879583333333333,23.42,28.86,65.02166666666666,441.12166666666667,24.0,6.1,0.0,6.1,2.75,-0.06999999999999984,2.7100000000000004,21.9,1.8000000000000007,23.633333333333336,,EC_High,EC_High
